grid_id,経度,緯度,市役所からの距離_m,DEM地表種別,標高_m,最近接河川,河川からの距離_m,内水浸水ランク,内水想定浸水深,外水浸水ランク_num,外水想定浸水深,最大ランク河川
1,132.4335436,34.3848236,2000.0,地表面,0.44,天満川,363.4,02,0.20～0.49m,4,5.0～10.0m未満,天満川・太田川・旧太田川
2,132.4341969,34.3812313,1990.6,地表面,2.54,天満川,102.5,00,想定区域外,3,3.0～5.0m未満,太田川・旧太田川
3,132.4341832,34.3816817,1981.2,地表面,2.44,天満川,129.0,00,想定区域外,3,3.0～5.0m未満,天満川・太田川・旧太田川
4,132.4341694,34.3821322,1972.9,地表面,1.74,天満川,155.8,00,想定区域外,3,3.0～5.0m未満,天満川・太田川・旧太田川
5,132.4341557,34.3825827,1966.0,地表面,0.74,天満川,183.0,00,想定区域外,4,5.0～10.0m未満,旧太田川
6,132.4341419,34.3830331,1960.2,地表面,0.84,天満川,210.2,01,0.01～0.19m,4,5.0～10.0m未満,太田川・旧太田川
7,132.4341282,34.3834836,1955.8,地表面,1.34,天満川,238.4,00,想定区域外,3,3.0～5.0m未満,天満川・太田川・旧太田川
8,132.4341144,34.3839341,1952.6,地表面,0.94,天満川,265.9,01,0.01～0.19m,3,3.0～5.0m未満,天満川・太田川・旧太田川
9,132.4341007,34.3843845,1950.6,地表面,1.14,天満川,293.4,01,0.01～0.19m,4,5.0～10.0m未満,旧太田川
10,132.4340869,34.384835,1950.0,地表面,0.64,天満川,323.8,02,0.20～0.49m,4,5.0～10.0m未満,天満川・太田川・旧太田川
11,132.4340732,34.3852855,1950.6,地表面,1.04,天満川,325.8,00,想定区域外,4,5.0～10.0m未満,天満川・太田川・旧太田川
12,132.4340594,34.3857359,1952.6,地表面,1.04,天満川,333.1,01,0.01～0.19m,4,5.0～10.0m未満,天満川・太田川・旧太田川
13,132.4340457,34.3861864,1955.8,地表面,1.14,天満川,344.9,01,0.01～0.19m,4,5.0～10.0m未満,天満川・太田川・旧太田川
14,132.4340319,34.3866368,1960.2,地表面,1.04,天満川,362.2,01,0.01～0.19m,4,5.0～10.0m未満,天満川・太田川・旧太田川
15,132.4340182,34.3870873,1966.0,地表面,1.14,天満川,384.0,01,0.01～0.19m,4,5.0～10.0m未満,天満川・太田川・旧太田川
16,132.4340044,34.3875378,1972.9,地表面,0.74,天満川,409.9,02,0.20～0.49m,4,5.0～10.0m未満,天満川・太田川・旧太田川
17,132.4339907,34.3879882,1981.2,地表面,1.14,天満川,439.3,02,0.20～0.49m,4,5.0～10.0m未満,天満川・太田川・旧太田川
18,132.4339769,34.3884387,1990.6,地表面,1.24,天満川,471.2,01,0.01～0.19m,4,5.0～10.0m未満,天満川・太田川・旧太田川
19,132.4347952,34.3794408,1992.5,内水面,0.44,天満川,45.4,00,想定区域外,0,想定区域外,
20,132.4347815,34.3798913,1978.0,内水面,0.44,天満川,19.1,00,想定区域外,0,想定区域外,
21,132.4347677,34.3803417,1964.7,内水面,0.44,天満川,7.1,00,想定区域外,0,想定区域外,
22,132.434754,34.3807922,1952.6,内水面,0.44,天満川,33.6,00,想定区域外,0,想定区域外,
23,132.4347403,34.3812427,1941.6,内水面,0.44,天満川,60.1,00,想定区域外,0,想定区域外,
24,132.4347265,34.3816931,1932.0,地表面,4.44,天満川,86.7,00,想定区域外,0,想定区域外,
25,132.4347128,34.3821436,1923.5,地表面,2.24,天満川,113.9,00,想定区域外,3,3.0～5.0m未満,天満川・太田川・旧太田川
26,132.434699,34.3825941,1916.4,地表面,1.44,天満川,141.0,00,想定区域外,3,3.0～5.0m未満,天満川・太田川・旧太田川
27,132.4346853,34.3830445,1910.5,地表面,1.24,天満川,168.9,00,想定区域外,4,5.0～10.0m未満,太田川・旧太田川
28,132.4346715,34.383495,1905.9,地表面,0.84,天満川,196.8,01,0.01～0.19m,4,5.0～10.0m未満,太田川・旧太田川
29,132.4346578,34.3839455,1902.6,地表面,1.24,天満川,223.7,00,想定区域外,3,3.0～5.0m未満,天満川・太田川・旧太田川
30,132.434644,34.3843959,1900.7,地表面,1.34,天満川,253.7,00,想定区域外,3,3.0～5.0m未満,天満川・太田川・旧太田川
31,132.4346303,34.3848464,1900.0,地表面,1.04,天満川,273.8,01,0.01～0.19m,4,5.0～10.0m未満,天満川・太田川・旧太田川
32,132.4346165,34.3852969,1900.7,地表面,1.14,天満川,276.1,01,0.01～0.19m,3,3.0～5.0m未満,天満川・太田川・旧太田川
33,132.4346028,34.3857473,1902.6,地表面,0.94,天満川,284.1,01,0.01～0.19m,4,5.0～10.0m未満,天満川・太田川・旧太田川
34,132.434589,34.3861978,1905.9,地表面,0.94,天満川,297.5,01,0.01～0.19m,4,5.0～10.0m未満,天満川・太田川・旧太田川
35,132.4345753,34.3866482,1910.5,地表面,1.04,天満川,316.5,01,0.01～0.19m,4,5.0～10.0m未満,天満川・太田川・旧太田川
36,132.4345615,34.3870987,1916.4,地表面,1.04,天満川,341.0,02,0.20～0.49m,4,5.0～10.0m未満,天満川・太田川・旧太田川
37,132.4345478,34.3875492,1923.5,地表面,0.84,天満川,369.1,02,0.20～0.49m,4,5.0～10.0m未満,天満川・太田川・旧太田川
38,132.434534,34.3879996,1932.0,地表面,0.84,天満川,400.6,02,0.20～0.49m,4,5.0～10.0m未満,天満川・太田川・旧太田川
39,132.4345203,34.3884501,1941.6,地表面,1.34,天満川,435.1,01,0.01～0.19m,4,5.0～10.0m未満,天満川・太田川・旧太田川
40,132.4345065,34.3889006,1952.6,地表面,0.94,天満川,472.2,01,0.01～0.19m,4,5.0～10.0m未満,天満川・太田川・旧太田川
41,132.4344928,34.389351,1964.7,地表面,1.44,天満川,510.7,00,想定区域外,4,5.0～10.0m未満,天満川・太田川・旧太田川
42,132.434479,34.3898015,1978.0,地表面,1.74,天満川,550.8,00,想定区域外,4,5.0～10.0m未満,天満川・太田川・旧太田川
43,132.4344653,34.390252,1992.5,地表面,1.94,天満川,591.8,00,想定区域外,4,5.0～10.0m未満,天満川・太田川・旧太田川
44,132.4353798,34.3781008,1996.2,地表面,0.64,天満川,170.0,01,0.01～0.19m,3,3.0～5.0m未満,天満川・太田川・旧太田川
45,132.435366,34.3785513,1978.0,地表面,0.74,天満川,141.3,01,0.01～0.19m,2,0.5～3.0m未満,天満川・太田川・旧太田川
46,132.4353523,34.3790017,1960.9,地表面,1.64,天満川,114.2,00,想定区域外,2,0.5～3.0m未満,天満川・太田川・旧太田川
47,132.4353386,34.3794522,1944.9,地表面,4.44,天満川,87.9,00,想定区域外,0,想定区域外,
48,132.4353248,34.3799027,1930.0,内水面,0.44,天満川,61.7,00,想定区域外,0,想定区域外,
49,132.4353111,34.3803531,1916.4,内水面,0.44,天満川,35.3,00,想定区域外,0,想定区域外,
50,132.4352973,34.3808036,1903.9,内水面,0.44,天満川,8.8,00,想定区域外,0,想定区域外,
51,132.4352836,34.3812541,1892.7,内水面,0.44,天満川,17.7,00,想定区域外,0,想定区域外,
52,132.4352698,34.3817045,1882.8,内水面,0.44,天満川,44.7,00,想定区域外,0,想定区域外,
53,132.4352561,34.382155,1874.2,地表面,2.64,天満川,71.9,00,想定区域外,3,3.0～5.0m未満,天満川・太田川・旧太田川
54,132.4352424,34.3826055,1866.8,地表面,2.04,天満川,99.3,00,想定区域外,3,3.0～5.0m未満,天満川・太田川・旧太田川
55,132.4352286,34.3830559,1860.8,地表面,1.04,天満川,127.6,00,想定区域外,3,3.0～5.0m未満,天満川・太田川・旧太田川
56,132.4352149,34.3835064,1856.1,地表面,0.94,天満川,154.6,00,想定区域外,3,3.0～5.0m未満,天満川・太田川・旧太田川
57,132.4352011,34.3839569,1852.7,地表面,1.04,天満川,183.4,01,0.01～0.19m,3,3.0～5.0m未満,天満川・太田川・旧太田川
58,132.4351874,34.3844073,1850.7,地表面,0.94,天満川,216.1,01,0.01～0.19m,4,5.0～10.0m未満,太田川・旧太田川
59,132.4351736,34.3848578,1850.0,地表面,1.24,天満川,223.8,00,想定区域外,3,3.0～5.0m未満,天満川・太田川・旧太田川
60,132.4351599,34.3853082,1850.7,地表面,1.34,天満川,226.5,00,想定区域外,4,5.0～10.0m未満,太田川・旧太田川
61,132.4351461,34.3857587,1852.7,地表面,0.94,天満川,235.3,01,0.01～0.19m,4,5.0～10.0m未満,天満川・太田川・旧太田川
62,132.4351324,34.3862092,1856.1,地表面,1.04,天満川,250.8,01,0.01～0.19m,4,5.0～10.0m未満,天満川・太田川・旧太田川
63,132.4351186,34.3866596,1860.8,地表面,1.24,天満川,272.4,00,想定区域外,4,5.0～10.0m未満,天満川・太田川・旧太田川
64,132.4351049,34.3871101,1866.8,地表面,1.04,天満川,299.1,01,0.01～0.19m,4,5.0～10.0m未満,天満川・太田川・旧太田川
65,132.4350911,34.3875606,1874.2,地表面,0.94,天満川,330.1,02,0.20～0.49m,4,5.0～10.0m未満,天満川・太田川・旧太田川
66,132.4350774,34.388011,1882.8,地表面,1.14,天満川,364.4,01,0.01～0.19m,4,5.0～10.0m未満,天満川・太田川・旧太田川
67,132.4350637,34.3884615,1892.7,地表面,1.04,天満川,401.6,02,0.20～0.49m,4,5.0～10.0m未満,天満川・太田川・旧太田川
68,132.4350499,34.388912,1903.9,地表面,1.54,天満川,440.7,00,想定区域外,4,5.0～10.0m未満,天満川・太田川・旧太田川
69,132.4350362,34.3893624,1916.4,地表面,1.34,天満川,481.0,00,想定区域外,4,5.0～10.0m未満,天満川・太田川・旧太田川
70,132.4350224,34.3898129,1930.0,地表面,1.64,天満川,522.4,00,想定区域外,4,5.0～10.0m未満,天満川・太田川・旧太田川
71,132.4350087,34.3902634,1944.9,地表面,2.44,天満川,563.8,00,想定区域外,3,3.0～5.0m未満,天満川・太田川・旧太田川
72,132.4349949,34.3907138,1960.9,地表面,2.24,天満川,605.3,00,想定区域外,3,3.0～5.0m未満,天満川・太田川・旧太田川
73,132.4349812,34.3911643,1978.0,地表面,1.44,太田川,600.2,01,0.01～0.19m,4,5.0～10.0m未満,天満川・太田川・旧太田川
74,132.4349674,34.3916147,1996.2,地表面,2.04,太田川,574.0,00,想定区域外,4,5.0～10.0m未満,天満川・太田川・旧太田川
75,132.4359506,34.3772113,1990.6,地表面,0.44,天満川,268.2,02,0.20～0.49m,3,3.0～5.0m未満,天満川・太田川・旧太田川
76,132.4359368,34.3776617,1969.8,地表面,0.44,天満川,239.6,01,0.01～0.19m,3,3.0～5.0m未満,天満川・太田川・旧太田川
77,132.4359231,34.3781122,1950.0,地表面,0.74,天満川,211.0,02,0.20～0.49m,3,3.0～5.0m未満,天満川・太田川・旧太田川
78,132.4359093,34.3785627,1931.3,地表面,0.64,天満川,183.0,01,0.01～0.19m,3,3.0～5.0m未満,天満川・太田川・旧太田川
79,132.4358956,34.3790131,1913.8,地表面,0.64,天満川,156.8,01,0.01～0.19m,3,3.0～5.0m未満,天満川・太田川・旧太田川
80,132.4358819,34.3794636,1897.4,地表面,0.84,天満川,130.5,01,0.01～0.19m,3,3.0～5.0m未満,天満川・太田川・旧太田川
81,132.4358681,34.3799141,1882.2,地表面,2.54,天満川,104.2,00,想定区域外,3,3.0～5.0m未満,天満川
82,132.4358544,34.3803645,1868.2,地表面,4.44,天満川,77.7,00,想定区域外,0,想定区域外,
83,132.4358406,34.380815,1855.4,内水面,0.44,天満川,51.2,00,想定区域外,0,想定区域外,
84,132.4358269,34.3812655,1843.9,内水面,0.44,天満川,24.4,00,想定区域外,0,想定区域外,
85,132.4358132,34.3817159,1833.7,内水面,0.44,天満川,2.7,00,想定区域外,0,想定区域外,
86,132.4357994,34.3821664,1824.8,内水面,0.44,天満川,29.9,00,想定区域外,0,想定区域外,
87,132.4357857,34.3826169,1817.3,地表面,2.64,天満川,58.1,00,想定区域外,2,0.5～3.0m未満,天満川・太田川・旧太田川
88,132.4357719,34.3830673,1811.1,地表面,2.84,天満川,85.6,01,0.01～0.19m,3,3.0～5.0m未満,太田川・旧太田川
89,132.4357582,34.3835178,1806.2,地表面,1.74,天満川,113.4,00,想定区域外,3,3.0～5.0m未満,天満川・太田川・旧太田川
90,132.4357445,34.3839682,1802.8,地表面,1.24,天満川,145.4,01,0.01～0.19m,3,3.0～5.0m未満,天満川・太田川・旧太田川
91,132.4357307,34.3844187,1800.7,地表面,1.34,天満川,174.2,00,想定区域外,3,3.0～5.0m未満,天満川・太田川・旧太田川
92,132.435717,34.3848692,1800.0,地表面,1.34,天満川,173.8,00,想定区域外,3,3.0～5.0m未満,天満川・太田川・旧太田川
93,132.4357032,34.3853196,1800.7,地表面,0.94,天満川,177.0,02,0.20～0.49m,4,5.0～10.0m未満,天満川・太田川・旧太田川
94,132.4356895,34.3857701,1802.8,地表面,0.94,天満川,186.8,01,0.01～0.19m,4,5.0～10.0m未満,天満川・太田川・旧太田川
95,132.4356757,34.3862206,1806.2,地表面,0.94,天満川,204.7,02,0.20～0.49m,4,5.0～10.0m未満,天満川・太田川・旧太田川
96,132.435662,34.386671,1811.1,地表面,1.54,天満川,229.6,00,想定区域外,4,5.0～10.0m未満,太田川・旧太田川
97,132.4356483,34.3871215,1817.3,地表面,1.54,天満川,259.7,00,想定区域外,4,5.0～10.0m未満,太田川・旧太田川
98,132.4356345,34.387572,1824.8,地表面,1.64,天満川,293.8,00,想定区域外,4,5.0～10.0m未満,天満川・太田川・旧太田川
99,132.4356208,34.3880224,1833.7,地表面,0.94,天満川,331.2,01,0.01～0.19m,4,5.0～10.0m未満,天満川・太田川・旧太田川
100,132.435607,34.3884729,1843.9,地表面,1.24,天満川,370.7,01,0.01～0.19m,4,5.0～10.0m未満,天満川・太田川・旧太田川
101,132.4355933,34.3889234,1855.4,地表面,1.04,天満川,411.5,02,0.20～0.49m,4,5.0～10.0m未満,天満川・太田川・旧太田川
102,132.4355795,34.3893738,1868.2,地表面,1.94,天満川,453.0,00,想定区域外,4,5.0～10.0m未満,天満川・太田川・旧太田川
103,132.4355658,34.3898243,1882.2,地表面,1.74,天満川,494.4,00,想定区域外,4,5.0～10.0m未満,天満川・太田川・旧太田川
104,132.435552,34.3902748,1897.4,地表面,1.94,天満川,535.8,00,想定区域外,3,3.0～5.0m未満,天満川・太田川・旧太田川
105,132.4355383,34.3907252,1913.8,地表面,2.14,天満川,577.7,00,想定区域外,3,3.0～5.0m未満,天満川・太田川・旧太田川
106,132.4355245,34.3911757,1931.3,地表面,1.34,天満川,619.5,01,0.01～0.19m,4,5.0～10.0m未満,天満川・太田川・旧太田川
107,132.4355108,34.3916261,1950.0,地表面,1.54,太田川,616.6,00,想定区域外,4,5.0～10.0m未満,天満川・太田川・旧太田川
108,132.4354971,34.3920766,1969.8,地表面,1.44,太田川,590.6,01,0.01～0.19m,4,5.0～10.0m未満,天満川・太田川・旧太田川
109,132.4354833,34.3925271,1990.6,地表面,2.34,太田川,565.1,00,想定区域外,3,3.0～5.0m未満,天満川・太田川・旧太田川
110,132.4365213,34.3763217,1991.2,地表面,0.14,天満川,366.4,02,0.20～0.49m,3,3.0～5.0m未満,天満川・太田川・旧太田川
111,132.4365076,34.3767722,1967.9,地表面,0.44,天満川,337.8,02,0.20～0.49m,3,3.0～5.0m未満,天満川・太田川・旧太田川
112,132.4364939,34.3772227,1945.5,地表面,0.44,天満川,309.2,02,0.20～0.49m,3,3.0～5.0m未満,天満川・太田川・旧太田川
113,132.4364801,34.3776731,1924.2,地表面,0.74,天満川,280.6,02,0.20～0.49m,3,3.0～5.0m未満,天満川・太田川・旧太田川
114,132.4364664,34.3781236,1903.9,地表面,0.44,天満川,252.0,02,0.20～0.49m,3,3.0～5.0m未満,天満川・太田川・旧太田川
115,132.4364527,34.3785741,1884.8,地表面,0.54,天満川,225.6,01,0.01～0.19m,3,3.0～5.0m未満,天満川・太田川・旧太田川
116,132.4364389,34.3790245,1866.8,地表面,0.84,天満川,199.3,01,0.01～0.19m,3,3.0～5.0m未満,天満川・太田川・旧太田川
117,132.4364252,34.379475,1850.0,地表面,0.44,天満川,173.0,02,0.20～0.49m,3,3.0～5.0m未満,天満川・太田川・旧太田川
118,132.4364114,34.3799255,1834.4,地表面,0.94,天満川,146.6,00,想定区域外,3,3.0～5.0m未満,天満川・太田川・旧太田川
119,132.4363977,34.3803759,1820.0,地表面,0.74,天満川,120.1,01,0.01～0.19m,3,3.0～5.0m未満,天満川・太田川・旧太田川
120,132.436384,34.3808264,1806.9,地表面,1.04,天満川,93.6,00,想定区域外,3,3.0～5.0m未満,天満川・太田川・旧太田川
121,132.4363702,34.3812768,1795.1,地表面,3.14,天満川,66.4,00,想定区域外,0,想定区域外,
122,132.4363565,34.3817273,1784.7,内水面,0.44,天満川,39.2,00,想定区域外,0,想定区域外,
123,132.4363428,34.3821778,1775.5,内水面,0.44,天満川,11.4,00,想定区域外,0,想定区域外,
124,132.436329,34.3826282,1767.8,内水面,0.44,天満川,16.6,00,想定区域外,0,想定区域外,
125,132.4363153,34.3830787,1761.4,地表面,5.14,天満川,43.5,00,想定区域外,0,想定区域外,
126,132.4363015,34.3835292,1756.4,地表面,2.94,天満川,74.7,00,想定区域外,3,3.0～5.0m未満,天満川・太田川・旧太田川
127,132.4362878,34.3839796,1752.9,地表面,1.24,天満川,109.3,01,0.01～0.19m,3,3.0～5.0m未満,天満川・太田川・旧太田川
128,132.4362741,34.3844301,1750.7,地表面,1.24,天満川,124.2,00,想定区域外,3,3.0～5.0m未満,天満川・太田川・旧太田川
129,132.4362603,34.3848806,1750.0,地表面,1.14,天満川,123.8,01,0.01～0.19m,3,3.0～5.0m未満,天満川・太田川・旧太田川
130,132.4362466,34.385331,1750.7,地表面,1.44,天満川,127.5,00,想定区域外,3,3.0～5.0m未満,天満川・太田川・旧太田川
131,132.4362328,34.3857815,1752.9,地表面,0.84,天満川,139.5,02,0.20～0.49m,4,5.0～10.0m未満,天満川・太田川・旧太田川
132,132.4362191,34.386232,1756.4,地表面,1.44,天満川,160.9,02,0.20～0.49m,4,5.0～10.0m未満,天満川・太田川・旧太田川
133,132.4362054,34.3866824,1761.4,地表面,1.54,天満川,189.4,00,想定区域外,4,5.0～10.0m未満,天満川・太田川・旧太田川
134,132.4361916,34.3871329,1767.8,地表面,1.64,天満川,223.1,00,想定区域外,4,5.0～10.0m未満,天満川・太田川・旧太田川
135,132.4361779,34.3875834,1775.5,地表面,1.04,天満川,260.8,02,0.20～0.49m,4,5.0～10.0m未満,天満川・太田川・旧太田川
136,132.4361641,34.3880338,1784.7,地表面,1.04,天満川,300.8,02,0.20～0.49m,4,5.0～10.0m未満,天満川・太田川・旧太田川
137,132.4361504,34.3884843,1795.1,地表面,1.34,天満川,342.1,01,0.01～0.19m,4,5.0～10.0m未満,天満川・太田川・旧太田川
138,132.4361367,34.3889348,1806.9,地表面,1.34,天満川,383.5,01,0.01～0.19m,4,5.0～10.0m未満,天満川・太田川・旧太田川
139,132.4361229,34.3893852,1820.0,地表面,1.74,天満川,425.0,00,想定区域外,4,5.0～10.0m未満,天満川・太田川・旧太田川
140,132.4361092,34.3898357,1834.4,地表面,1.84,天満川,466.6,00,想定区域外,4,5.0～10.0m未満,天満川・太田川・旧太田川
141,132.4360954,34.3902861,1850.0,地表面,1.74,天満川,508.5,00,想定区域外,4,5.0～10.0m未満,天満川・太田川・旧太田川
142,132.4360817,34.3907366,1866.8,地表面,1.24,天満川,550.3,02,0.20～0.49m,4,5.0～10.0m未満,天満川・太田川・旧太田川
143,132.4360679,34.3911871,1884.8,地表面,1.54,天満川,588.2,01,0.01～0.19m,4,5.0～10.0m未満,天満川・太田川・旧太田川
144,132.4360542,34.3916375,1903.9,地表面,1.54,天満川,626.0,00,想定区域外,4,5.0～10.0m未満,天満川・太田川・旧太田川
145,132.4360405,34.392088,1924.2,地表面,1.44,太田川,633.6,00,想定区域外,4,5.0～10.0m未満,天満川・太田川・旧太田川
146,132.4360267,34.3925385,1945.5,地表面,1.24,太田川,608.1,01,0.01～0.19m,4,5.0～10.0m未満,天満川・太田川・旧太田川
147,132.436013,34.3929889,1967.9,地表面,2.94,太田川,582.7,00,想定区域外,3,3.0～5.0m未満,天満川・太田川・旧太田川
148,132.4359992,34.3934394,1991.2,地表面,2.64,太田川,557.2,00,想定区域外,4,5.0～10.0m未満,天満川・太田川・旧太田川
149,132.4370921,34.3754322,1998.1,地表面,0.34,天満川,465.3,02,0.20～0.49m,3,3.0～5.0m未満,天満川・太田川・旧太田川
150,132.4370784,34.3758826,1972.3,地表面,1.04,天満川,436.1,00,想定区域外,3,3.0～5.0m未満,天満川・太田川・旧太田川
151,132.4370646,34.3763331,1947.4,地表面,0.54,天満川,407.4,02,0.20～0.49m,3,3.0～5.0m未満,天満川・太田川・旧太田川
152,132.4370509,34.3767836,1923.5,地表面,0.34,天満川,378.8,02,0.20～0.49m,3,3.0～5.0m未満,天満川・太田川・旧太田川
153,132.4370372,34.377234,1900.7,地表面,0.64,天満川,350.2,02,0.20～0.49m,3,3.0～5.0m未満,天満川・太田川・旧太田川
154,132.4370234,34.3776845,1878.8,地表面,0.64,天満川,321.6,01,0.01～0.19m,3,3.0～5.0m未満,天満川・太田川・旧太田川
155,132.4370097,34.378135,1858.1,地表面,0.64,天満川,294.4,01,0.01～0.19m,3,3.0～5.0m未満,天満川・太田川・旧太田川
156,132.436996,34.3785854,1838.5,地表面,0.34,天満川,268.1,02,0.20～0.49m,3,3.0～5.0m未満,天満川・太田川・旧太田川
157,132.4369822,34.3790359,1820.0,地表面,0.44,天満川,241.8,01,0.01～0.19m,3,3.0～5.0m未満,天満川・太田川・旧太田川
158,132.4369685,34.3794864,1802.8,地表面,0.24,天満川,215.5,02,0.20～0.49m,3,3.0～5.0m未満,天満川・太田川・旧太田川
159,132.4369548,34.3799368,1786.8,地表面,0.84,天満川,189.0,00,想定区域外,3,3.0～5.0m未満,天満川・太田川・旧太田川
160,132.436941,34.3803873,1772.0,地表面,0.74,天満川,162.5,00,想定区域外,3,3.0～5.0m未満,天満川・太田川・旧太田川
161,132.4369273,34.3808378,1758.6,地表面,0.94,天満川,135.5,02,0.20～0.49m,3,3.0～5.0m未満,天満川・太田川・旧太田川
162,132.4369136,34.3812882,1746.4,地表面,0.64,天満川,108.4,01,0.01～0.19m,3,3.0～5.0m未満,天満川・太田川・旧太田川
163,132.4368998,34.3817387,1735.7,地表面,0.94,天満川,80.9,00,想定区域外,3,3.0～5.0m未満,天満川・太田川・旧太田川
164,132.4368861,34.3821892,1726.3,地表面,4.84,天満川,52.6,00,想定区域外,0,想定区域外,
165,132.4368724,34.3826396,1718.3,内水面,0.44,天満川,25.6,00,想定区域外,0,想定区域外,
166,132.4368586,34.3830901,1711.7,内水面,0.44,天満川,4.1,00,想定区域外,0,想定区域外,
167,132.4368449,34.3835406,1706.6,内水面,0.44,天満川,39.0,00,想定区域外,0,想定区域外,
168,132.4368312,34.383991,1702.9,地表面,2.84,天満川,65.4,00,想定区域外,0,想定区域外,
169,132.4368174,34.3844415,1700.7,地表面,2.94,天満川,74.2,00,想定区域外,0,想定区域外,
170,132.4368037,34.384892,1700.0,地表面,1.44,天満川,73.8,00,想定区域外,3,3.0～5.0m未満,天満川・太田川・旧太田川
171,132.4367899,34.3853424,1700.7,地表面,2.94,天満川,78.1,01,0.01～0.19m,3,3.0～5.0m未満,天満川・太田川・旧太田川
172,132.4367762,34.3857929,1702.9,地表面,2.34,天満川,93.0,00,想定区域外,3,3.0～5.0m未満,天満川・太田川・旧太田川
173,132.4367625,34.3862434,1706.6,地表面,1.14,天満川,119.2,01,0.01～0.19m,4,5.0～10.0m未満,天満川・太田川・旧太田川
174,132.4367487,34.3866938,1711.7,地表面,1.04,天満川,152.4,00,想定区域外,4,5.0～10.0m未満,天満川・太田川・旧太田川
175,132.436735,34.3871443,1718.3,地表面,1.74,天満川,190.7,02,0.20～0.49m,4,5.0～10.0m未満,天満川・太田川・旧太田川
176,132.4367213,34.3875947,1726.3,地表面,1.04,天満川,231.3,01,0.01～0.19m,4,5.0～10.0m未満,天満川・太田川・旧太田川
177,132.4367075,34.3880452,1735.7,地表面,1.24,天満川,272.7,00,想定区域外,4,5.0～10.0m未満,天満川・太田川・旧太田川
178,132.4366938,34.3884957,1746.4,地表面,1.04,天満川,314.1,02,0.20～0.49m,4,5.0～10.0m未満,天満川・太田川・旧太田川
179,132.43668,34.3889461,1758.6,地表面,1.14,天満川,355.6,01,0.01～0.19m,4,5.0～10.0m未満,天満川・太田川・旧太田川
180,132.4366663,34.3893966,1772.0,地表面,1.14,天満川,397.4,02,0.20～0.49m,4,5.0～10.0m未満,天満川・太田川・旧太田川
181,132.4366526,34.3898471,1786.8,地表面,1.74,天満川,439.3,00,想定区域外,4,5.0～10.0m未満,天満川・太田川・旧太田川
182,132.4366388,34.3902975,1802.8,地表面,1.94,天満川,479.9,00,想定区域外,4,5.0～10.0m未満,天満川・太田川・旧太田川
183,132.4366251,34.390748,1820.0,地表面,1.04,天満川,517.7,02,0.20～0.49m,4,5.0～10.0m未満,天満川・太田川・旧太田川
184,132.4366113,34.3911985,1838.5,地表面,1.44,天満川,555.5,00,想定区域外,4,5.0～10.0m未満,天満川・太田川・旧太田川
185,132.4365976,34.3916489,1858.1,地表面,1.14,天満川,585.2,02,0.20～0.49m,4,5.0～10.0m未満,天満川・太田川・旧太田川
186,132.4365838,34.3920994,1878.8,地表面,1.44,天満川,596.9,01,0.01～0.19m,4,5.0～10.0m未満,天満川・太田川・旧太田川
187,132.4365701,34.3925499,1900.7,地表面,1.94,天満川,608.8,00,想定区域外,4,5.0～10.0m未満,天満川・太田川・旧太田川
188,132.4365564,34.3930003,1923.5,地表面,1.94,天満川,616.6,00,想定区域外,4,5.0～10.0m未満,天満川・太田川・旧太田川
189,132.4365426,34.3934508,1947.4,地表面,2.24,太田川,600.3,00,想定区域外,4,5.0～10.0m未満,天満川・太田川・旧太田川
190,132.4365289,34.3939013,1972.3,地表面,2.44,太田川,574.8,00,想定区域外,3,3.0～5.0m未満,天満川・太田川・旧太田川
191,132.4365151,34.3943517,1998.1,地表面,2.64,太田川,549.4,00,想定区域外,3,3.0～5.0m未満,天満川・太田川・旧太田川
192,132.4376491,34.3749931,1983.1,地表面,1.04,旧太田川,444.7,00,想定区域外,3,3.0～5.0m未満,天満川・太田川・旧太田川
193,132.4376354,34.3754436,1955.8,地表面,0.44,旧太田川,456.3,02,0.20～0.49m,3,3.0～5.0m未満,天満川・太田川・旧太田川
194,132.4376216,34.375894,1929.4,地表面,0.44,旧太田川,468.9,02,0.20～0.49m,3,3.0～5.0m未満,天満川・太田川・旧太田川
195,132.4376079,34.3763445,1903.9,地表面,0.44,天満川,448.4,02,0.20～0.49m,3,3.0～5.0m未満,天満川・太田川・旧太田川
196,132.4375942,34.376795,1879.5,地表面,0.54,天満川,419.8,01,0.01～0.19m,3,3.0～5.0m未満,天満川・太田川・旧太田川
197,132.4375805,34.3772454,1856.1,地表面,0.54,天満川,391.2,01,0.01～0.19m,3,3.0～5.0m未満,天満川・太田川・旧太田川
198,132.4375667,34.3776959,1833.7,地表面,0.34,天満川,363.2,02,0.20～0.49m,3,3.0～5.0m未満,天満川・太田川・旧太田川
199,132.437553,34.3781464,1812.5,地表面,0.54,天満川,336.9,02,0.20～0.49m,3,3.0～5.0m未満,天満川・太田川・旧太田川
200,132.4375393,34.3785968,1792.3,地表面,0.84,天満川,310.6,01,0.01～0.19m,3,3.0～5.0m未満,天満川・太田川・旧太田川
201,132.4375255,34.3790473,1773.4,地表面,0.94,天満川,284.4,01,0.01～0.19m,3,3.0～5.0m未満,天満川・太田川・旧太田川
202,132.4375118,34.3794978,1755.7,地表面,0.84,天満川,257.9,01,0.01～0.19m,3,3.0～5.0m未満,天満川・太田川・旧太田川
203,132.4374981,34.3799482,1739.3,地表面,0.44,天満川,231.4,02,0.20～0.49m,3,3.0～5.0m未満,天満川・太田川・旧太田川
204,132.4374844,34.3803987,1724.1,地表面,0.64,天満川,204.7,02,0.20～0.49m,3,3.0～5.0m未満,天満川・太田川・旧太田川
205,132.4374706,34.3808492,1710.3,地表面,0.74,天満川,177.5,02,0.20～0.49m,3,3.0～5.0m未満,天満川・太田川・旧太田川
206,132.4374569,34.3812996,1697.8,地表面,0.74,天満川,150.4,01,0.01～0.19m,3,3.0～5.0m未満,天満川・太田川・旧太田川
207,132.4374432,34.3817501,1686.7,地表面,0.84,天満川,122.2,00,想定区域外,3,3.0～5.0m未満,天満川・太田川・旧太田川
208,132.4374294,34.3822006,1677.1,地表面,1.24,天満川,94.6,00,想定区域外,3,3.0～5.0m未満,天満川・太田川・旧太田川
209,132.4374157,34.382651,1668.8,地表面,3.84,天満川,66.3,01,0.01～0.19m,0,想定区域外,
210,132.437402,34.3831015,1662.1,地表面,2.24,天満川,31.6,00,想定区域外,0,想定区域外,
211,132.4373882,34.383552,1656.8,内水面,0.44,天満川,1.8,00,想定区域外,0,想定区域外,
212,132.4373745,34.3840024,1653.0,内水面,0.44,天満川,18.1,00,想定区域外,0,想定区域外,
213,132.4373608,34.3844529,1650.8,内水面,0.44,天満川,24.2,00,想定区域外,0,想定区域外,
214,132.437347,34.3849033,1650.0,内水面,0.44,天満川,23.8,00,想定区域外,0,想定区域外,
215,132.4373333,34.3853538,1650.8,内水面,0.44,天満川,29.2,00,想定区域外,0,想定区域外,
216,132.4373196,34.3858043,1653.0,内水面,0.44,天満川,49.4,00,想定区域外,0,想定区域外,
217,132.4373058,34.3862547,1656.8,地表面,1.64,天満川,81.9,00,想定区域外,4,5.0～10.0m未満,天満川・太田川・旧太田川
218,132.4372921,34.3867052,1662.1,地表面,1.24,天満川,120.7,01,0.01～0.19m,4,5.0～10.0m未満,天満川・太田川・旧太田川
219,132.4372784,34.3871557,1668.8,地表面,1.44,天満川,161.8,01,0.01～0.19m,4,5.0～10.0m未満,天満川・太田川・旧太田川
220,132.4372646,34.3876061,1677.1,地表面,0.94,天満川,203.3,02,0.20～0.49m,4,5.0～10.0m未満,天満川・太田川・旧太田川
221,132.4372509,34.3880566,1686.7,地表面,1.14,天満川,244.7,02,0.20～0.49m,4,5.0～10.0m未満,天満川・太田川・旧太田川
222,132.4372371,34.3885071,1697.8,地表面,1.54,天満川,286.3,01,0.01～0.19m,4,5.0～10.0m未満,天満川・太田川・旧太田川
223,132.4372234,34.3889575,1710.3,地表面,1.24,天満川,328.2,02,0.20～0.49m,4,5.0～10.0m未満,天満川・太田川・旧太田川
224,132.4372097,34.389408,1724.1,地表面,1.44,天満川,370.1,02,0.20～0.49m,4,5.0～10.0m未満,天満川・太田川・旧太田川
225,132.4371959,34.3898585,1739.3,地表面,1.24,天満川,409.4,01,0.01～0.19m,4,5.0～10.0m未満,天満川・太田川・旧太田川
226,132.4371822,34.3903089,1755.7,地表面,1.04,天満川,447.2,02,0.20～0.49m,4,5.0～10.0m未満,天満川・太田川・旧太田川
227,132.4371685,34.3907594,1773.4,地表面,1.54,天満川,485.0,01,0.01～0.19m,4,5.0～10.0m未満,天満川・太田川・旧太田川
228,132.4371547,34.3912099,1792.3,地表面,1.14,天満川,523.1,02,0.20～0.49m,4,5.0～10.0m未満,天満川・太田川・旧太田川
229,132.437141,34.3916603,1812.5,地表面,1.64,天満川,536.3,00,想定区域外,4,5.0～10.0m未満,天満川・太田川・旧太田川
230,132.4371272,34.3921108,1833.7,地表面,1.74,天満川,548.5,00,想定区域外,4,5.0～10.0m未満,天満川・太田川・旧太田川
231,132.4371135,34.3925613,1856.1,地表面,2.04,天満川,559.4,00,想定区域外,4,5.0～10.0m未満,天満川・太田川・旧太田川
232,132.4370998,34.3930117,1879.5,地表面,1.74,天満川,567.3,00,想定区域外,4,5.0～10.0m未満,天満川・太田川・旧太田川
233,132.437086,34.3934622,1903.9,地表面,2.04,天満川,575.1,00,想定区域外,4,5.0～10.0m未満,天満川・太田川・旧太田川
234,132.4370723,34.3939126,1929.4,地表面,2.44,天満川,582.3,00,想定区域外,3,3.0～5.0m未満,天満川・太田川・旧太田川
235,132.4370585,34.3943631,1955.8,地表面,2.24,天満川,587.5,01,0.01～0.19m,4,5.0～10.0m未満,天満川・太田川・旧太田川
236,132.4370448,34.3948136,1983.1,地表面,2.34,太田川,569.1,01,0.01～0.19m,4,5.0～10.0m未満,天満川・太田川・旧太田川
237,132.4382198,34.3741035,2000.0,地表面,0.54,旧太田川,377.3,00,想定区域外,3,3.0～5.0m未満,天満川・太田川・旧太田川
238,132.4382061,34.374554,1970.4,地表面,1.14,旧太田川,386.4,00,想定区域外,3,3.0～5.0m未満,天満川・太田川・旧太田川
239,132.4381924,34.3750045,1941.6,地表面,0.34,旧太田川,395.7,02,0.20～0.49m,3,3.0～5.0m未満,天満川・太田川・旧太田川
240,132.4381787,34.3754549,1913.8,地表面,0.84,旧太田川,407.9,00,想定区域外,3,3.0～5.0m未満,天満川・太田川・旧太田川
241,132.4381649,34.3759054,1886.8,地表面,0.44,旧太田川,420.6,02,0.20～0.49m,3,3.0～5.0m未満,天満川・太田川・旧太田川
242,132.4381512,34.3763559,1860.8,地表面,0.44,旧太田川,433.2,02,0.20～0.49m,3,3.0～5.0m未満,天満川・太田川・旧太田川
243,132.4381375,34.3768063,1835.8,地表面,-0.16,旧太田川,446.0,03,0.50～0.99m,3,3.0～5.0m未満,天満川・太田川・旧太田川
244,132.4381238,34.3772568,1811.8,地表面,0.44,天満川,432.3,02,0.20～0.49m,3,3.0～5.0m未満,天満川・太田川・旧太田川
245,132.43811,34.3777073,1788.9,地表面,0.54,天満川,405.7,02,0.20～0.49m,3,3.0～5.0m未満,天満川・太田川・旧太田川
246,132.4380963,34.3781577,1767.1,地表面,0.34,天満川,379.5,02,0.20～0.49m,3,3.0～5.0m未満,天満川・太田川・旧太田川
247,132.4380826,34.3786082,1746.4,地表面,0.74,天満川,353.2,01,0.01～0.19m,3,3.0～5.0m未満,天満川・太田川・旧太田川
248,132.4380689,34.3790587,1727.0,地表面,0.54,天満川,326.8,02,0.20～0.49m,3,3.0～5.0m未満,天満川・太田川・旧太田川
249,132.4380551,34.3795091,1708.8,地表面,0.74,天満川,300.3,02,0.20～0.49m,3,3.0～5.0m未満,天満川・太田川・旧太田川
250,132.4380414,34.3799596,1691.9,地表面,0.34,天満川,273.8,02,0.20～0.49m,3,3.0～5.0m未満,天満川・太田川・旧太田川
251,132.4380277,34.3804101,1676.3,地表面,0.54,天満川,246.7,02,0.20～0.49m,3,3.0～5.0m未満,天満川・太田川・旧太田川
252,132.4380139,34.3808605,1662.1,地表面,0.34,天満川,219.5,02,0.20～0.49m,3,3.0～5.0m未満,天満川・太田川・旧太田川
253,132.4380002,34.381311,1649.2,地表面,0.34,天満川,191.7,02,0.20～0.49m,3,3.0～5.0m未満,天満川・太田川・旧太田川
254,132.4379865,34.3817615,1637.8,地表面,0.74,天満川,163.6,02,0.20～0.49m,3,3.0～5.0m未満,天満川・太田川・旧太田川
255,132.4379728,34.3822119,1627.9,地表面,0.64,天満川,136.6,02,0.20～0.49m,3,3.0～5.0m未満,天満川・太田川・旧太田川
256,132.437959,34.3826624,1619.4,地表面,0.64,天満川,102.2,02,0.20～0.49m,3,3.0～5.0m未満,天満川・太田川・旧太田川
257,132.4379453,34.3831129,1612.5,地表面,0.94,天満川,71.0,00,想定区域外,3,3.0～5.0m未満,天満川・太田川・旧太田川
258,132.4379316,34.3835633,1607.0,地表面,3.44,天満川,46.2,00,想定区域外,0,想定区域外,
259,132.4379178,34.3840138,1603.1,内水面,0.44,天満川,30.5,00,想定区域外,0,想定区域外,
260,132.4379041,34.3844643,1600.8,内水面,0.44,天満川,25.8,00,想定区域外,0,想定区域外,
261,132.4378904,34.3849147,1600.0,内水面,0.44,天満川,26.2,00,想定区域外,0,想定区域外,
262,132.4378766,34.3853652,1600.8,内水面,0.44,天満川,18.5,00,想定区域外,0,想定区域外,
263,132.4378629,34.3858157,1603.1,内水面,0.44,天満川,11.3,00,想定区域外,0,想定区域外,
264,132.4378492,34.3862661,1607.0,地表面,2.84,天満川,51.0,00,想定区域外,3,3.0～5.0m未満,天満川・太田川・旧太田川
265,132.4378355,34.3867166,1612.5,地表面,1.04,天満川,92.4,02,0.20～0.49m,4,5.0～10.0m未満,天満川・太田川・旧太田川
266,132.4378217,34.3871671,1619.4,地表面,1.14,天満川,133.9,02,0.20～0.49m,4,5.0～10.0m未満,天満川・太田川・旧太田川
267,132.437808,34.3876175,1627.9,地表面,1.34,天満川,175.3,01,0.01～0.19m,4,5.0～10.0m未満,天満川・太田川・旧太田川
268,132.4377943,34.388068,1637.8,地表面,1.14,天満川,217.1,02,0.20～0.49m,4,5.0～10.0m未満,天満川・太田川・旧太田川
269,132.4377805,34.3885185,1649.2,地表面,1.14,天満川,259.0,02,0.20～0.49m,4,5.0～10.0m未満,天満川・太田川・旧太田川
270,132.4377668,34.3889689,1662.1,地表面,1.04,天満川,300.9,02,0.20～0.49m,4,5.0～10.0m未満,天満川・太田川・旧太田川
271,132.4377531,34.3894194,1676.3,地表面,1.24,天満川,338.8,02,0.20～0.49m,4,5.0～10.0m未満,天満川・太田川・旧太田川
272,132.4377393,34.3898698,1691.9,地表面,1.34,天満川,376.6,02,0.20～0.49m,4,5.0～10.0m未満,天満川・太田川・旧太田川
273,132.4377256,34.3903203,1708.8,地表面,1.04,天満川,414.5,02,0.20～0.49m,4,5.0～10.0m未満,天満川・太田川・旧太田川
274,132.4377118,34.3907708,1727.0,地表面,1.04,天満川,452.8,01,0.01～0.19m,4,5.0～10.0m未満,天満川・太田川・旧太田川
275,132.4376981,34.3912212,1746.4,地表面,1.14,天満川,478.3,02,0.20～0.49m,4,5.0～10.0m未満,天満川・太田川・旧太田川
276,132.4376844,34.3916717,1767.1,地表面,1.34,天満川,487.5,01,0.01～0.19m,4,5.0～10.0m未満,天満川・太田川・旧太田川
277,132.4376706,34.3921222,1788.9,地表面,1.54,天満川,500.2,01,0.01～0.19m,4,5.0～10.0m未満,天満川・太田川・旧太田川
278,132.4376569,34.3925726,1811.8,地表面,1.74,天満川,510.0,00,想定区域外,4,5.0～10.0m未満,天満川・太田川・旧太田川
279,132.4376432,34.3930231,1835.8,地表面,1.94,天満川,517.9,00,想定区域外,4,5.0～10.0m未満,天満川・太田川・旧太田川
280,132.4376294,34.3934736,1860.8,地表面,1.64,天満川,525.7,01,0.01～0.19m,4,5.0～10.0m未満,天満川・太田川・旧太田川
281,132.4376157,34.393924,1886.8,地表面,1.84,天満川,532.6,00,想定区域外,4,5.0～10.0m未満,天満川・太田川・旧太田川
282,132.437602,34.3943745,1913.8,地表面,2.24,天満川,537.7,01,0.01～0.19m,4,5.0～10.0m未満,天満川・太田川・旧太田川
283,132.4375882,34.394825,1941.6,地表面,2.34,天満川,530.9,01,0.01～0.19m,4,5.0～10.0m未満,天満川・太田川・旧太田川
284,132.4375745,34.3952754,1970.4,地表面,2.54,天満川,517.3,00,想定区域外,4,5.0～10.0m未満,天満川・太田川・旧太田川
285,132.4375607,34.3957259,2000.0,地表面,2.54,天満川,504.7,01,0.01～0.19m,3,3.0～5.0m未満,天満川・太田川・旧太田川
286,132.4387768,34.3736645,1991.2,地表面,0.44,旧太田川,319.0,01,0.01～0.19m,3,3.0～5.0m未満,天満川・太田川・旧太田川
287,132.4387631,34.3741149,1960.2,地表面,0.64,旧太田川,328.2,01,0.01～0.19m,3,3.0～5.0m未満,天満川・太田川・旧太田川
288,132.4387494,34.3745654,1930.0,地表面,0.74,旧太田川,337.3,00,想定区域外,3,3.0～5.0m未満,天満川・太田川・旧太田川
289,132.4387357,34.3750159,1900.7,地表面,0.34,旧太田川,346.9,02,0.20～0.49m,3,3.0～5.0m未満,天満川・太田川・旧太田川
290,132.438722,34.3754663,1872.2,地表面,0.14,旧太田川,359.5,02,0.20～0.49m,3,3.0～5.0m未満,天満川・太田川・旧太田川
291,132.4387082,34.3759168,1844.6,地表面,0.24,旧太田川,372.2,02,0.20～0.49m,3,3.0～5.0m未満,天満川・太田川・旧太田川
292,132.4386945,34.3763673,1818.0,地表面,0.64,旧太田川,384.9,01,0.01～0.19m,3,3.0～5.0m未満,天満川・太田川・旧太田川
293,132.4386808,34.3768177,1792.3,地表面,0.34,旧太田川,397.7,02,0.20～0.49m,3,3.0～5.0m未満,天満川・太田川・旧太田川
294,132.4386671,34.3772682,1767.8,地表面,0.54,旧太田川,410.5,02,0.20～0.49m,3,3.0～5.0m未満,天満川・太田川・旧太田川
295,132.4386533,34.3777187,1744.3,地表面,0.64,旧太田川,423.4,00,想定区域外,3,3.0～5.0m未満,天満川・太田川・旧太田川
296,132.4386396,34.3781691,1721.9,地表面,0.44,天満川,422.0,02,0.20～0.49m,3,3.0～5.0m未満,天満川・太田川・旧太田川
297,132.4386259,34.3786196,1700.7,地表面,0.44,天満川,395.7,02,0.20～0.49m,3,3.0～5.0m未満,天満川・太田川・旧太田川
298,132.4386122,34.3790701,1680.8,地表面,0.74,天満川,369.2,01,0.01～0.19m,3,3.0～5.0m未満,天満川・太田川・旧太田川
299,132.4385984,34.3795205,1662.1,地表面,0.74,天満川,342.7,01,0.01～0.19m,3,3.0～5.0m未満,天満川・太田川・旧太田川
300,132.4385847,34.379971,1644.7,地表面,0.54,天満川,315.8,02,0.20～0.49m,3,3.0～5.0m未満,天満川・太田川・旧太田川
301,132.438571,34.3804215,1628.6,地表面,0.44,天満川,288.6,02,0.20～0.49m,3,3.0～5.0m未満,天満川・太田川・旧太田川
302,132.4385573,34.3808719,1614.0,地表面,0.64,天満川,261.2,02,0.20～0.49m,3,3.0～5.0m未満,天満川・太田川・旧太田川
303,132.4385435,34.3813224,1600.8,地表面,0.74,天満川,232.9,02,0.20～0.49m,3,3.0～5.0m未満,天満川・太田川・旧太田川
304,132.4385298,34.3817729,1589.0,地表面,0.74,天満川,205.8,01,0.01～0.19m,3,3.0～5.0m未満,天満川・太田川・旧太田川
305,132.4385161,34.3822233,1578.8,地表面,0.44,天満川,172.9,02,0.20～0.49m,3,3.0～5.0m未満,天満川・太田川・旧太田川
306,132.4385024,34.3826738,1570.0,地表面,1.04,天満川,140.5,02,0.20～0.49m,3,3.0～5.0m未満,天満川・太田川・旧太田川
307,132.4384886,34.3831243,1562.8,地表面,1.34,天満川,113.4,02,0.20～0.49m,3,3.0～5.0m未満,天満川・太田川・旧太田川
308,132.4384749,34.3835747,1557.2,地表面,1.14,天満川,92.5,00,想定区域外,3,3.0～5.0m未満,天満川・太田川・旧太田川
309,132.4384612,34.3840252,1553.2,地表面,2.54,天満川,79.6,00,想定区域外,2,0.5～3.0m未満,天満川・太田川・旧太田川
310,132.4384475,34.3844756,1550.8,地表面,2.94,天満川,75.8,00,想定区域外,2,0.5～3.0m未満,天満川・太田川・旧太田川
311,132.4384337,34.3849261,1550.0,地表面,2.34,天満川,76.2,00,想定区域外,3,3.0～5.0m未満,天満川・太田川・旧太田川
312,132.43842,34.3853766,1550.8,地表面,2.94,天満川,59.3,00,想定区域外,2,0.5～3.0m未満,天満川・太田川・旧太田川
313,132.4384063,34.385827,1553.2,内水面,0.44,天満川,18.4,00,想定区域外,0,想定区域外,
314,132.4383925,34.3862775,1557.2,内水面,0.44,天満川,23.0,00,想定区域外,0,想定区域外,
315,132.4383788,34.386728,1562.8,地表面,1.34,天満川,64.4,00,想定区域外,3,3.0～5.0m未満,天満川・太田川・旧太田川
316,132.4383651,34.3871784,1570.0,地表面,1.34,天満川,106.1,02,0.20～0.49m,4,5.0～10.0m未満,天満川・太田川・旧太田川
317,132.4383514,34.3876289,1578.8,地表面,1.14,天満川,147.9,02,0.20～0.49m,4,5.0～10.0m未満,天満川・太田川・旧太田川
318,132.4383376,34.3880794,1589.0,地表面,1.24,天満川,189.8,02,0.20～0.49m,4,5.0～10.0m未満,天満川・太田川・旧太田川
319,132.4383239,34.3885298,1600.8,地表面,1.04,天満川,230.5,02,0.20～0.49m,4,5.0～10.0m未満,天満川・太田川・旧太田川
320,132.4383102,34.3889803,1614.0,地表面,0.84,天満川,268.3,02,0.20～0.49m,4,5.0～10.0m未満,天満川・太田川・旧太田川
321,132.4382964,34.3894308,1628.6,地表面,1.14,天満川,306.1,02,0.20～0.49m,4,5.0～10.0m未満,天満川・太田川・旧太田川
322,132.4382827,34.3898812,1644.7,地表面,1.24,天満川,344.0,02,0.20～0.49m,4,5.0～10.0m未満,天満川・太田川・旧太田川
323,132.438269,34.3903317,1662.1,地表面,1.84,天満川,382.7,02,0.20～0.49m,4,5.0～10.0m未満,天満川・太田川・旧太田川
324,132.4382552,34.3907822,1680.8,地表面,1.14,天満川,423.6,02,0.20～0.49m,4,5.0～10.0m未満,天満川・太田川・旧太田川
325,132.4382415,34.3912326,1700.7,地表面,1.74,天満川,428.8,00,想定区域外,4,5.0～10.0m未満,天満川・太田川・旧太田川
326,132.4382278,34.3916831,1721.9,地表面,1.34,天満川,439.0,02,0.20～0.49m,4,5.0～10.0m未満,天満川・太田川・旧太田川
327,132.438214,34.3921336,1744.3,地表面,1.94,天満川,451.8,00,想定区域外,4,5.0～10.0m未満,天満川・太田川・旧太田川
328,132.4382003,34.392584,1767.8,地表面,1.74,天満川,460.6,01,0.01～0.19m,4,5.0～10.0m未満,天満川・太田川・旧太田川
329,132.4381866,34.3930345,1792.3,地表面,1.44,天満川,468.5,02,0.20～0.49m,4,5.0～10.0m未満,天満川・太田川・旧太田川
330,132.4381728,34.393485,1818.0,地表面,1.84,天満川,476.3,02,0.20～0.49m,4,5.0～10.0m未満,天満川・太田川・旧太田川
331,132.4381591,34.3939354,1844.6,地表面,1.94,天満川,482.8,01,0.01～0.19m,4,5.0～10.0m未満,天満川・太田川・旧太田川
332,132.4381454,34.3943859,1872.2,地表面,1.84,天満川,488.0,01,0.01～0.19m,4,5.0～10.0m未満,天満川・太田川・旧太田川
333,132.4381316,34.3948364,1900.7,地表面,2.04,天満川,483.5,00,想定区域外,4,5.0～10.0m未満,天満川・太田川・旧太田川
334,132.4381179,34.3952868,1930.0,地表面,2.44,天満川,469.1,00,想定区域外,4,5.0～10.0m未満,天満川・太田川・旧太田川
335,132.4381042,34.3957373,1960.2,地表面,3.04,天満川,456.1,00,想定区域外,3,3.0～5.0m未満,天満川・太田川・旧太田川
336,132.4380904,34.3961877,1991.2,地表面,3.24,天満川,446.2,00,想定区域外,3,3.0～5.0m未満,天満川・太田川・旧太田川
337,132.4393338,34.3732254,1984.9,地表面,0.84,旧太田川,259.1,00,想定区域外,3,3.0～5.0m未満,天満川・太田川・旧太田川
338,132.4393201,34.3736758,1952.6,地表面,0.64,旧太田川,269.9,01,0.01～0.19m,3,3.0～5.0m未満,天満川・太田川・旧太田川
339,132.4393064,34.3741263,1920.9,地表面,0.94,旧太田川,279.0,00,想定区域外,3,3.0～5.0m未満,天満川・太田川・旧太田川
340,132.4392927,34.3745768,1890.1,地表面,0.44,旧太田川,288.1,02,0.20～0.49m,3,3.0～5.0m未満,天満川・太田川・旧太田川
341,132.439279,34.3750272,1860.1,地表面,0.34,旧太田川,298.5,02,0.20～0.49m,3,3.0～5.0m未満,天満川・太田川・旧太田川
342,132.4392652,34.3754777,1831.0,地表面,0.54,旧太田川,311.1,01,0.01～0.19m,3,3.0～5.0m未満,天満川・太田川・旧太田川
343,132.4392515,34.3759282,1802.8,地表面,0.24,旧太田川,323.8,02,0.20～0.49m,3,3.0～5.0m未満,天満川・太田川・旧太田川
344,132.4392378,34.3763786,1775.5,地表面,0.24,旧太田川,336.6,03,0.50～0.99m,3,3.0～5.0m未満,天満川・太田川・旧太田川
345,132.4392241,34.3768291,1749.3,地表面,0.24,旧太田川,349.4,02,0.20～0.49m,3,3.0～5.0m未満,天満川・太田川・旧太田川
346,132.4392104,34.3772796,1724.1,地表面,0.34,旧太田川,362.2,02,0.20～0.49m,3,3.0～5.0m未満,天満川・太田川・旧太田川
347,132.4391966,34.37773,1700.0,地表面,0.54,旧太田川,375.6,02,0.20～0.49m,3,3.0～5.0m未満,天満川・太田川・旧太田川
348,132.4391829,34.3781805,1677.1,地表面,0.34,旧太田川,393.3,02,0.20～0.49m,3,3.0～5.0m未満,天満川・太田川・旧太田川
349,132.4391692,34.378631,1655.3,地表面,0.44,旧太田川,411.9,01,0.01～0.19m,3,3.0～5.0m未満,天満川・太田川・旧太田川
350,132.4391555,34.3790814,1634.8,地表面,0.74,天満川,411.6,01,0.01～0.19m,3,3.0～5.0m未満,天満川・太田川・旧太田川
351,132.4391418,34.3795319,1615.5,地表面,0.54,天満川,384.9,02,0.20～0.49m,3,3.0～5.0m未満,天満川・太田川・旧太田川
352,132.439128,34.3799824,1597.7,地表面,0.64,天満川,357.8,02,0.20～0.49m,3,3.0～5.0m未満,天満川・太田川・旧太田川
353,132.4391143,34.3804328,1581.1,地表面,0.34,天満川,330.6,03,0.50～0.99m,3,3.0～5.0m未満,天満川・太田川・旧太田川
354,132.4391006,34.3808833,1566.0,地表面,0.24,天満川,302.4,03,0.50～0.99m,3,3.0～5.0m未満,天満川・太田川・旧太田川
355,132.4390869,34.3813338,1552.4,地表面,0.34,天満川,274.9,02,0.20～0.49m,3,3.0～5.0m未満,天満川・太田川・旧太田川
356,132.4390732,34.3817842,1540.3,地表面,0.34,天満川,243.6,03,0.50～0.99m,3,3.0～5.0m未満,天満川・太田川・旧太田川
357,132.4390594,34.3822347,1529.7,地表面,0.74,天満川,210.5,01,0.01～0.19m,3,3.0～5.0m未満,天満川・太田川・旧太田川
358,132.4390457,34.3826852,1520.7,地表面,0.84,天満川,181.9,02,0.20～0.49m,3,3.0～5.0m未満,天満川・太田川・旧太田川
359,132.439032,34.3831356,1513.3,地表面,0.84,天満川,158.0,00,想定区域外,3,3.0～5.0m未満,天満川・太田川・旧太田川
360,132.4390183,34.3835861,1507.5,地表面,0.74,天満川,140.0,00,想定区域外,3,3.0～5.0m未満,天満川・太田川・旧太田川
361,132.4390045,34.3840366,1503.3,地表面,0.74,天満川,128.9,01,0.01～0.19m,3,3.0～5.0m未満,天満川・太田川・旧太田川
362,132.4389908,34.384487,1500.8,地表面,2.54,天満川,125.8,00,想定区域外,2,0.5～3.0m未満,天満川・太田川・旧太田川
363,132.4389771,34.3849375,1500.0,地表面,2.14,天満川,126.2,00,想定区域外,3,3.0～5.0m未満,天満川・太田川・旧太田川
364,132.4389634,34.385388,1500.8,地表面,2.54,天満川,87.9,00,想定区域外,3,3.0～5.0m未満,太田川
365,132.4389496,34.3858384,1503.3,地表面,2.64,天満川,46.4,00,想定区域外,3,3.0～5.0m未満,天満川・太田川・旧太田川
366,132.4389359,34.3862889,1507.5,内水面,0.44,天満川,5.0,00,想定区域外,0,想定区域外,
367,132.4389222,34.3867394,1513.3,地表面,0.44,天満川,36.9,00,想定区域外,0,想定区域外,
368,132.4389085,34.3871898,1520.7,地表面,2.84,天満川,78.7,00,想定区域外,3,3.0～5.0m未満,天満川・太田川・旧太田川
369,132.4388947,34.3876403,1529.7,地表面,2.24,天満川,120.6,00,想定区域外,3,3.0～5.0m未満,天満川・太田川・旧太田川
370,132.438881,34.3880908,1540.3,地表面,0.94,天満川,160.0,02,0.20～0.49m,4,5.0～10.0m未満,天満川・太田川・旧太田川
371,132.4388673,34.3885412,1552.4,地表面,1.34,天満川,197.8,02,0.20～0.49m,4,5.0～10.0m未満,天満川・太田川・旧太田川
372,132.4388535,34.3889917,1566.0,地表面,1.24,天満川,235.6,02,0.20～0.49m,4,5.0～10.0m未満,天満川・太田川・旧太田川
373,132.4388398,34.3894422,1581.1,地表面,1.04,天満川,273.5,01,0.01～0.19m,4,5.0～10.0m未満,天満川・太田川・旧太田川
374,132.4388261,34.3898926,1597.7,地表面,1.24,天満川,312.8,01,0.01～0.19m,4,5.0～10.0m未満,天満川・太田川・旧太田川
375,132.4388124,34.3903431,1615.5,地表面,1.44,天満川,354.2,02,0.20～0.49m,4,5.0～10.0m未満,天満川・太田川・旧太田川
376,132.4387986,34.3907935,1634.8,地表面,1.34,天満川,374.3,01,0.01～0.19m,4,5.0～10.0m未満,天満川・太田川・旧太田川
377,132.4387849,34.391244,1655.3,地表面,1.54,天満川,379.5,01,0.01～0.19m,4,5.0～10.0m未満,天満川・太田川・旧太田川
378,132.4387712,34.3916945,1677.1,地表面,1.54,天満川,390.7,00,想定区域外,4,5.0～10.0m未満,天満川・太田川・旧太田川
379,132.4387574,34.3921449,1700.0,地表面,1.54,天満川,403.4,01,0.01～0.19m,4,5.0～10.0m未満,天満川・太田川・旧太田川
380,132.4387437,34.3925954,1724.1,地表面,1.74,天満川,411.3,00,想定区域外,4,5.0～10.0m未満,天満川・太田川・旧太田川
381,132.43873,34.3930459,1749.3,地表面,1.64,天満川,419.1,01,0.01～0.19m,4,5.0～10.0m未満,天満川・太田川・旧太田川
382,132.4387162,34.3934963,1775.5,地表面,1.74,天満川,427.0,01,0.01～0.19m,4,5.0～10.0m未満,天満川・太田川・旧太田川
383,132.4387025,34.3939468,1802.8,地表面,1.44,天満川,433.1,02,0.20～0.49m,4,5.0～10.0m未満,天満川・太田川・旧太田川
384,132.4386888,34.3943973,1831.0,地表面,2.04,天満川,438.3,00,想定区域外,4,5.0～10.0m未満,天満川・太田川・旧太田川
385,132.4386751,34.3948477,1860.1,地表面,1.34,天満川,436.4,02,0.20～0.49m,4,5.0～10.0m未満,天満川・太田川・旧太田川
386,132.4386613,34.3952982,1890.1,地表面,2.74,天満川,420.9,00,想定区域外,3,3.0～5.0m未満,天満川・太田川・旧太田川
387,132.4386476,34.3957487,1920.9,地表面,3.74,天満川,407.6,00,想定区域外,3,3.0～5.0m未満,天満川・太田川・旧太田川
388,132.4386339,34.3961991,1952.6,地表面,3.04,天満川,396.9,00,想定区域外,3,3.0～5.0m未満,天満川・太田川・旧太田川
389,132.4386201,34.3966496,1984.9,地表面,2.94,天満川,390.6,01,0.01～0.19m,3,3.0～5.0m未満,天満川・太田川・旧太田川
390,132.4398908,34.3727863,1981.2,地表面,0.74,旧太田川,197.6,01,0.01～0.19m,3,3.0～5.0m未満,天満川・太田川・旧太田川
391,132.4398771,34.3732367,1947.4,地表面,0.34,旧太田川,210.9,02,0.20～0.49m,3,3.0～5.0m未満,天満川・太田川・旧太田川
392,132.4398634,34.3736872,1914.4,地表面,1.14,旧太田川,220.7,00,想定区域外,3,3.0～5.0m未満,天満川・太田川・旧太田川
393,132.4398497,34.3741377,1882.2,地表面,0.94,旧太田川,229.8,00,想定区域外,3,3.0～5.0m未満,天満川・太田川・旧太田川
394,132.439836,34.3745881,1850.7,地表面,0.64,旧太田川,239.0,01,0.01～0.19m,3,3.0～5.0m未満,天満川・太田川・旧太田川
395,132.4398223,34.3750386,1820.0,地表面,0.64,旧太田川,250.1,02,0.20～0.49m,3,3.0～5.0m未満,天満川・太田川・旧太田川
396,132.4398085,34.3754891,1790.3,地表面,0.24,旧太田川,262.8,02,0.20～0.49m,3,3.0～5.0m未満,天満川・太田川・旧太田川
397,132.4397948,34.3759395,1761.4,地表面,0.34,旧太田川,275.4,02,0.20～0.49m,3,3.0～5.0m未満,天満川・太田川・旧太田川
398,132.4397811,34.37639,1733.5,地表面,0.44,旧太田川,288.2,01,0.01～0.19m,3,3.0～5.0m未満,天満川・太田川・旧太田川
399,132.4397674,34.3768405,1706.6,地表面,0.64,旧太田川,301.0,02,0.20～0.49m,3,3.0～5.0m未満,天満川・太田川・旧太田川
400,132.4397537,34.3772909,1680.8,地表面,0.64,旧太田川,313.8,01,0.01～0.19m,3,3.0～5.0m未満,天満川・太田川・旧太田川
401,132.43974,34.3777414,1656.0,地表面,0.24,旧太田川,328.4,02,0.20～0.49m,3,3.0～5.0m未満,天満川・太田川・旧太田川
402,132.4397262,34.3781919,1632.5,地表面,0.54,旧太田川,346.9,02,0.20～0.49m,3,3.0～5.0m未満,天満川・太田川・旧太田川
403,132.4397125,34.3786423,1610.1,地表面,0.64,旧太田川,365.6,02,0.20～0.49m,3,3.0～5.0m未満,天満川・太田川・旧太田川
404,132.4396988,34.3790928,1589.0,地表面,0.74,旧太田川,387.7,01,0.01～0.19m,3,3.0～5.0m未満,天満川・太田川・旧太田川
405,132.4396851,34.3795433,1569.2,地表面,0.74,旧太田川,411.9,02,0.20～0.49m,3,3.0～5.0m未満,天満川・太田川・旧太田川
406,132.4396714,34.3799937,1550.8,地表面,0.84,天満川,399.8,01,0.01～0.19m,3,3.0～5.0m未満,天満川・太田川・旧太田川
407,132.4396576,34.3804442,1533.8,地表面,0.54,天満川,371.9,02,0.20～0.49m,3,3.0～5.0m未満,天満川・太田川・旧太田川
408,132.4396439,34.3808947,1518.2,地表面,0.94,天満川,343.9,01,0.01～0.19m,3,3.0～5.0m未満,天満川・太田川・旧太田川
409,132.4396302,34.3813451,1504.2,地表面,0.84,天満川,314.3,02,0.20～0.49m,3,3.0～5.0m未満,天満川・太田川・旧太田川
410,132.4396165,34.3817956,1491.6,地表面,0.54,天満川,280.9,02,0.20～0.49m,3,3.0～5.0m未満,天満川・太田川・旧太田川
411,132.4396028,34.3822461,1480.7,地表面,0.54,天満川,251.3,02,0.20～0.49m,3,3.0～5.0m未満,天満川・太田川・旧太田川
412,132.439589,34.3826965,1471.4,地表面,0.54,天満川,225.0,02,0.20～0.49m,3,3.0～5.0m未満,天満川・太田川・旧太田川
413,132.4395753,34.383147,1463.7,地表面,0.64,天満川,203.9,02,0.20～0.49m,3,3.0～5.0m未満,天満川・太田川・旧太田川
414,132.4395616,34.3835975,1457.7,地表面,1.04,天満川,187.9,00,想定区域外,3,3.0～5.0m未満,天満川・太田川・旧太田川
415,132.4395479,34.3840479,1453.4,地表面,0.64,天満川,178.5,01,0.01～0.19m,3,3.0～5.0m未満,天満川・太田川・旧太田川
416,132.4395342,34.3844984,1450.9,地表面,1.04,天満川,175.8,01,0.01～0.19m,3,3.0～5.0m未満,天満川・太田川・旧太田川
417,132.4395204,34.3849489,1450.0,地表面,2.54,天満川,157.3,00,想定区域外,2,0.5～3.0m未満,天満川・太田川・旧太田川
418,132.4395067,34.3853993,1450.9,地表面,2.64,天満川,115.8,00,想定区域外,2,0.5～3.0m未満,天満川・太田川・旧太田川
419,132.439493,34.3858498,1453.4,地表面,2.64,天満川,74.2,00,想定区域外,3,3.0～5.0m未満,天満川・太田川・旧太田川
420,132.4394793,34.3863003,1457.7,内水面,0.44,天満川,32.3,00,想定区域外,0,想定区域外,
421,132.4394655,34.3867507,1463.7,内水面,0.44,天満川,9.5,00,想定区域外,0,想定区域外,
422,132.4394518,34.3872012,1471.4,地表面,4.44,天満川,51.4,00,想定区域外,0,想定区域外,
423,132.4394381,34.3876517,1480.7,地表面,3.14,天満川,89.4,00,想定区域外,3,3.0～5.0m未満,天満川・太田川・旧太田川
424,132.4394244,34.3881021,1491.6,地表面,1.74,天満川,127.2,00,想定区域外,4,5.0～10.0m未満,天満川・太田川・旧太田川
425,132.4394106,34.3885526,1504.2,地表面,1.14,天満川,165.0,02,0.20～0.49m,4,5.0～10.0m未満,天満川・太田川・旧太田川
426,132.4393969,34.3890031,1518.2,地表面,1.24,天満川,203.0,02,0.20～0.49m,4,5.0～10.0m未満,天満川・太田川・旧太田川
427,132.4393832,34.3894535,1533.8,地表面,1.34,天満川,243.3,01,0.01～0.19m,4,5.0～10.0m未満,天満川・太田川・旧太田川
428,132.4393695,34.389904,1550.8,地表面,1.04,天満川,284.8,02,0.20～0.49m,4,5.0～10.0m未満,天満川・太田川・旧太田川
429,132.4393557,34.3903545,1569.2,地表面,1.24,天満川,312.7,02,0.20～0.49m,4,5.0～10.0m未満,天満川・太田川・旧太田川
430,132.439342,34.3908049,1589.0,地表面,1.24,天満川,324.4,02,0.20～0.49m,4,5.0～10.0m未満,天満川・太田川・旧太田川
431,132.4393283,34.3912554,1610.1,地表面,1.24,天満川,330.3,01,0.01～0.19m,4,5.0～10.0m未満,天満川・太田川・旧太田川
432,132.4393146,34.3917059,1632.5,地表面,1.64,天満川,342.4,00,想定区域外,4,5.0～10.0m未満,天満川・太田川・旧太田川
433,132.4393008,34.3921563,1656.0,地表面,1.54,天満川,354.0,02,0.20～0.49m,4,5.0～10.0m未満,天満川・太田川・旧太田川
434,132.4392871,34.3926068,1680.8,地表面,1.34,天満川,361.9,02,0.20～0.49m,4,5.0～10.0m未満,天満川・太田川・旧太田川
435,132.4392734,34.3930573,1706.6,地表面,1.34,天満川,369.7,02,0.20～0.49m,4,5.0～10.0m未満,天満川・太田川・旧太田川
436,132.4392597,34.3935077,1733.5,地表面,1.64,天満川,377.6,01,0.01～0.19m,4,5.0～10.0m未満,天満川・太田川・旧太田川
437,132.4392459,34.3939582,1761.4,地表面,1.74,天満川,383.4,01,0.01～0.19m,4,5.0～10.0m未満,天満川・太田川・旧太田川
438,132.4392322,34.3944087,1790.3,地表面,1.74,天満川,388.6,01,0.01～0.19m,4,5.0～10.0m未満,天満川・太田川・旧太田川
439,132.4392185,34.3948591,1820.0,地表面,1.64,天満川,389.7,01,0.01～0.19m,4,5.0～10.0m未満,天満川・太田川・旧太田川
440,132.4392047,34.3953096,1850.7,地表面,2.14,天満川,372.9,01,0.01～0.19m,4,5.0～10.0m未満,天満川・太田川・旧太田川
441,132.439191,34.39576,1882.2,地表面,2.24,天満川,359.4,00,想定区域外,4,5.0～10.0m未満,天満川・太田川・旧太田川
442,132.4391773,34.3962105,1914.4,地表面,3.04,天満川,347.7,00,想定区域外,3,3.0～5.0m未満,天満川・太田川・旧太田川
443,132.4391636,34.396661,1947.4,地表面,3.04,天満川,340.8,00,想定区域外,3,3.0～5.0m未満,天満川・太田川・旧太田川
444,132.4391498,34.3971114,1981.2,地表面,2.64,天満川,338.3,00,想定区域外,4,5.0～10.0m未満,天満川・太田川・旧太田川
445,132.4404478,34.3723472,1979.9,地表面,2.54,旧太田川,136.1,00,想定区域外,0,想定区域外,
446,132.4404341,34.3727976,1944.9,地表面,2.74,旧太田川,149.4,00,想定区域外,2,0.5～3.0m未満,天満川・太田川・旧太田川
447,132.4404204,34.3732481,1910.5,地表面,1.04,旧太田川,162.4,01,0.01～0.19m,3,3.0～5.0m未満,天満川・太田川・旧太田川
448,132.4404067,34.3736986,1876.8,地表面,2.24,旧太田川,171.6,00,想定区域外,2,0.5～3.0m未満,天満川・太田川・旧太田川
449,132.440393,34.374149,1843.9,地表面,1.34,旧太田川,180.7,00,想定区域外,2,0.5～3.0m未満,天満川・太田川・旧太田川
450,132.4403793,34.3745995,1811.8,地表面,2.04,旧太田川,189.8,00,想定区域外,2,0.5～3.0m未満,天満川・太田川・旧太田川
451,132.4403655,34.37505,1780.4,地表面,0.54,旧太田川,201.7,01,0.01～0.19m,3,3.0～5.0m未満,天満川・太田川・旧太田川
452,132.4403518,34.3755004,1750.0,地表面,0.74,旧太田川,214.4,01,0.01～0.19m,3,3.0～5.0m未満,天満川・太田川・旧太田川
453,132.4403381,34.3759509,1720.5,地表面,0.14,旧太田川,227.1,02,0.20～0.49m,3,3.0～5.0m未満,天満川・太田川・旧太田川
454,132.4403244,34.3764014,1691.9,地表面,0.54,旧太田川,239.9,02,0.20～0.49m,3,3.0～5.0m未満,天満川・太田川・旧太田川
455,132.4403107,34.3768518,1664.3,地表面,0.44,旧太田川,252.7,01,0.01～0.19m,3,3.0～5.0m未満,天満川・太田川・旧太田川
456,132.440297,34.3773023,1637.8,地表面,0.74,旧太田川,265.5,02,0.20～0.49m,3,3.0～5.0m未満,天満川・太田川・旧太田川
457,132.4402833,34.3777528,1612.5,地表面,0.24,旧太田川,281.9,02,0.20～0.49m,3,3.0～5.0m未満,天満川・太田川・旧太田川
458,132.4402695,34.3782032,1588.2,地表面,0.44,旧太田川,300.5,02,0.20～0.49m,3,3.0～5.0m未満,天満川・太田川・旧太田川
459,132.4402558,34.3786537,1565.2,地表面,0.84,旧太田川,320.3,01,0.01～0.19m,3,3.0～5.0m未満,天満川・太田川・旧太田川
460,132.4402421,34.3791042,1543.5,地表面,0.74,旧太田川,343.5,01,0.01～0.19m,3,3.0～5.0m未満,天満川・太田川・旧太田川
461,132.4402284,34.3795546,1523.2,地表面,0.54,旧太田川,369.7,02,0.20～0.49m,3,3.0～5.0m未満,天満川・太田川・旧太田川
462,132.4402147,34.3800051,1504.2,地表面,0.34,旧太田川,396.4,02,0.20～0.49m,3,3.0～5.0m未満,天満川・太田川・旧太田川
463,132.440201,34.3804556,1486.6,地表面,0.74,天満川,413.2,02,0.20～0.49m,3,3.0～5.0m未満,天満川・太田川・旧太田川
464,132.4401872,34.380906,1470.5,地表面,1.04,天満川,385.0,00,想定区域外,3,3.0～5.0m未満,天満川・太田川・旧太田川
465,132.4401735,34.3813565,1456.0,地表面,0.54,天満川,351.4,02,0.20～0.49m,3,3.0～5.0m未満,天満川・太田川・旧太田川
466,132.4401598,34.381807,1443.1,地表面,0.94,天満川,320.7,02,0.20～0.49m,3,3.0～5.0m未満,天満川・太田川・旧太田川
467,132.4401461,34.3822574,1431.8,地表面,0.74,天満川,293.4,01,0.01～0.19m,3,3.0～5.0m未満,天満川・太田川・旧太田川
468,132.4401324,34.3827079,1422.1,地表面,0.54,天満川,269.8,02,0.20～0.49m,3,3.0～5.0m未満,天満川・太田川・旧太田川
469,132.4401187,34.3831584,1414.2,地表面,0.84,天満川,250.5,02,0.20～0.49m,3,3.0～5.0m未満,天満川・太田川・旧太田川
470,132.4401049,34.3836088,1408.0,地表面,0.54,天満川,236.6,02,0.20～0.49m,3,3.0～5.0m未満,天満川・太田川・旧太田川
471,132.4400912,34.3840593,1403.6,地表面,0.84,天満川,228.2,01,0.01～0.19m,3,3.0～5.0m未満,天満川・太田川・旧太田川
472,132.4400775,34.3845098,1400.9,地表面,0.84,天満川,225.8,02,0.20～0.49m,3,3.0～5.0m未満,天満川・太田川・旧太田川
473,132.4400638,34.3849602,1400.0,地表面,1.24,天満川,185.3,01,0.01～0.19m,3,3.0～5.0m未満,天満川・太田川・旧太田川
474,132.4400501,34.3854107,1400.9,地表面,2.04,天満川,143.4,00,想定区域外,3,3.0～5.0m未満,天満川・太田川・旧太田川
475,132.4400363,34.3858612,1403.6,地表面,2.64,天満川,101.5,00,想定区域外,3,3.0～5.0m未満,天満川・太田川・旧太田川
476,132.4400226,34.3863116,1408.0,地表面,2.94,天満川,59.7,00,想定区域外,3,3.0～5.0m未満,天満川・太田川・旧太田川
477,132.4400089,34.3867621,1414.2,内水面,0.44,天満川,18.9,00,想定区域外,0,想定区域外,
478,132.4399952,34.3872126,1422.1,内水面,0.44,天満川,18.9,00,想定区域外,0,想定区域外,
479,132.4399815,34.387663,1431.8,地表面,3.74,天満川,56.7,00,想定区域外,3,3.0～5.0m未満,天満川・太田川・旧太田川
480,132.4399677,34.3881135,1443.1,地表面,2.94,天満川,94.5,00,想定区域外,3,3.0～5.0m未満,天満川・太田川・旧太田川
481,132.439954,34.388564,1456.0,地表面,2.44,天満川,132.7,00,想定区域外,3,3.0～5.0m未満,天満川・太田川・旧太田川
482,132.4399403,34.3890144,1470.5,地表面,1.34,天満川,173.9,01,0.01～0.19m,4,5.0～10.0m未満,天満川・太田川・旧太田川
483,132.4399266,34.3894649,1486.6,地表面,1.24,天満川,215.4,01,0.01～0.19m,4,5.0～10.0m未満,天満川・太田川・旧太田川
484,132.4399129,34.3899154,1504.2,地表面,1.24,天満川,247.8,02,0.20～0.49m,4,5.0～10.0m未満,天満川・太田川・旧太田川
485,132.4398991,34.3903658,1523.2,地表面,1.14,天満川,266.1,02,0.20～0.49m,4,5.0～10.0m未満,天満川・太田川・旧太田川
486,132.4398854,34.3908163,1543.5,地表面,1.24,天満川,274.4,02,0.20～0.49m,4,5.0～10.0m未満,天満川・太田川・旧太田川
487,132.4398717,34.3912668,1565.2,地表面,1.34,天満川,281.4,01,0.01～0.19m,4,5.0～10.0m未満,天満川・太田川・旧太田川
488,132.439858,34.3917172,1588.2,地表面,1.34,天満川,294.0,02,0.20～0.49m,4,5.0～10.0m未満,天満川・太田川・旧太田川
489,132.4398442,34.3921677,1612.5,地表面,1.54,天満川,304.7,01,0.01～0.19m,4,5.0～10.0m未満,天満川・太田川・旧太田川
490,132.4398305,34.3926182,1637.8,地表面,1.64,天満川,312.5,00,想定区域外,4,5.0～10.0m未満,天満川・太田川・旧太田川
491,132.4398168,34.3930686,1664.3,地表面,1.34,天満川,320.4,01,0.01～0.19m,4,5.0～10.0m未満,天満川・太田川・旧太田川
492,132.4398031,34.3935191,1691.9,地表面,1.84,天満川,328.2,00,想定区域外,4,5.0～10.0m未満,天満川・太田川・旧太田川
493,132.4397893,34.3939696,1720.5,地表面,1.94,天満川,333.6,01,0.01～0.19m,4,5.0～10.0m未満,天満川・太田川・旧太田川
494,132.4397756,34.39442,1750.0,地表面,1.94,天満川,338.8,01,0.01～0.19m,4,5.0～10.0m未満,天満川・太田川・旧太田川
495,132.4397619,34.3948705,1780.4,地表面,1.94,天満川,343.7,00,想定区域外,4,5.0～10.0m未満,天満川・太田川・旧太田川
496,132.4397482,34.395321,1811.8,地表面,1.94,天満川,325.4,01,0.01～0.19m,4,5.0～10.0m未満,天満川・太田川・旧太田川
497,132.4397344,34.3957714,1843.9,地表面,1.84,天満川,311.2,01,0.01～0.19m,4,5.0～10.0m未満,天満川・太田川・旧太田川
498,132.4397207,34.3962219,1876.8,地表面,3.54,天満川,298.6,00,想定区域外,3,3.0～5.0m未満,天満川・太田川・旧太田川
499,132.439707,34.3966724,1910.5,地表面,2.54,天満川,291.0,01,0.01～0.19m,4,5.0～10.0m未満,天満川・太田川・旧太田川
500,132.4396933,34.3971228,1944.9,地表面,2.64,天満川,288.3,02,0.20～0.49m,4,5.0～10.0m未満,天満川・太田川・旧太田川
501,132.4396795,34.3975733,1979.9,地表面,2.44,天満川,287.3,02,0.20～0.49m,4,5.0～10.0m未満,天満川・太田川・旧太田川
502,132.4410048,34.3719081,1981.2,内水面,0.44,旧太田川,74.2,00,想定区域外,0,想定区域外,
503,132.4409911,34.3723585,1944.9,内水面,0.44,旧太田川,87.9,00,想定区域外,0,想定区域外,
504,132.4409774,34.372809,1909.2,内水面,0.34,旧太田川,101.2,00,想定区域外,0,想定区域外,
505,132.4409637,34.3732595,1874.2,地表面,2.34,旧太田川,113.3,00,想定区域外,0,想定区域外,
506,132.44095,34.3737099,1839.8,地表面,3.84,旧太田川,122.4,00,想定区域外,0,想定区域外,
507,132.4409362,34.3741604,1806.2,地表面,4.64,旧太田川,131.5,00,想定区域外,0,想定区域外,
508,132.4409225,34.3746109,1773.4,地表面,1.74,旧太田川,140.8,00,想定区域外,2,0.5～3.0m未満,天満川・太田川・旧太田川
509,132.4409088,34.3750613,1741.4,地表面,0.74,旧太田川,153.4,01,0.01～0.19m,3,3.0～5.0m未満,天満川・太田川・旧太田川
510,132.4408951,34.3755118,1710.3,地表面,1.14,旧太田川,166.0,00,想定区域外,3,3.0～5.0m未満,天満川・太田川・旧太田川
511,132.4408814,34.3759623,1680.0,地表面,0.94,旧太田川,178.8,00,想定区域外,3,3.0～5.0m未満,天満川・太田川・旧太田川
512,132.4408677,34.3764128,1650.8,地表面,1.44,旧太田川,191.6,00,想定区域外,2,0.5～3.0m未満,天満川・太田川・旧太田川
513,132.440854,34.3768632,1622.5,地表面,1.44,旧太田川,204.4,00,想定区域外,3,3.0～5.0m未満,天満川・太田川・旧太田川
514,132.4408403,34.3773137,1595.3,地表面,0.44,旧太田川,217.5,02,0.20～0.49m,3,3.0～5.0m未満,天満川・太田川・旧太田川
515,132.4408266,34.3777642,1569.2,地表面,0.54,旧太田川,235.5,02,0.20～0.49m,3,3.0～5.0m未満,天満川・太田川・旧太田川
516,132.4408129,34.3782146,1544.3,地表面,0.64,旧太田川,254.1,01,0.01～0.19m,3,3.0～5.0m未満,天満川・太田川・旧太田川
517,132.4407991,34.3786651,1520.7,地表面,0.74,旧太田川,275.9,01,0.01～0.19m,3,3.0～5.0m未満,天満川・太田川・旧太田川
518,132.4407854,34.3791156,1498.3,地表面,1.24,旧太田川,300.7,00,想定区域外,3,3.0～5.0m未満,天満川・太田川・旧太田川
519,132.4407717,34.379566,1477.3,地表面,0.74,旧太田川,327.4,02,0.20～0.49m,3,3.0～5.0m未満,天満川・太田川・旧太田川
520,132.440758,34.3800165,1457.7,地表面,0.74,旧太田川,354.1,02,0.20～0.49m,3,3.0～5.0m未満,天満川・太田川・旧太田川
521,132.4407443,34.380467,1439.6,地表面,1.04,旧太田川,380.8,00,想定区域外,3,3.0～5.0m未満,天満川・太田川・旧太田川
522,132.4407306,34.3809174,1423.0,地表面,0.94,旧太田川,407.5,01,0.01～0.19m,3,3.0～5.0m未満,天満川・太田川・旧太田川
523,132.4407169,34.3813679,1408.0,地表面,0.64,天満川,390.5,02,0.20～0.49m,3,3.0～5.0m未満,天満川・太田川・旧太田川
524,132.4407031,34.3818184,1394.6,地表面,0.84,天満川,362.2,00,想定区域外,3,3.0～5.0m未満,天満川・太田川・旧太田川
525,132.4406894,34.3822688,1382.9,地表面,0.64,天満川,336.8,02,0.20～0.49m,3,3.0～5.0m未満,天満川・太田川・旧太田川
526,132.4406757,34.3827193,1373.0,地表面,0.64,天満川,315.3,01,0.01～0.19m,3,3.0～5.0m未満,天満川・太田川・旧太田川
527,132.440662,34.3831698,1364.7,地表面,0.94,天満川,298.1,01,0.01～0.19m,3,3.0～5.0m未満,天満川・太田川・旧太田川
528,132.4406483,34.3836202,1358.3,地表面,0.74,天満川,285.5,02,0.20～0.49m,3,3.0～5.0m未満,天満川・太田川・旧太田川
529,132.4406346,34.3840707,1353.7,地表面,1.04,天満川,277.9,01,0.01～0.19m,3,3.0～5.0m未満,天満川・太田川・旧太田川
530,132.4406209,34.3845212,1350.9,地表面,1.14,天満川,254.5,00,想定区域外,3,3.0～5.0m未満,天満川・太田川・旧太田川
531,132.4406071,34.3849716,1350.0,地表面,0.94,天満川,212.6,01,0.01～0.19m,3,3.0～5.0m未満,天満川・太田川・旧太田川
532,132.4405934,34.3854221,1350.9,地表面,1.04,天満川,170.7,01,0.01～0.19m,3,3.0～5.0m未満,天満川・太田川・旧太田川
533,132.4405797,34.3858726,1353.7,地表面,1.14,天満川,128.9,01,0.01～0.19m,3,3.0～5.0m未満,天満川・太田川・旧太田川
534,132.440566,34.386323,1358.3,地表面,1.64,天満川,89.4,00,想定区域外,3,3.0～5.0m未満,天満川・太田川・旧太田川
535,132.4405523,34.3867735,1364.7,地表面,3.04,天満川,51.6,00,想定区域外,2,0.5～3.0m未満,天満川・太田川・旧太田川
536,132.4405386,34.387224,1373.0,内水面,0.44,天満川,13.8,00,想定区域外,0,想定区域外,
537,132.4405248,34.3876744,1382.9,内水面,0.44,天満川,24.0,00,想定区域外,0,想定区域外,
538,132.4405111,34.3881249,1394.6,地表面,2.54,天満川,63.0,00,想定区域外,4,5.0～10.0m未満,天満川・太田川・旧太田川
539,132.4404974,34.3885754,1408.0,地表面,2.64,天満川,104.5,00,想定区域外,3,3.0～5.0m未満,天満川・太田川・旧太田川
540,132.4404837,34.3890258,1423.0,地表面,1.84,天満川,145.6,00,想定区域外,4,5.0～10.0m未満,天満川・太田川・旧太田川
541,132.44047,34.3894763,1439.6,地表面,1.64,天満川,180.7,00,想定区域外,4,5.0～10.0m未満,天満川・太田川・旧太田川
542,132.4404562,34.3899267,1457.7,地表面,1.34,天満川,201.3,00,想定区域外,4,5.0～10.0m未満,天満川・太田川・旧太田川
543,132.4404425,34.3903772,1477.3,地表面,1.14,天満川,219.1,02,0.20～0.49m,4,5.0～10.0m未満,天満川・太田川・旧太田川
544,132.4404288,34.3908277,1498.3,地表面,1.54,天満川,224.5,00,想定区域外,4,5.0～10.0m未満,天満川・太田川・旧太田川
545,132.4404151,34.3912781,1520.7,地表面,1.54,天満川,232.9,00,想定区域外,4,5.0～10.0m未満,天満川・太田川・旧太田川
546,132.4404014,34.3917286,1544.3,地表面,1.34,天満川,245.7,01,0.01～0.19m,4,5.0～10.0m未満,天満川・太田川・旧太田川
547,132.4403876,34.3921791,1569.2,地表面,1.64,天満川,255.3,01,0.01～0.19m,4,5.0～10.0m未満,天満川・太田川・旧太田川
548,132.4403739,34.3926295,1595.3,地表面,1.74,天満川,263.1,01,0.01～0.19m,4,5.0～10.0m未満,天満川・太田川・旧太田川
549,132.4403602,34.39308,1622.5,地表面,1.54,天満川,271.0,01,0.01～0.19m,4,5.0～10.0m未満,天満川・太田川・旧太田川
550,132.4403465,34.3935305,1650.8,地表面,1.74,天満川,278.7,01,0.01～0.19m,4,5.0～10.0m未満,天満川・太田川・旧太田川
551,132.4403327,34.3939809,1680.0,地表面,1.64,天満川,283.9,02,0.20～0.49m,4,5.0～10.0m未満,天満川・太田川・旧太田川
552,132.440319,34.3944314,1710.3,地表面,1.84,天満川,289.1,01,0.01～0.19m,4,5.0～10.0m未満,天満川・太田川・旧太田川
553,132.4403053,34.3948819,1741.4,地表面,2.04,天満川,294.3,01,0.01～0.19m,4,5.0～10.0m未満,天満川・太田川・旧太田川
554,132.4402916,34.3953323,1773.4,地表面,1.94,天満川,278.3,01,0.01～0.19m,4,5.0～10.0m未満,天満川・太田川・旧太田川
555,132.4402779,34.3957828,1806.2,地表面,2.34,天満川,263.0,01,0.01～0.19m,4,5.0～10.0m未満,天満川・太田川・旧太田川
556,132.4402641,34.3962333,1839.8,地表面,2.64,天満川,250.0,00,想定区域外,4,5.0～10.0m未満,天満川・太田川・旧太田川
557,132.4402504,34.3966837,1874.2,地表面,3.24,天満川,241.2,00,想定区域外,3,3.0～5.0m未満,天満川・太田川・旧太田川
558,132.4402367,34.3971342,1909.2,地表面,2.74,天満川,238.3,01,0.01～0.19m,4,5.0～10.0m未満,天満川・太田川・旧太田川
559,132.440223,34.3975847,1944.9,地表面,2.94,天満川,237.3,01,0.01～0.19m,4,5.0～10.0m未満,天満川・太田川・旧太田川
560,132.4402092,34.3980351,1981.2,地表面,3.54,天満川,240.2,00,想定区域外,3,3.0～5.0m未満,天満川・太田川・旧太田川
561,132.4415618,34.371469,1984.9,内水面,0.34,旧太田川,11.4,00,想定区域外,0,想定区域外,
562,132.4415481,34.3719194,1947.4,内水面,0.44,旧太田川,26.4,00,想定区域外,0,想定区域外,
563,132.4415344,34.3723699,1910.5,内水面,0.44,旧太田川,39.7,00,想定区域外,0,想定区域外,
564,132.4415207,34.3728204,1874.2,内水面,0.44,旧太田川,53.0,00,想定区域外,0,想定区域外,
565,132.4415069,34.3732708,1838.5,内水面,0.44,旧太田川,64.1,00,想定区域外,0,想定区域外,
566,132.4414932,34.3737213,1803.5,内水面,0.44,旧太田川,73.2,00,想定区域外,0,想定区域外,
567,132.4414795,34.3741718,1769.2,内水面,0.44,旧太田川,82.4,00,想定区域外,0,想定区域外,
568,132.4414658,34.3746222,1735.7,地表面,2.74,旧太田川,92.3,00,想定区域外,0,想定区域外,
569,132.4414521,34.3750727,1702.9,地表面,1.54,旧太田川,105.0,00,想定区域外,2,0.5～3.0m未満,天満川・太田川・旧太田川
570,132.4414384,34.3755232,1671.1,地表面,1.54,旧太田川,117.7,00,想定区域外,2,0.5～3.0m未満,天満川・太田川・旧太田川
571,132.4414247,34.3759737,1640.1,地表面,0.94,旧太田川,130.4,00,想定区域外,2,0.5～3.0m未満,天満川・太田川・旧太田川
572,132.441411,34.3764241,1610.1,地表面,1.74,旧太田川,143.2,00,想定区域外,2,0.5～3.0m未満,天満川・太田川・旧太田川
573,132.4413973,34.3768746,1581.1,地表面,2.24,旧太田川,156.0,00,想定区域外,2,0.5～3.0m未満,天満川・太田川・旧太田川
574,132.4413836,34.3773251,1553.2,地表面,0.74,旧太田川,170.5,00,想定区域外,3,3.0～5.0m未満,天満川・太田川・旧太田川
575,132.4413699,34.3777755,1526.4,地表面,0.44,旧太田川,189.1,01,0.01～0.19m,3,3.0～5.0m未満,天満川・太田川・旧太田川
576,132.4413562,34.378226,1500.8,地表面,0.94,旧太田川,208.5,01,0.01～0.19m,3,3.0～5.0m未満,天満川・太田川・旧太田川
577,132.4413425,34.3786765,1476.5,地表面,0.84,旧太田川,231.8,02,0.20～0.49m,3,3.0～5.0m未満,天満川・太田川・旧太田川
578,132.4413287,34.3791269,1453.4,地表面,1.24,旧太田川,258.4,01,0.01～0.19m,3,3.0～5.0m未満,天満川・太田川・旧太田川
579,132.441315,34.3795774,1431.8,地表面,0.34,旧太田川,285.1,03,0.50～0.99m,3,3.0～5.0m未満,天満川・太田川・旧太田川
580,132.4413013,34.3800279,1411.6,地表面,0.44,旧太田川,311.8,02,0.20～0.49m,3,3.0～5.0m未満,天満川・太田川・旧太田川
581,132.4412876,34.3804783,1392.8,地表面,0.54,旧太田川,338.5,02,0.20～0.49m,3,3.0～5.0m未満,天満川・太田川・旧太田川
582,132.4412739,34.3809288,1375.7,地表面,0.64,旧太田川,365.2,02,0.20～0.49m,3,3.0～5.0m未満,天満川・太田川・旧太田川
583,132.4412602,34.3813793,1360.1,地表面,0.94,旧太田川,391.3,00,想定区域外,3,3.0～5.0m未満,天満川・太田川・旧太田川
584,132.4412465,34.3818297,1346.3,地表面,0.74,天満川,404.9,01,0.01～0.19m,3,3.0～5.0m未満,天満川・太田川・旧太田川
585,132.4412328,34.3822802,1334.2,地表面,0.64,天満川,381.6,02,0.20～0.49m,3,3.0～5.0m未満,天満川・太田川・旧太田川
586,132.4412191,34.3827307,1323.8,地表面,0.74,天満川,361.8,01,0.01～0.19m,3,3.0～5.0m未満,天満川・太田川・旧太田川
587,132.4412053,34.3831811,1315.3,地表面,0.74,天満川,345.8,02,0.20～0.49m,3,3.0～5.0m未満,天満川・太田川・旧太田川
588,132.4411916,34.3836316,1308.6,地表面,1.04,天満川,334.5,01,0.01～0.19m,3,3.0～5.0m未満,天満川・太田川・旧太田川
589,132.4411779,34.3840821,1303.8,地表面,0.74,天満川,323.7,01,0.01～0.19m,3,3.0～5.0m未満,天満川・太田川・旧太田川
590,132.4411642,34.3845325,1301.0,地表面,1.04,天満川,281.8,01,0.01～0.19m,3,3.0～5.0m未満,天満川・太田川・旧太田川
591,132.4411505,34.384983,1300.0,地表面,0.74,天満川,239.9,01,0.01～0.19m,3,3.0～5.0m未満,天満川・太田川・旧太田川
592,132.4411368,34.3854335,1301.0,地表面,1.14,天満川,198.4,00,想定区域外,3,3.0～5.0m未満,天満川・太田川・旧太田川
593,132.4411231,34.3858839,1303.8,地表面,1.14,天満川,159.9,01,0.01～0.19m,3,3.0～5.0m未満,天満川・太田川・旧太田川
594,132.4411094,34.3863344,1308.6,地表面,1.24,天満川,122.1,00,想定区域外,3,3.0～5.0m未満,天満川・太田川・旧太田川
595,132.4410956,34.3867849,1315.3,地表面,3.44,天満川,84.3,00,想定区域外,2,0.5～3.0m未満,天満川・太田川・旧太田川
596,132.4410819,34.3872353,1323.8,地表面,3.44,天満川,46.5,00,想定区域外,0,想定区域外,
597,132.4410682,34.3876858,1334.2,内水面,0.44,天満川,6.4,00,想定区域外,0,想定区域外,
598,132.4410545,34.3881363,1346.3,地表面,4.34,天満川,35.2,00,想定区域外,0,想定区域外,
599,132.4410408,34.3885867,1360.1,地表面,2.74,天満川,75.1,00,想定区域外,3,3.0～5.0m未満,天満川・太田川・旧太田川
600,132.4410271,34.3890372,1375.7,地表面,2.34,天満川,111.1,00,想定区域外,4,5.0～10.0m未満,天満川・太田川・旧太田川
601,132.4410133,34.3894877,1392.8,地表面,1.64,天満川,136.0,01,0.01～0.19m,4,5.0～10.0m未満,天満川・太田川・旧太田川
602,132.4409996,34.3899381,1411.6,地表面,1.24,天満川,154.8,01,0.01～0.19m,4,5.0～10.0m未満,天満川・太田川・旧太田川
603,132.4409859,34.3903886,1431.8,地表面,1.14,天満川,171.7,02,0.20～0.49m,4,5.0～10.0m未満,天満川・太田川・旧太田川
604,132.4409722,34.3908391,1453.4,地表面,1.64,天満川,174.6,01,0.01～0.19m,4,5.0～10.0m未満,天満川・太田川・旧太田川
605,132.4409585,34.3912895,1476.5,地表面,1.34,天満川,184.6,02,0.20～0.49m,4,5.0～10.0m未満,天満川・太田川・旧太田川
606,132.4409448,34.39174,1500.8,地表面,1.44,天満川,197.4,00,想定区域外,4,5.0～10.0m未満,天満川・太田川・旧太田川
607,132.440931,34.3921905,1526.4,地表面,1.64,天満川,205.9,01,0.01～0.19m,4,5.0～10.0m未満,天満川・太田川・旧太田川
608,132.4409173,34.3926409,1553.2,地表面,1.64,天満川,213.7,01,0.01～0.19m,4,5.0～10.0m未満,天満川・太田川・旧太田川
609,132.4409036,34.3930914,1581.1,地表面,1.24,天満川,221.6,02,0.20～0.49m,4,5.0～10.0m未満,天満川・太田川・旧太田川
610,132.4408899,34.3935419,1610.1,地表面,1.14,天満川,229.0,03,0.50～0.99m,4,5.0～10.0m未満,天満川・太田川・旧太田川
611,132.4408762,34.3939923,1640.1,地表面,1.84,天満川,234.2,00,想定区域外,4,5.0～10.0m未満,天満川・太田川・旧太田川
612,132.4408624,34.3944428,1671.1,地表面,1.74,天満川,239.4,00,想定区域外,4,5.0～10.0m未満,天満川・太田川・旧太田川
613,132.4408487,34.3948932,1702.9,地表面,1.84,天満川,244.5,01,0.01～0.19m,4,5.0～10.0m未満,天満川・太田川・旧太田川
614,132.440835,34.3953437,1735.7,地表面,1.94,天満川,232.0,00,想定区域外,4,5.0～10.0m未満,天満川・太田川・旧太田川
615,132.4408213,34.3957942,1769.2,地表面,1.94,天満川,214.8,01,0.01～0.19m,4,5.0～10.0m未満,天満川・太田川・旧太田川
616,132.4408076,34.3962446,1803.5,地表面,2.34,天満川,201.5,00,想定区域外,4,5.0～10.0m未満,天満川・太田川・旧太田川
617,132.4407938,34.3966951,1838.5,地表面,3.14,天満川,191.6,00,想定区域外,3,3.0～5.0m未満,天満川・太田川・旧太田川
618,132.4407801,34.3971456,1874.2,地表面,3.34,天満川,188.4,00,想定区域外,4,5.0～10.0m未満,天満川・太田川・旧太田川
619,132.4407664,34.397596,1910.5,地表面,2.94,天満川,187.3,01,0.01～0.19m,4,5.0～10.0m未満,天満川・太田川・旧太田川
620,132.4407527,34.3980465,1947.4,地表面,3.24,天満川,190.7,01,0.01～0.19m,4,5.0～10.0m未満,天満川・太田川・旧太田川
621,132.4407389,34.398497,1984.9,地表面,2.54,天満川,197.8,02,0.20～0.49m,4,5.0～10.0m未満,天満川・太田川・旧太田川
622,132.4421187,34.3710299,1991.2,内水面,0.34,旧太田川,51.4,00,想定区域外,0,想定区域外,
623,132.442105,34.3714803,1952.6,内水面,0.34,旧太田川,36.2,00,想定区域外,0,想定区域外,
624,132.4420913,34.3719308,1914.4,内水面,0.34,旧太田川,21.8,00,想定区域外,0,想定区域外,
625,132.4420776,34.3723813,1876.8,内水面,0.44,旧太田川,8.5,00,想定区域外,0,想定区域外,
626,132.4420639,34.3728317,1839.8,内水面,0.44,旧太田川,4.9,00,想定区域外,0,想定区域外,
627,132.4420502,34.3732822,1803.5,内水面,0.44,旧太田川,15.0,00,想定区域外,0,想定区域外,
628,132.4420365,34.3737327,1767.8,内水面,0.44,旧太田川,24.1,00,想定区域外,0,想定区域外,
629,132.4420228,34.3741831,1732.8,内水面,0.34,旧太田川,33.2,00,想定区域外,0,想定区域外,
630,132.4420091,34.3746336,1698.5,内水面,0.44,旧太田川,44.0,00,想定区域外,0,想定区域外,
631,132.4419954,34.3750841,1665.1,内水面,0.44,旧太田川,56.6,00,想定区域外,0,想定区域外,
632,132.4419817,34.3755345,1632.5,地表面,4.14,旧太田川,69.3,00,想定区域外,0,想定区域外,
633,132.441968,34.375985,1600.8,地表面,1.94,旧太田川,82.1,00,想定区域外,0,想定区域外,
634,132.4419543,34.3764355,1570.0,地表面,2.14,旧太田川,94.9,00,想定区域外,2,0.5～3.0m未満,天満川・太田川・旧太田川
635,132.4419406,34.3768859,1540.3,地表面,1.74,旧太田川,107.7,00,想定区域外,2,0.5～3.0m未満,天満川・太田川・旧太田川
636,132.4419269,34.3773364,1511.6,地表面,1.44,旧太田川,124.1,01,0.01～0.19m,3,3.0～5.0m未満,天満川・太田川
637,132.4419132,34.3777869,1484.1,地表面,1.24,旧太田川,142.7,00,想定区域外,3,3.0～5.0m未満,天満川・太田川・旧太田川
638,132.4418995,34.3782374,1457.7,地表面,0.74,旧太田川,164.1,01,0.01～0.19m,3,3.0～5.0m未満,天満川・太田川・旧太田川
639,132.4418858,34.3786878,1432.7,地表面,0.84,旧太田川,189.4,01,0.01～0.19m,3,3.0～5.0m未満,天満川・太田川・旧太田川
640,132.4418721,34.3791383,1408.9,地表面,1.04,旧太田川,216.1,00,想定区域外,3,3.0～5.0m未満,天満川・太田川・旧太田川
641,132.4418584,34.3795888,1386.5,地表面,0.84,旧太田川,242.8,01,0.01～0.19m,3,3.0～5.0m未満,天満川・太田川・旧太田川
642,132.4418446,34.3800392,1365.7,地表面,0.64,旧太田川,269.5,01,0.01～0.19m,3,3.0～5.0m未満,天満川・太田川・旧太田川
643,132.4418309,34.3804897,1346.3,地表面,0.64,旧太田川,296.2,01,0.01～0.19m,3,3.0～5.0m未満,天満川・太田川・旧太田川
644,132.4418172,34.3809402,1328.5,地表面,0.34,旧太田川,322.8,02,0.20～0.49m,3,3.0～5.0m未満,天満川・太田川・旧太田川
645,132.4418035,34.3813906,1312.4,地表面,0.74,旧太田川,348.2,01,0.01～0.19m,3,3.0～5.0m未満,天満川・太田川・旧太田川
646,132.4417898,34.3818411,1298.1,地表面,0.74,旧太田川,373.6,01,0.01～0.19m,3,3.0～5.0m未満,天満川・太田川・旧太田川
647,132.4417761,34.3822916,1285.5,地表面,0.64,旧太田川,397.7,01,0.01～0.19m,3,3.0～5.0m未満,天満川・太田川・旧太田川
648,132.4417624,34.382742,1274.8,地表面,0.84,天満川,408.6,01,0.01～0.19m,3,3.0～5.0m未満,天満川・太田川・旧太田川
649,132.4417487,34.3831925,1265.9,地表面,0.94,天満川,394.0,00,想定区域外,3,3.0～5.0m未満,天満川・太田川・旧太田川
650,132.441735,34.383643,1259.0,地表面,0.94,天満川,383.8,01,0.01～0.19m,3,3.0～5.0m未満,天満川・太田川・旧太田川
651,132.4417213,34.3840934,1254.0,地表面,0.74,天満川,351.0,02,0.20～0.49m,3,3.0～5.0m未満,天満川・太田川・旧太田川
652,132.4417076,34.3845439,1251.0,地表面,0.94,天満川,309.1,01,0.01～0.19m,3,3.0～5.0m未満,天満川・太田川・旧太田川
653,132.4416938,34.3849944,1250.0,地表面,1.24,天満川,268.5,00,想定区域外,3,3.0～5.0m未満,天満川・太田川・旧太田川
654,132.4416801,34.3854448,1251.0,地表面,0.94,天満川,230.5,02,0.20～0.49m,3,3.0～5.0m未満,天満川・太田川・旧太田川
655,132.4416664,34.3858953,1254.0,地表面,0.94,天満川,192.7,02,0.20～0.49m,3,3.0～5.0m未満,天満川・太田川・旧太田川
656,132.4416527,34.3863458,1259.0,地表面,1.24,天満川,154.9,00,想定区域外,3,3.0～5.0m未満,天満川・太田川・旧太田川
657,132.441639,34.3867962,1265.9,地表面,1.74,天満川,117.0,00,想定区域外,3,3.0～5.0m未満,天満川・太田川・旧太田川
658,132.4416253,34.3872467,1274.8,地表面,1.84,天満川,75.7,01,0.01～0.19m,3,3.0～5.0m未満,天満川・太田川・旧太田川
659,132.4416116,34.3876972,1285.5,地表面,4.54,天満川,34.2,00,想定区域外,0,想定区域外,
660,132.4415979,34.3881476,1298.1,内水面,0.44,天満川,4.7,00,想定区域外,0,想定区域外,
661,132.4415842,34.3885981,1312.4,地表面,4.44,天満川,40.6,00,想定区域外,0,想定区域外,
662,132.4415704,34.3890486,1328.5,地表面,2.84,天満川,69.1,00,想定区域外,4,5.0～10.0m未満,天満川・太田川・旧太田川
663,132.4415567,34.389499,1346.3,地表面,2.64,天満川,90.0,00,想定区域外,4,5.0～10.0m未満,天満川・太田川・旧太田川
664,132.441543,34.3899495,1365.7,地表面,1.64,天満川,108.2,00,想定区域外,4,5.0～10.0m未満,天満川・太田川・旧太田川
665,132.4415293,34.3904,1386.5,地表面,1.34,天満川,124.0,02,0.20～0.49m,4,5.0～10.0m未満,天満川・太田川・旧太田川
666,132.4415156,34.3908504,1408.9,地表面,1.74,天満川,124.8,00,想定区域外,4,5.0～10.0m未満,天満川・太田川・旧太田川
667,132.4415019,34.3913009,1432.7,地表面,1.64,天満川,136.2,00,想定区域外,4,5.0～10.0m未満,天満川・太田川・旧太田川
668,132.4414882,34.3917514,1457.7,地表面,1.54,天満川,148.7,01,0.01～0.19m,4,5.0～10.0m未満,天満川・太田川・旧太田川
669,132.4414744,34.3922018,1484.1,地表面,1.44,天満川,156.5,02,0.20～0.49m,4,5.0～10.0m未満,天満川・太田川・旧太田川
670,132.4414607,34.3926523,1511.6,地表面,1.44,天満川,164.4,02,0.20～0.49m,4,5.0～10.0m未満,天満川・太田川・旧太田川
671,132.441447,34.3931028,1540.3,地表面,1.54,天満川,172.2,02,0.20～0.49m,4,5.0～10.0m未満,天満川・太田川・旧太田川
672,132.4414333,34.3935532,1570.0,地表面,1.44,天満川,179.3,00,想定区域外,4,5.0～10.0m未満,天満川・太田川・旧太田川
673,132.4414196,34.3940037,1600.8,地表面,2.04,天満川,184.5,00,想定区域外,4,5.0～10.0m未満,天満川・太田川・旧太田川
674,132.4414059,34.3944542,1632.5,地表面,1.94,天満川,189.6,00,想定区域外,4,5.0～10.0m未満,天満川・太田川・旧太田川
675,132.4413921,34.3949046,1665.1,地表面,1.84,天満川,194.8,01,0.01～0.19m,4,5.0～10.0m未満,天満川・太田川・旧太田川
676,132.4413784,34.3953551,1698.5,地表面,2.14,天満川,186.9,00,想定区域外,4,5.0～10.0m未満,天満川・太田川・旧太田川
677,132.4413647,34.3958056,1732.8,地表面,2.44,天満川,167.3,01,0.01～0.19m,4,5.0～10.0m未満,天満川・太田川・旧太田川
678,132.441351,34.396256,1767.8,地表面,3.64,天満川,153.3,00,想定区域外,4,5.0～10.0m未満,太田川・旧太田川
679,132.4413373,34.3967065,1803.5,地表面,4.04,天満川,142.1,00,想定区域外,3,3.0～5.0m未満,天満川・太田川・旧太田川
680,132.4413235,34.3971569,1839.8,地表面,4.24,天満川,138.4,00,想定区域外,3,3.0～5.0m未満,天満川・太田川・旧太田川
681,132.4413098,34.3976074,1876.8,地表面,3.24,天満川,137.3,00,想定区域外,4,5.0～10.0m未満,天満川・太田川・旧太田川
682,132.4412961,34.3980579,1914.4,地表面,3.04,天満川,141.1,01,0.01～0.19m,4,5.0～10.0m未満,天満川・太田川・旧太田川
683,132.4412824,34.3985083,1952.6,地表面,2.84,天満川,148.4,01,0.01～0.19m,4,5.0～10.0m未満,天満川・太田川・旧太田川
684,132.4412687,34.3989588,1991.2,地表面,3.24,天満川,159.4,00,想定区域外,4,5.0～10.0m未満,天満川・太田川・旧太田川
685,132.4426757,34.3705908,2000.0,地表面,0.24,旧太田川,114.1,00,想定区域外,0,想定区域外,
686,132.442662,34.3710412,1960.2,内水面,0.24,旧太田川,99.0,00,想定区域外,0,想定区域外,
687,132.4426483,34.3714917,1920.9,内水面,0.34,旧太田川,83.9,00,想定区域外,0,想定区域外,
688,132.4426346,34.3719422,1882.2,内水面,0.44,旧太田川,70.0,00,想定区域外,0,想定区域外,
689,132.4426209,34.3723926,1843.9,内水面,0.44,旧太田川,56.7,00,想定区域外,0,想定区域外,
690,132.4426072,34.3728431,1806.2,内水面,0.44,旧太田川,43.4,00,想定区域外,0,想定区域外,
691,132.4425935,34.3732936,1769.2,内水面,0.44,旧太田川,34.2,00,想定区域外,0,想定区域外,
692,132.4425798,34.373744,1732.8,内水面,0.44,旧太田川,25.1,00,想定区域外,0,想定区域外,
693,132.4425661,34.3741945,1697.1,内水面,0.44,旧太田川,16.0,00,想定区域外,0,想定区域外,
694,132.4425524,34.374645,1662.1,内水面,0.44,旧太田川,4.4,00,想定区域外,0,想定区域外,
695,132.4425387,34.3750954,1627.9,内水面,0.44,旧太田川,8.3,00,想定区域外,0,想定区域外,
696,132.442525,34.3755459,1594.5,内水面,0.44,旧太田川,21.0,00,想定区域外,0,想定区域外,
697,132.4425113,34.3759964,1562.0,内水面,0.44,旧太田川,33.8,00,想定区域外,0,想定区域外,
698,132.4424976,34.3764468,1530.5,内水面,0.44,旧太田川,46.6,00,想定区域外,0,想定区域外,
699,132.4424839,34.3768973,1500.0,内水面,0.44,旧太田川,59.4,00,想定区域外,0,想定区域外,
700,132.4424702,34.3773478,1470.5,地表面,3.14,旧太田川,77.7,00,想定区域外,0,想定区域外,
701,132.4424565,34.3777982,1442.2,地表面,2.44,旧太田川,96.7,00,想定区域外,2,0.5～3.0m未満,天満川・太田川・旧太田川
702,132.4424428,34.3782487,1415.1,地表面,1.14,旧太田川,120.5,00,想定区域外,3,3.0～5.0m未満,天満川・太田川・旧太田川
703,132.4424291,34.3786992,1389.2,地表面,0.94,旧太田川,147.2,00,想定区域外,3,3.0～5.0m未満,天満川・太田川・旧太田川
704,132.4424154,34.3791496,1364.7,地表面,0.64,旧太田川,173.9,01,0.01～0.19m,3,3.0～5.0m未満,天満川・太田川・旧太田川
705,132.4424017,34.3796001,1341.6,地表面,0.94,旧太田川,200.6,01,0.01～0.19m,3,3.0～5.0m未満,天満川・太田川・旧太田川
706,132.442388,34.3800506,1320.0,地表面,1.14,旧太田川,227.2,01,0.01～0.19m,3,3.0～5.0m未満,天満川・太田川・旧太田川
707,132.4423743,34.3805011,1300.0,地表面,0.74,旧太田川,253.9,02,0.20～0.49m,3,3.0～5.0m未満,天満川・太田川・旧太田川
708,132.4423606,34.3809515,1281.6,地表面,0.54,旧太田川,279.8,02,0.20～0.49m,3,3.0～5.0m未満,天満川・太田川・旧太田川
709,132.4423469,34.381402,1264.9,地表面,0.94,旧太田川,305.2,01,0.01～0.19m,3,3.0～5.0m未満,天満川・太田川・旧太田川
710,132.4423331,34.3818525,1250.0,地表面,0.74,旧太田川,330.5,01,0.01～0.19m,3,3.0～5.0m未満,天満川・太田川・旧太田川
711,132.4423194,34.3823029,1236.9,地表面,0.94,旧太田川,353.1,00,想定区域外,3,3.0～5.0m未満,天満川・太田川・旧太田川
712,132.4423057,34.3827534,1225.8,地表面,0.84,旧太田川,372.1,01,0.01～0.19m,3,3.0～5.0m未満,天満川・太田川・旧太田川
713,132.442292,34.3832039,1216.6,地表面,0.84,旧太田川,379.7,01,0.01～0.19m,3,3.0～5.0m未満,天満川・太田川・旧太田川
714,132.4422783,34.3836543,1209.3,地表面,0.94,旧太田川,389.4,01,0.01～0.19m,3,3.0～5.0m未満,天満川・太田川・旧太田川
715,132.4422646,34.3841048,1204.2,地表面,1.14,天満川,378.5,00,想定区域外,3,3.0～5.0m未満,天満川・太田川・旧太田川
716,132.4422509,34.3845553,1201.0,地表面,0.84,天満川,338.8,01,0.01～0.19m,3,3.0～5.0m未満,天満川・太田川・旧太田川
717,132.4422372,34.3850057,1200.0,地表面,0.84,天満川,301.0,01,0.01～0.19m,3,3.0～5.0m未満,天満川・太田川・旧太田川
718,132.4422235,34.3854562,1201.0,地表面,0.94,天満川,263.2,00,想定区域外,3,3.0～5.0m未満,天満川・太田川・旧太田川
719,132.4422098,34.3859067,1204.2,地表面,1.54,天満川,225.4,00,想定区域外,3,3.0～5.0m未満,天満川・太田川・旧太田川
720,132.4421961,34.3863571,1209.3,地表面,1.04,天満川,186.6,02,0.20～0.49m,3,3.0～5.0m未満,天満川・太田川・旧太田川
721,132.4421824,34.3868076,1216.6,地表面,1.24,天満川,145.1,02,0.20～0.49m,3,3.0～5.0m未満,天満川・太田川・旧太田川
722,132.4421687,34.3872581,1225.8,地表面,1.24,天満川,103.9,01,0.01～0.19m,3,3.0～5.0m未満,天満川・太田川・旧太田川
723,132.4421549,34.3877085,1236.9,地表面,2.24,天満川,65.8,00,想定区域外,3,3.0～5.0m未満,天満川・太田川・旧太田川
724,132.4421412,34.388159,1250.0,内水面,0.44,天満川,29.9,00,想定区域外,0,想定区域外,
725,132.4421275,34.3886095,1264.9,内水面,0.44,天満川,0.6,00,想定区域外,0,想定区域外,
726,132.4421138,34.3890599,1281.6,内水面,0.44,天満川,24.2,00,想定区域外,0,想定区域外,
727,132.4421001,34.3895104,1300.0,地表面,3.34,天満川,43.4,00,想定区域外,4,5.0～10.0m未満,天満川・太田川・旧太田川
728,132.4420864,34.3899609,1320.0,地表面,3.54,天満川,61.0,00,想定区域外,0,想定区域外,
729,132.4420727,34.3904113,1341.6,地表面,2.54,天満川,74.0,00,想定区域外,0,想定区域外,
730,132.442059,34.3908618,1364.7,地表面,2.64,天満川,75.3,00,想定区域外,4,5.0～10.0m未満,天満川・太田川・旧太田川
731,132.4420453,34.3913123,1389.2,地表面,2.14,天満川,87.9,00,想定区域外,4,5.0～10.0m未満,天満川・太田川・旧太田川
732,132.4420315,34.3917627,1415.1,地表面,1.64,天満川,99.3,00,想定区域外,4,5.0～10.0m未満,天満川・太田川・旧太田川
733,132.4420178,34.3922132,1442.2,地表面,1.64,天満川,107.1,01,0.01～0.19m,4,5.0～10.0m未満,天満川・太田川・旧太田川
734,132.4420041,34.3926637,1470.5,地表面,1.84,天満川,115.0,00,想定区域外,4,5.0～10.0m未満,天満川・太田川・旧太田川
735,132.4419904,34.3931141,1500.0,地表面,1.74,天満川,122.8,00,想定区域外,4,5.0～10.0m未満,天満川・太田川・旧太田川
736,132.4419767,34.3935646,1530.5,地表面,1.94,天満川,129.5,01,0.01～0.19m,4,5.0～10.0m未満,天満川・太田川・旧太田川
737,132.441963,34.3940151,1562.0,地表面,2.24,天満川,134.7,00,想定区域外,4,5.0～10.0m未満,天満川・太田川・旧太田川
738,132.4419493,34.3944655,1594.5,地表面,2.74,天満川,139.9,00,想定区域外,3,3.0～5.0m未満,天満川・太田川・旧太田川
739,132.4419356,34.394916,1627.9,地表面,2.14,天満川,145.1,00,想定区域外,4,5.0～10.0m未満,天満川・太田川・旧太田川
740,132.4419218,34.3953665,1662.1,地表面,2.04,天満川,142.7,01,0.01～0.19m,4,5.0～10.0m未満,天満川・太田川・旧太田川
741,132.4419081,34.3958169,1697.1,地表面,2.34,天満川,120.4,01,0.01～0.19m,4,5.0～10.0m未満,天満川・太田川・旧太田川
742,132.4418944,34.3962674,1732.8,地表面,4.04,天満川,105.1,00,想定区域外,3,3.0～5.0m未満,天満川・太田川・旧太田川
743,132.4418807,34.3967179,1769.2,地表面,4.14,天満川,92.8,00,想定区域外,3,3.0～5.0m未満,天満川・太田川・旧太田川
744,132.441867,34.3971683,1806.2,地表面,4.14,天満川,88.4,00,想定区域外,3,3.0～5.0m未満,天満川・太田川・旧太田川
745,132.4418533,34.3976188,1843.9,地表面,4.04,天満川,87.3,00,想定区域外,4,5.0～10.0m未満,天満川・太田川・旧太田川
746,132.4418395,34.3980693,1882.2,地表面,3.34,天満川,91.6,00,想定区域外,4,5.0～10.0m未満,天満川・太田川・旧太田川
747,132.4418258,34.3985197,1920.9,地表面,3.74,天満川,99.0,01,0.01～0.19m,4,5.0～10.0m未満,天満川・太田川・旧太田川
748,132.4418121,34.3989702,1960.2,地表面,3.54,天満川,111.4,00,想定区域外,4,5.0～10.0m未満,天満川・太田川・旧太田川
749,132.4417984,34.3994207,2000.0,地表面,3.34,天満川,130.4,00,想定区域外,4,5.0～10.0m未満,天満川・太田川・旧太田川
750,132.443219,34.3706021,1970.4,地表面,2.44,旧太田川,161.8,01,0.01～0.19m,2,0.5～3.0m未満,元安川・太田川・旧太田川
751,132.4432053,34.3710526,1930.0,地表面,2.34,旧太田川,146.7,01,0.01～0.19m,2,0.5～3.0m未満,元安川・太田川・旧太田川
752,132.4431916,34.3715031,1890.1,地表面,4.34,旧太田川,131.6,00,想定区域外,2,0.5～3.0m未満,元安川・太田川・旧太田川
753,132.4431779,34.3719535,1850.7,内水面,0.44,旧太田川,118.2,00,想定区域外,0,想定区域外,
754,132.4431642,34.372404,1811.8,内水面,0.34,旧太田川,104.9,00,想定区域外,0,想定区域外,
755,132.4431505,34.3728545,1773.4,内水面,0.44,旧太田川,92.5,00,想定区域外,0,想定区域外,
756,132.4431368,34.3733049,1735.7,内水面,0.44,旧太田川,83.4,00,想定区域外,0,想定区域外,
757,132.4431231,34.3737554,1698.5,内水面,0.44,旧太田川,74.2,00,想定区域外,0,想定区域外,
758,132.4431094,34.3742059,1662.1,内水面,0.44,旧太田川,65.1,00,想定区域外,0,想定区域外,
759,132.4430957,34.3746563,1626.3,内水面,0.44,旧太田川,52.8,00,想定区域外,0,想定区域外,
760,132.443082,34.3751068,1591.4,内水面,0.44,旧太田川,40.1,00,想定区域外,0,想定区域外,
761,132.4430683,34.3755573,1557.2,内水面,0.44,旧太田川,27.4,00,想定区域外,0,想定区域外,
762,132.4430546,34.3760077,1524.0,内水面,0.34,旧太田川,14.6,00,想定区域外,0,想定区域外,
763,132.4430409,34.3764582,1491.6,内水面,0.44,旧太田川,1.8,00,想定区域外,0,想定区域外,
764,132.4430272,34.3769087,1460.3,内水面,0.44,旧太田川,12.7,00,想定区域外,0,想定区域外,
765,132.4430135,34.3773591,1430.0,内水面,0.44,旧太田川,31.2,00,想定区域外,0,想定区域外,
766,132.4429998,34.3778096,1400.9,内水面,0.44,旧太田川,52.3,00,想定区域外,0,想定区域外,
767,132.4429861,34.3782601,1373.0,地表面,3.14,旧太田川,78.2,00,想定区域外,0,想定区域外,
768,132.4429724,34.3787105,1346.3,地表面,2.04,旧太田川,104.9,00,想定区域外,2,0.5～3.0m未満,天満川・太田川・旧太田川
769,132.4429587,34.379161,1321.0,地表面,1.24,旧太田川,131.6,00,想定区域外,3,3.0～5.0m未満,天満川・太田川・旧太田川
770,132.442945,34.3796115,1297.1,地表面,1.24,旧太田川,158.3,01,0.01～0.19m,3,3.0～5.0m未満,天満川・太田川・旧太田川
771,132.4429313,34.3800619,1274.8,地表面,1.14,旧太田川,185.0,00,想定区域外,3,3.0～5.0m未満,天満川・太田川・旧太田川
772,132.4429176,34.3805124,1254.0,地表面,0.74,旧太田川,211.3,01,0.01～0.19m,3,3.0～5.0m未満,天満川・太田川・旧太田川
773,132.4429039,34.3809629,1234.9,地表面,0.64,旧太田川,236.7,02,0.20～0.49m,3,3.0～5.0m未満,天満川・太田川・旧太田川
774,132.4428902,34.3814133,1217.6,地表面,0.84,旧太田川,262.1,01,0.01～0.19m,3,3.0～5.0m未満,天満川・太田川・旧太田川
775,132.4428765,34.3818638,1202.1,地表面,0.84,旧太田川,285.9,01,0.01～0.19m,3,3.0～5.0m未満,天満川・太田川・旧太田川
776,132.4428628,34.3823143,1188.5,地表面,0.94,旧太田川,308.5,01,0.01～0.19m,3,3.0～5.0m未満,天満川・太田川・旧太田川
777,132.4428491,34.3827648,1176.9,地表面,0.94,旧太田川,322.7,01,0.01～0.19m,3,3.0～5.0m未満,天満川・太田川・旧太田川
778,132.4428354,34.3832152,1167.3,地表面,0.74,旧太田川,330.3,01,0.01～0.19m,3,3.0～5.0m未満,天満川・太田川・旧太田川
779,132.4428217,34.3836657,1159.7,地表面,1.14,旧太田川,340.6,02,0.20～0.49m,3,3.0～5.0m未満,天満川・太田川・旧太田川
780,132.442808,34.3841162,1154.3,地表面,1.24,旧太田川,351.7,00,想定区域外,3,3.0～5.0m未満,天満川・太田川・旧太田川
781,132.4427943,34.3845666,1151.1,地表面,1.14,旧太田川,358.3,00,想定区域外,3,3.0～5.0m未満,天満川・太田川・旧太田川
782,132.4427806,34.3850171,1150.0,地表面,1.64,天満川,333.7,01,0.01～0.19m,3,3.0～5.0m未満,天満川・太田川・旧太田川
783,132.4427668,34.3854676,1151.1,地表面,1.04,天満川,295.9,02,0.20～0.49m,3,3.0～5.0m未満,天満川・太田川・旧太田川
784,132.4427531,34.385918,1154.3,地表面,0.74,天満川,256.0,02,0.20～0.49m,3,3.0～5.0m未満,天満川・太田川・旧太田川
785,132.4427394,34.3863685,1159.7,地表面,1.24,天満川,214.5,01,0.01～0.19m,3,3.0～5.0m未満,天満川・太田川・旧太田川
786,132.4427257,34.386819,1167.3,地表面,1.24,天満川,174.4,02,0.20～0.49m,3,3.0～5.0m未満,天満川・太田川・旧太田川
787,132.442712,34.3872694,1176.9,地表面,1.24,天満川,136.4,02,0.20～0.49m,3,3.0～5.0m未満,天満川・太田川・旧太田川
788,132.4426983,34.3877199,1188.5,地表面,1.54,天満川,100.4,00,想定区域外,3,3.0～5.0m未満,天満川・太田川・旧太田川
789,132.4426846,34.3881704,1202.1,地表面,2.44,天満川,69.0,00,想定区域外,3,3.0～5.0m未満,天満川・太田川・旧太田川
790,132.4426709,34.3886208,1217.6,地表面,4.54,天満川,42.6,00,想定区域外,0,想定区域外,
791,132.4426572,34.3890713,1234.9,内水面,0.44,天満川,21.4,00,想定区域外,0,想定区域外,
792,132.4426435,34.3895218,1254.0,内水面,0.44,天満川,3.1,00,想定区域外,0,想定区域外,
793,132.4426298,34.3899722,1274.8,内水面,0.44,天満川,13.6,00,想定区域外,0,想定区域外,
794,132.4426161,34.3904227,1297.1,内水面,0.44,天満川,24.0,00,想定区域外,0,想定区域外,
795,132.4426024,34.3908732,1321.0,内水面,0.44,天満川,26.8,00,想定区域外,0,想定区域外,
796,132.4425887,34.3913236,1346.3,内水面,0.54,天満川,39.6,00,想定区域外,0,想定区域外,
797,132.4425749,34.3917741,1373.0,地表面,4.34,天満川,49.9,00,想定区域外,0,想定区域外,
798,132.4425612,34.3922246,1400.9,地表面,2.74,天満川,57.8,00,想定区域外,3,3.0～5.0m未満,天満川・太田川・旧太田川
799,132.4425475,34.392675,1430.0,地表面,3.34,天満川,65.6,00,想定区域外,4,5.0～10.0m未満,天満川・太田川・旧太田川
800,132.4425338,34.3931255,1460.3,地表面,2.54,天満川,73.5,00,想定区域外,4,5.0～10.0m未満,天満川・太田川・旧太田川
801,132.4425201,34.393576,1491.6,地表面,1.94,天満川,79.8,00,想定区域外,4,5.0～10.0m未満,天満川・太田川・旧太田川
802,132.4425064,34.3940264,1524.0,地表面,3.34,天満川,85.0,00,想定区域外,3,3.0～5.0m未満,天満川・太田川・旧太田川
803,132.4424927,34.3944769,1557.2,地表面,2.24,天満川,90.2,00,想定区域外,4,5.0～10.0m未満,天満川・太田川・旧太田川
804,132.442479,34.3949274,1591.4,地表面,2.64,天満川,95.3,00,想定区域外,4,5.0～10.0m未満,天満川・太田川・旧太田川
805,132.4424653,34.3953778,1626.3,地表面,2.44,天満川,97.9,00,想定区域外,4,5.0～10.0m未満,天満川・太田川・旧太田川
806,132.4424515,34.3958283,1662.1,地表面,2.54,天満川,75.1,00,想定区域外,4,5.0～10.0m未満,天満川・太田川・旧太田川
807,132.4424378,34.3962788,1698.5,地表面,4.14,天満川,56.9,00,想定区域外,4,5.0～10.0m未満,天満川・太田川・旧太田川
808,132.4424241,34.3967292,1735.7,地表面,4.44,天満川,43.8,04,1.00m以上,0,想定区域外,
809,132.4424104,34.3971797,1773.4,地表面,0.64,天満川,38.4,00,想定区域外,0,想定区域外,
810,132.4423967,34.3976302,1811.8,内水面,0.54,天満川,37.3,00,想定区域外,0,想定区域外,
811,132.442383,34.3980806,1850.7,地表面,4.04,天満川,42.1,00,想定区域外,0,想定区域外,
812,132.4423693,34.3985311,1890.1,地表面,4.34,天満川,50.2,01,0.01～0.19m,0,想定区域外,
813,132.4423556,34.3989816,1930.0,地表面,3.64,天満川,64.2,01,0.01～0.19m,4,5.0～10.0m未満,天満川・太田川・旧太田川
814,132.4423418,34.399432,1970.4,地表面,4.04,天満川,87.4,00,想定区域外,4,5.0～10.0m未満,天満川・太田川・旧太田川
815,132.4437759,34.370163,1983.1,地表面,2.34,旧太田川,224.6,01,0.01～0.19m,2,0.5～3.0m未満,元安川・太田川・旧太田川
816,132.4437622,34.3706135,1941.6,地表面,2.34,旧太田川,209.5,01,0.01～0.19m,2,0.5～3.0m未満,元安川・太田川・旧太田川
817,132.4437485,34.3710639,1900.7,地表面,2.44,旧太田川,194.3,00,想定区域外,2,0.5～3.0m未満,元安川・太田川・旧太田川
818,132.4437348,34.3715144,1860.1,地表面,2.54,旧太田川,179.7,00,想定区域外,2,0.5～3.0m未満,元安川・太田川・旧太田川
819,132.4437211,34.3719649,1820.0,地表面,2.54,旧太田川,166.4,00,想定区域外,2,0.5～3.0m未満,元安川・太田川・旧太田川
820,132.4437074,34.3724153,1780.4,地表面,2.94,旧太田川,153.0,00,想定区域外,2,0.5～3.0m未満,元安川・太田川・旧太田川
821,132.4436938,34.3728658,1741.4,地表面,2.64,旧太田川,141.6,00,想定区域外,3,3.0～5.0m未満,元安川・太田川・旧太田川
822,132.4436801,34.3733163,1702.9,地表面,1.14,旧太田川,132.5,00,想定区域外,2,0.5～3.0m未満,元安川・太田川・旧太田川
823,132.4436664,34.3737668,1665.1,地表面,4.64,旧太田川,123.4,00,想定区域外,0,想定区域外,
824,132.4436527,34.3742172,1627.9,地表面,2.34,旧太田川,113.8,00,想定区域外,2,0.5～3.0m未満,元安川・太田川・旧太田川
825,132.443639,34.3746677,1591.4,地表面,2.74,旧太田川,101.1,00,想定区域外,2,0.5～3.0m未満,元安川・太田川・旧太田川
826,132.4436253,34.3751182,1555.6,地表面,2.44,旧太田川,88.5,00,想定区域外,2,0.5～3.0m未満,元安川・太田川・旧太田川
827,132.4436116,34.3755686,1520.7,地表面,2.14,旧太田川,75.7,00,想定区域外,0,想定区域外,
828,132.4435979,34.3760191,1486.6,内水面,0.44,旧太田川,62.9,00,想定区域外,0,想定区域外,
829,132.4435842,34.3764696,1453.4,内水面,0.44,旧太田川,50.1,00,想定区域外,0,想定区域外,
830,132.4435705,34.37692,1421.3,内水面,0.44,旧太田川,33.8,00,想定区域外,0,想定区域外,
831,132.4435568,34.3773705,1390.1,内水面,0.44,旧太田川,15.1,00,想定区域外,0,想定区域外,
832,132.4435431,34.377821,1360.1,内水面,0.44,旧太田川,9.2,00,想定区域外,0,想定区域外,
833,132.4435294,34.3782714,1331.4,内水面,0.44,旧太田川,35.9,00,想定区域外,0,想定区域外,
834,132.4435157,34.3787219,1303.8,内水面,0.44,旧太田川,62.6,00,想定区域外,0,想定区域外,
835,132.443502,34.3791724,1277.7,地表面,2.44,旧太田川,89.3,00,想定区域外,0,想定区域外,
836,132.4434883,34.3796228,1253.0,地表面,2.14,旧太田川,116.0,00,想定区域外,2,0.5～3.0m未満,天満川・太田川・旧太田川
837,132.4434746,34.3800733,1229.8,地表面,2.24,旧太田川,142.7,00,想定区域外,2,0.5～3.0m未満,天満川・太田川・旧太田川
838,132.4434609,34.3805238,1208.3,地表面,1.44,旧太田川,168.2,00,想定区域外,3,3.0～5.0m未満,天満川・太田川・旧太田川
839,132.4434472,34.3809742,1188.5,地表面,0.84,旧太田川,193.6,01,0.01～0.19m,3,3.0～5.0m未満,天満川・太田川・旧太田川
840,132.4434335,34.3814247,1170.5,地表面,1.04,旧太田川,218.7,01,0.01～0.19m,3,3.0～5.0m未満,天満川・太田川・旧太田川
841,132.4434198,34.3818752,1154.3,地表面,1.34,旧太田川,241.3,01,0.01～0.19m,3,3.0～5.0m未満,天満川・太田川・旧太田川
842,132.4434061,34.3823256,1140.2,地表面,1.14,旧太田川,263.9,00,想定区域外,3,3.0～5.0m未満,天満川・太田川・旧太田川
843,132.4433924,34.3827761,1128.1,地表面,1.14,旧太田川,273.2,00,想定区域外,3,3.0～5.0m未満,天満川・太田川・旧太田川
844,132.4433787,34.3832266,1118.0,地表面,0.94,旧太田川,281.0,01,0.01～0.19m,3,3.0～5.0m未満,天満川・太田川・旧太田川
845,132.443365,34.383677,1110.2,地表面,1.14,旧太田川,291.9,01,0.01～0.19m,3,3.0～5.0m未満,天満川・太田川・旧太田川
846,132.4433513,34.3841275,1104.5,地表面,0.94,旧太田川,303.0,01,0.01～0.19m,3,3.0～5.0m未満,天満川・太田川・旧太田川
847,132.4433376,34.384578,1101.1,地表面,1.04,旧太田川,308.6,01,0.01～0.19m,3,3.0～5.0m未満,天満川・太田川・旧太田川
848,132.4433239,34.3850284,1100.0,地表面,1.04,旧太田川,313.6,00,想定区域外,3,3.0～5.0m未満,天満川・太田川・旧太田川
849,132.4433102,34.3854789,1101.1,地表面,1.24,旧太田川,316.8,01,0.01～0.19m,3,3.0～5.0m未満,天満川・太田川・旧太田川
850,132.4432965,34.3859294,1104.5,地表面,1.24,天満川,284.0,02,0.20～0.49m,3,3.0～5.0m未満,天満川・太田川・旧太田川
851,132.4432828,34.3863799,1110.2,地表面,0.94,天満川,244.9,02,0.20～0.49m,3,3.0～5.0m未満,天満川・太田川・旧太田川
852,132.4432691,34.3868303,1118.0,地表面,1.14,天満川,207.1,02,0.20～0.49m,3,3.0～5.0m未満,天満川・太田川・旧太田川
853,132.4432554,34.3872808,1128.1,地表面,1.34,天満川,170.9,01,0.01～0.19m,3,3.0～5.0m未満,天満川・太田川・旧太田川
854,132.4432417,34.3877313,1140.2,地表面,1.14,天満川,138.6,02,0.20～0.49m,4,5.0～10.0m未満,太田川
855,132.443228,34.3881817,1154.3,地表面,1.54,天満川,110.9,01,0.01～0.19m,3,3.0～5.0m未満,天満川・太田川・旧太田川
856,132.4432143,34.3886322,1170.5,地表面,2.44,天満川,87.6,00,想定区域外,3,3.0～5.0m未満,天満川・太田川・旧太田川
857,132.4432006,34.3890827,1188.5,地表面,2.74,天満川,67.9,00,想定区域外,3,3.0～5.0m未満,天満川・太田川・旧太田川
858,132.4431869,34.3895331,1208.3,地表面,3.74,天満川,49.7,00,想定区域外,0,想定区域外,
859,132.4431732,34.3899836,1229.8,内水面,0.44,天満川,33.9,00,想定区域外,0,想定区域外,
860,132.4431595,34.3904341,1253.0,内水面,0.44,天満川,26.0,00,想定区域外,0,想定区域外,
861,132.4431458,34.3908845,1277.7,内水面,0.44,天満川,21.6,00,想定区域外,0,想定区域外,
862,132.443132,34.391335,1303.8,内水面,0.44,天満川,8.8,00,想定区域外,0,想定区域外,
863,132.4431183,34.3917855,1331.4,内水面,0.54,天満川,0.5,00,想定区域外,0,想定区域外,
864,132.4431046,34.3922359,1360.1,内水面,0.44,天満川,8.4,00,想定区域外,0,想定区域外,
865,132.4430909,34.3926864,1390.1,内水面,0.54,天満川,16.2,00,想定区域外,0,想定区域外,
866,132.4430772,34.3931369,1421.3,内水面,0.44,天満川,24.1,00,想定区域外,0,想定区域外,
867,132.4430635,34.3935873,1453.4,内水面,0.64,天満川,30.1,00,想定区域外,0,想定区域外,
868,132.4430498,34.3940378,1486.6,地表面,3.54,天満川,35.3,01,0.01～0.19m,0,想定区域外,
869,132.4430361,34.3944883,1520.7,地表面,3.54,天満川,40.4,00,想定区域外,0,想定区域外,
870,132.4430224,34.3949387,1555.6,地表面,3.54,天満川,45.6,00,想定区域外,0,想定区域外,
871,132.4430087,34.3953892,1591.4,地表面,3.44,天満川,49.5,00,想定区域外,3,3.0～5.0m未満,天満川・太田川・旧太田川
872,132.442995,34.3958397,1627.9,地表面,4.74,天満川,31.0,00,想定区域外,0,想定区域外,
873,132.4429813,34.3962901,1665.1,内水面,0.54,天満川,9.2,00,想定区域外,0,想定区域外,
874,132.4429676,34.3967406,1702.9,内水面,0.44,天満川,4.6,00,想定区域外,0,想定区域外,
875,132.4429538,34.3971911,1741.4,内水面,0.54,天満川,11.6,00,想定区域外,0,想定区域外,
876,132.4429401,34.3976415,1780.4,内水面,0.54,天満川,12.7,00,想定区域外,0,想定区域外,
877,132.4429264,34.398092,1820.0,内水面,0.54,天満川,7.4,00,想定区域外,0,想定区域外,
878,132.4429127,34.3985425,1860.1,内水面,0.54,天満川,1.6,00,想定区域外,0,想定区域外,
879,132.442899,34.3989929,1900.7,内水面,0.54,天満川,18.7,00,想定区域外,0,想定区域外,
880,132.4428853,34.3994434,1941.6,地表面,4.54,天満川,46.5,01,0.01～0.19m,0,想定区域外,
881,132.4428716,34.3998939,1983.1,地表面,4.34,天満川,78.4,01,0.01～0.19m,4,5.0～10.0m未満,天満川・太田川・旧太田川
882,132.4443329,34.3697239,1998.1,地表面,2.54,旧太田川,287.4,00,想定区域外,2,0.5～3.0m未満,元安川・太田川・旧太田川
883,132.4443192,34.3701744,1955.8,地表面,2.34,旧太田川,272.2,01,0.01～0.19m,2,0.5～3.0m未満,元安川・太田川・旧太田川
884,132.4443055,34.3706248,1913.8,地表面,2.34,旧太田川,257.1,01,0.01～0.19m,2,0.5～3.0m未満,元安川・太田川・旧太田川
885,132.4442918,34.3710753,1872.2,地表面,2.64,旧太田川,242.0,00,想定区域外,2,0.5～3.0m未満,元安川・太田川・旧太田川
886,132.4442781,34.3715258,1831.0,地表面,1.74,旧太田川,227.9,00,想定区域外,2,0.5～3.0m未満,元安川・太田川・旧太田川
887,132.4442644,34.3719762,1790.3,地表面,2.34,旧太田川,214.6,00,想定区域外,2,0.5～3.0m未満,元安川・太田川・旧太田川
888,132.4442507,34.3724267,1750.0,地表面,1.94,旧太田川,201.2,00,想定区域外,2,0.5～3.0m未満,元安川・太田川・旧太田川
889,132.444237,34.3728772,1710.3,地表面,-0.26,旧太田川,190.8,04,1.00m以上,3,3.0～5.0m未満,元安川・太田川・旧太田川
890,132.4442233,34.3733276,1671.1,地表面,1.34,旧太田川,181.7,00,想定区域外,2,0.5～3.0m未満,元安川・太田川・旧太田川
891,132.4442096,34.3737781,1632.5,地表面,2.34,旧太田川,172.6,00,想定区域外,2,0.5～3.0m未満,元安川・太田川・旧太田川
892,132.444196,34.3742286,1594.5,地表面,2.44,旧太田川,162.2,00,想定区域外,2,0.5～3.0m未満,元安川・太田川・旧太田川
893,132.4441823,34.374679,1557.2,地表面,0.94,旧太田川,149.5,01,0.01～0.19m,3,3.0～5.0m未満,元安川・太田川・旧太田川
894,132.4441686,34.3751295,1520.7,地表面,2.74,旧太田川,136.8,00,想定区域外,2,0.5～3.0m未満,元安川・太田川・旧太田川
895,132.4441549,34.37558,1484.9,地表面,2.64,旧太田川,124.0,00,想定区域外,2,0.5～3.0m未満,元安川・太田川・旧太田川
896,132.4441412,34.3760304,1450.0,地表面,2.34,旧太田川,111.2,00,想定区域外,2,0.5～3.0m未満,元安川・太田川・旧太田川
897,132.4441275,34.3764809,1416.0,地表面,2.04,旧太田川,98.4,00,想定区域外,2,0.5～3.0m未満,元安川・太田川・旧太田川
898,132.4441138,34.3769314,1382.9,地表面,2.34,旧太田川,80.2,00,想定区域外,0,想定区域外,
899,132.4441001,34.3773819,1350.9,内水面,0.44,旧太田川,59.5,00,想定区域外,0,想定区域外,
900,132.4440864,34.3778323,1320.0,内水面,0.44,旧太田川,33.1,00,想定区域外,0,想定区域外,
901,132.4440727,34.3782828,1290.3,内水面,0.44,旧太田川,6.4,00,想定区域外,0,想定区域外,
902,132.444059,34.3787333,1261.9,内水面,0.44,旧太田川,20.3,00,想定区域外,0,想定区域外,
903,132.4440453,34.3791837,1234.9,内水面,0.44,旧太田川,47.0,00,想定区域外,0,想定区域外,
904,132.4440316,34.3796342,1209.3,地表面,4.24,旧太田川,73.7,00,想定区域外,2,0.5～3.0m未満,天満川・太田川・旧太田川
905,132.4440179,34.3800847,1185.3,地表面,2.64,旧太田川,99.8,00,想定区域外,2,0.5～3.0m未満,天満川・太田川・旧太田川
906,132.4440042,34.3805351,1163.0,地表面,2.34,旧太田川,125.2,00,想定区域外,2,0.5～3.0m未満,天満川・太田川・旧太田川
907,132.4439905,34.3809856,1142.4,地表面,2.24,旧太田川,150.6,00,想定区域外,2,0.5～3.0m未満,天満川・太田川・旧太田川
908,132.4439768,34.3814361,1123.6,地表面,2.34,旧太田川,174.1,01,0.01～0.19m,2,0.5～3.0m未満,天満川・太田川・旧太田川
909,132.4439631,34.3818865,1106.8,地表面,1.04,旧太田川,196.7,01,0.01～0.19m,3,3.0～5.0m未満,天満川・太田川・旧太田川
910,132.4439495,34.382337,1092.0,地表面,1.04,旧太田川,216.3,02,0.20～0.49m,3,3.0～5.0m未満,天満川・太田川・旧太田川
911,132.4439358,34.3827875,1079.4,地表面,1.24,旧太田川,223.8,01,0.01～0.19m,3,3.0～5.0m未満,天満川・太田川・旧太田川
912,132.4439221,34.3832379,1068.9,地表面,1.34,旧太田川,232.0,00,想定区域外,3,3.0～5.0m未満,天満川・太田川・旧太田川
913,132.4439084,34.3836884,1060.7,地表面,1.24,旧太田川,243.1,00,想定区域外,3,3.0～5.0m未満,天満川・太田川・旧太田川
914,132.4438947,34.3841389,1054.8,地表面,1.04,旧太田川,253.6,02,0.20～0.49m,3,3.0～5.0m未満,天満川・太田川・旧太田川
915,132.443881,34.3845893,1051.2,地表面,1.24,旧太田川,258.9,00,想定区域外,3,3.0～5.0m未満,天満川・太田川・旧太田川
916,132.4438673,34.3850398,1050.0,地表面,0.94,旧太田川,263.8,00,想定区域外,3,3.0～5.0m未満,天満川・太田川・旧太田川
917,132.4438536,34.3854903,1051.2,地表面,0.94,旧太田川,266.9,00,想定区域外,3,3.0～5.0m未満,天満川・太田川・旧太田川
918,132.4438399,34.3859407,1054.8,地表面,1.14,旧太田川,270.2,01,0.01～0.19m,3,3.0～5.0m未満,天満川・太田川・旧太田川
919,132.4438262,34.3863912,1060.7,地表面,1.64,旧太田川,269.4,00,想定区域外,3,3.0～5.0m未満,天満川・太田川・旧太田川
920,132.4438125,34.3868417,1068.9,地表面,1.44,天満川,241.6,01,0.01～0.19m,3,3.0～5.0m未満,天満川・太田川・旧太田川
921,132.4437988,34.3872921,1079.4,地表面,1.44,天満川,208.9,02,0.20～0.49m,3,3.0～5.0m未満,天満川・太田川・旧太田川
922,132.4437851,34.3877426,1092.0,地表面,1.34,天満川,179.6,02,0.20～0.49m,3,3.0～5.0m未満,天満川・太田川・旧太田川
923,132.4437714,34.3881931,1106.8,地表面,1.84,天満川,154.4,00,想定区域外,3,3.0～5.0m未満,天満川・太田川・旧太田川
924,132.4437577,34.3886435,1123.6,地表面,1.34,天満川,132.7,02,0.20～0.49m,4,5.0～10.0m未満,天満川・太田川・旧太田川
925,132.443744,34.389094,1142.4,地表面,1.34,天満川,114.5,01,0.01～0.19m,4,5.0～10.0m未満,天満川・太田川・旧太田川
926,132.4437303,34.3895445,1163.0,地表面,1.64,天満川,97.1,01,0.01～0.19m,4,5.0～10.0m未満,天満川・太田川・旧太田川
927,132.4437166,34.3899949,1185.3,地表面,2.94,天満川,81.3,00,想定区域外,3,3.0～5.0m未満,天満川・太田川・旧太田川
928,132.4437029,34.3904454,1209.3,地表面,3.04,天満川,76.0,00,想定区域外,4,5.0～10.0m未満,天満川・太田川・旧太田川
929,132.4436891,34.3908959,1234.9,地表面,2.94,天満川,69.9,00,想定区域外,4,5.0～10.0m未満,天満川・太田川・旧太田川
930,132.4436754,34.3913463,1261.9,地表面,2.94,天満川,57.1,00,想定区域外,0,想定区域外,
931,132.4436617,34.3917968,1290.3,地表面,4.34,天満川,48.9,00,想定区域外,0,想定区域外,
932,132.443648,34.3922473,1320.0,地表面,0.94,天満川,41.0,00,想定区域外,0,想定区域外,
933,132.4436343,34.3926978,1350.9,内水面,0.44,天満川,33.2,00,想定区域外,0,想定区域外,
934,132.4436206,34.3931482,1382.9,内水面,0.54,天満川,25.3,00,想定区域外,0,想定区域外,
935,132.4436069,34.3935987,1416.0,内水面,0.54,天満川,19.6,00,想定区域外,0,想定区域外,
936,132.4435932,34.3940492,1450.0,内水面,0.54,天満川,14.5,00,想定区域外,0,想定区域外,
937,132.4435795,34.3944996,1484.9,内水面,0.54,天満川,9.3,00,想定区域外,0,想定区域外,
938,132.4435658,34.3949501,1520.7,内水面,0.64,天満川,4.1,00,想定区域外,0,想定区域外,
939,132.4435521,34.3954006,1557.2,内水面,0.64,天満川,0.4,00,想定区域外,0,想定区域外,
940,132.4435384,34.395851,1594.5,内水面,0.54,天満川,13.8,00,想定区域外,0,想定区域外,
941,132.4435247,34.3963015,1632.5,地表面,3.54,天満川,36.6,01,0.01～0.19m,0,想定区域外,
942,132.443511,34.396752,1671.1,地表面,4.04,天満川,52.8,01,0.01～0.19m,0,想定区域外,
943,132.4434973,34.3972024,1710.3,地表面,3.94,天満川,61.5,00,想定区域外,0,想定区域外,
944,132.4434836,34.3976529,1750.0,地表面,4.04,天満川,62.7,00,想定区域外,0,想定区域外,
945,132.4434699,34.3981034,1790.3,地表面,5.14,天満川,56.8,00,想定区域外,0,想定区域外,
946,132.4434562,34.3985538,1831.0,地表面,4.34,天満川,46.6,00,想定区域外,0,想定区域外,
947,132.4434424,34.3990043,1872.2,内水面,0.54,天満川,23.4,00,想定区域外,0,想定区域外,
948,132.4434287,34.3994548,1913.8,内水面,0.54,天満川,7.9,00,想定区域外,0,想定区域外,
949,132.443415,34.3999052,1955.8,地表面,4.54,天満川,40.6,01,0.01～0.19m,0,想定区域外,
950,132.4434013,34.4003557,1998.1,地表面,3.84,天満川,72.8,00,想定区域外,4,5.0～10.0m未満,天満川・太田川・旧太田川
951,132.4448761,34.3697352,1972.3,地表面,1.94,旧太田川,335.0,02,0.20～0.49m,2,0.5～3.0m未満,元安川・太田川・旧太田川
952,132.4448624,34.3701857,1929.4,地表面,3.04,旧太田川,319.9,00,想定区域外,2,0.5～3.0m未満,元安川・太田川・旧太田川
953,132.4448487,34.3706362,1886.8,地表面,2.54,旧太田川,304.8,00,想定区域外,2,0.5～3.0m未満,元安川・太田川・旧太田川
954,132.4448351,34.3710866,1844.6,地表面,2.54,旧太田川,289.6,00,想定区域外,2,0.5～3.0m未満,元安川・太田川・旧太田川
955,132.4448214,34.3715371,1802.8,地表面,1.84,旧太田川,276.1,00,想定区域外,2,0.5～3.0m未満,元安川・太田川・旧太田川
956,132.4448077,34.3719876,1761.4,地表面,1.44,旧太田川,262.8,00,想定区域外,3,3.0～5.0m未満,太田川・旧太田川
957,132.444794,34.372438,1720.5,地表面,1.84,旧太田川,249.5,00,想定区域外,2,0.5～3.0m未満,元安川・太田川・旧太田川
958,132.4447803,34.3728885,1680.0,地表面,0.54,旧太田川,240.0,02,0.20～0.49m,3,3.0～5.0m未満,元安川・太田川・旧太田川
959,132.4447666,34.373339,1640.1,地表面,0.74,旧太田川,230.9,01,0.01～0.19m,3,3.0～5.0m未満,元安川・太田川・旧太田川
960,132.4447529,34.3737895,1600.8,地表面,0.74,旧太田川,221.7,02,0.20～0.49m,3,3.0～5.0m未満,元安川・太田川・旧太田川
961,132.4447392,34.3742399,1562.0,地表面,0.84,旧太田川,210.5,01,0.01～0.19m,3,3.0～5.0m未満,元安川・太田川・旧太田川
962,132.4447255,34.3746904,1524.0,地表面,0.84,旧太田川,197.9,01,0.01～0.19m,3,3.0～5.0m未満,元安川・太田川・旧太田川
963,132.4447119,34.3751409,1486.6,地表面,0.84,旧太田川,185.2,01,0.01～0.19m,3,3.0～5.0m未満,元安川・太田川・旧太田川
964,132.4446982,34.3755913,1450.0,地表面,0.74,旧太田川,172.4,00,想定区域外,3,3.0～5.0m未満,元安川・太田川・旧太田川
965,132.4446845,34.3760418,1414.2,地表面,1.14,旧太田川,159.6,00,想定区域外,2,0.5～3.0m未満,元安川・太田川・旧太田川
966,132.4446708,34.3764923,1379.3,地表面,2.14,旧太田川,145.2,00,想定区域外,2,0.5～3.0m未満,元安川・太田川・旧太田川
967,132.4446571,34.3769427,1345.4,地表面,2.04,旧太田川,126.6,00,想定区域外,2,0.5～3.0m未満,元安川・太田川・旧太田川
968,132.4446434,34.3773932,1312.4,地表面,1.94,旧太田川,102.0,01,0.01～0.19m,2,0.5～3.0m未満,元安川・太田川・旧太田川
969,132.4446297,34.3778437,1280.6,地表面,4.34,旧太田川,75.3,00,想定区域外,0,想定区域外,
970,132.444616,34.3782941,1250.0,内水面,0.44,旧太田川,48.6,00,想定区域外,0,想定区域外,
971,132.4446023,34.3787446,1220.7,内水面,0.44,旧太田川,21.9,00,想定区域外,0,想定区域外,
972,132.4445886,34.3791951,1192.7,内水面,0.44,旧太田川,4.8,00,想定区域外,0,想定区域外,
973,132.444575,34.3796455,1166.2,内水面,0.44,旧太田川,31.3,00,想定区域外,0,想定区域外,
974,132.4445613,34.380096,1141.3,内水面,0.44,旧太田川,56.7,00,想定区域外,0,想定区域外,
975,132.4445476,34.3805465,1118.0,地表面,2.44,旧太田川,82.1,00,想定区域外,2,0.5～3.0m未満,天満川・太田川・旧太田川
976,132.4445339,34.380997,1096.6,地表面,2.44,旧太田川,106.9,00,想定区域外,2,0.5～3.0m未満,天満川・太田川・旧太田川
977,132.4445202,34.3814474,1077.0,地表面,2.24,旧太田川,129.5,00,想定区域外,2,0.5～3.0m未満,天満川・太田川・旧太田川
978,132.4445065,34.3818979,1059.5,地表面,2.54,旧太田川,152.1,00,想定区域外,2,0.5～3.0m未満,天満川・太田川・旧太田川
979,132.4444928,34.3823484,1044.0,地表面,2.54,旧太田川,166.9,00,想定区域外,2,0.5～3.0m未満,天満川・太田川・旧太田川
980,132.4444791,34.3827988,1030.8,地表面,1.14,旧太田川,174.4,01,0.01～0.19m,3,3.0～5.0m未満,天満川・太田川・旧太田川
981,132.4444654,34.3832493,1019.8,地表面,1.34,旧太田川,183.3,00,想定区域外,3,3.0～5.0m未満,天満川・太田川・旧太田川
982,132.4444517,34.3836998,1011.2,地表面,1.24,旧太田川,194.4,00,想定区域外,3,3.0～5.0m未満,天満川・太田川・旧太田川
983,132.444438,34.3841502,1005.0,地表面,0.94,旧太田川,203.9,02,0.20～0.49m,3,3.0～5.0m未満,天満川・太田川・旧太田川
984,132.4444243,34.3846007,1001.2,地表面,1.24,旧太田川,209.2,01,0.01～0.19m,3,3.0～5.0m未満,天満川・太田川・旧太田川
985,132.4444106,34.3850512,1000.0,地表面,1.24,旧太田川,214.0,00,想定区域外,3,3.0～5.0m未満,天満川・太田川・旧太田川
986,132.4443969,34.3855016,1001.2,地表面,1.14,旧太田川,217.0,01,0.01～0.19m,3,3.0～5.0m未満,天満川・太田川・旧太田川
987,132.4443832,34.3859521,1005.0,地表面,1.04,旧太田川,220.3,01,0.01～0.19m,3,3.0～5.0m未満,天満川・太田川・旧太田川
988,132.4443695,34.3864026,1011.2,地表面,1.44,旧太田川,219.5,00,想定区域外,3,3.0～5.0m未満,天満川・太田川・旧太田川
989,132.4443558,34.386853,1019.8,地表面,1.14,旧太田川,216.1,01,0.01～0.19m,3,3.0～5.0m未満,天満川・太田川・旧太田川
990,132.4443421,34.3873035,1030.8,地表面,1.54,旧太田川,217.1,01,0.01～0.19m,3,3.0～5.0m未満,天満川・太田川・旧太田川
991,132.4443284,34.387754,1044.0,地表面,1.44,天満川,222.4,01,0.01～0.19m,3,3.0～5.0m未満,天満川・太田川・旧太田川
992,132.4443147,34.3882044,1059.5,地表面,1.44,天満川,199.4,01,0.01～0.19m,3,3.0～5.0m未満,天満川・太田川・旧太田川
993,132.444301,34.3886549,1077.0,地表面,1.74,天満川,179.3,01,0.01～0.19m,3,3.0～5.0m未満,天満川・太田川・旧太田川
994,132.4442873,34.3891054,1096.6,地表面,1.54,天満川,161.0,01,0.01～0.19m,3,3.0～5.0m未満,天満川・太田川・旧太田川
995,132.4442736,34.3895558,1118.0,地表面,2.24,天満川,144.5,00,想定区域外,3,3.0～5.0m未満,天満川・太田川・旧太田川
996,132.4442599,34.3900063,1141.3,地表面,1.94,天満川,129.3,00,想定区域外,3,3.0～5.0m未満,天満川・太田川・旧太田川
997,132.4442462,34.3904568,1166.2,地表面,2.14,天満川,126.0,00,想定区域外,4,5.0～10.0m未満,天満川・太田川・旧太田川
998,132.4442325,34.3909072,1192.7,地表面,1.84,天満川,118.2,01,0.01～0.19m,4,5.0～10.0m未満,天満川・太田川・旧太田川
999,132.4442188,34.3913577,1220.7,地表面,1.84,天満川,106.1,01,0.01～0.19m,4,5.0～10.0m未満,天満川・太田川・旧太田川
1000,132.4442051,34.3918082,1250.0,地表面,1.84,天満川,98.2,01,0.01～0.19m,4,5.0～10.0m未満,天満川・太田川・旧太田川
1001,132.4441914,34.3922586,1280.6,地表面,2.74,天満川,90.4,00,想定区域外,3,3.0～5.0m未満,天満川・太田川・旧太田川
1002,132.4441777,34.3927091,1312.4,地表面,2.84,天満川,82.5,00,想定区域外,3,3.0～5.0m未満,天満川・太田川・旧太田川
1003,132.444164,34.3931596,1345.4,地表面,3.34,天満川,74.7,00,想定区域外,3,3.0～5.0m未満,天満川・太田川・旧太田川
1004,132.4441503,34.39361,1379.3,地表面,2.34,天満川,69.4,00,想定区域外,3,3.0～5.0m未満,天満川・太田川・旧太田川
1005,132.4441366,34.3940605,1414.2,地表面,3.44,天満川,64.2,00,想定区域外,3,3.0～5.0m未満,天満川・太田川・旧太田川
1006,132.4441229,34.394511,1450.0,地表面,3.74,天満川,59.0,00,想定区域外,4,5.0～10.0m未満,天満川・太田川・旧太田川
1007,132.4441092,34.3949614,1486.6,地表面,3.24,天満川,53.9,00,想定区域外,0,想定区域外,
1008,132.4440955,34.3954119,1524.0,地表面,3.34,天満川,50.3,00,想定区域外,0,想定区域外,
1009,132.4440818,34.3958624,1562.0,地表面,3.44,天満川,59.0,00,想定区域外,3,3.0～5.0m未満,天満川・太田川・旧太田川
1010,132.4440681,34.3963128,1600.8,地表面,3.44,天満川,80.8,00,想定区域外,3,3.0～5.0m未満,天満川・太田川・旧太田川
1011,132.4440544,34.3967633,1640.1,地表面,3.74,天満川,101.0,00,想定区域外,3,3.0～5.0m未満,天満川・太田川・旧太田川
1012,132.4440407,34.3972138,1680.0,地表面,3.04,天満川,111.5,00,想定区域外,4,5.0～10.0m未満,天満川・太田川・旧太田川
1013,132.444027,34.3976642,1720.5,地表面,3.14,天満川,112.7,00,想定区域外,4,5.0～10.0m未満,天満川・太田川・旧太田川
1014,132.4440133,34.3981147,1761.4,地表面,3.64,天満川,106.3,00,想定区域外,4,5.0～10.0m未満,天満川・太田川・旧太田川
1015,132.4439996,34.3985652,1802.8,地表面,3.84,天満川,92.8,00,想定区域外,4,5.0～10.0m未満,天満川・太田川・旧太田川
1016,132.4439859,34.3990156,1844.6,地表面,4.04,天満川,62.6,00,想定区域外,0,想定区域外,
1017,132.4439722,34.3994661,1886.8,内水面,0.54,天満川,30.0,00,想定区域外,0,想定区域外,
1018,132.4439585,34.3999166,1929.4,内水面,0.54,天満川,2.4,00,想定区域外,0,想定区域外,
1019,132.4439448,34.400367,1972.3,地表面,1.64,天満川,34.1,01,0.01～0.19m,0,想定区域外,
1020,132.4454331,34.3692961,1991.2,地表面,2.64,旧太田川,397.8,00,想定区域外,2,0.5～3.0m未満,元安川・太田川・旧太田川
1021,132.4454194,34.3697466,1947.4,地表面,1.94,旧太田川,382.7,02,0.20～0.49m,2,0.5～3.0m未満,元安川・太田川・旧太田川
1022,132.4454057,34.3701971,1903.9,地表面,3.14,旧太田川,367.6,00,想定区域外,2,0.5～3.0m未満,元安川・太田川・旧太田川
1023,132.445392,34.3706475,1860.8,地表面,2.24,旧太田川,352.4,01,0.01～0.19m,2,0.5～3.0m未満,元安川・太田川・旧太田川
1024,132.4453783,34.371098,1818.0,地表面,2.44,旧太田川,337.6,00,想定区域外,2,0.5～3.0m未満,元安川・太田川・旧太田川
1025,132.4453646,34.3715485,1775.5,地表面,1.74,旧太田川,324.3,00,想定区域外,2,0.5～3.0m未満,元安川・太田川・旧太田川
1026,132.445351,34.3719989,1733.5,地表面,1.44,旧太田川,310.9,00,想定区域外,2,0.5～3.0m未満,元安川・太田川・旧太田川
1027,132.4453373,34.3724494,1691.9,地表面,1.54,旧太田川,298.3,00,想定区域外,2,0.5～3.0m未満,元安川・太田川・旧太田川
1028,132.4453236,34.3728999,1650.8,地表面,0.94,旧太田川,289.1,03,0.50～0.99m,3,3.0～5.0m未満,元安川・太田川・旧太田川
1029,132.4453099,34.3733503,1610.1,地表面,0.64,旧太田川,280.0,01,0.01～0.19m,3,3.0～5.0m未満,元安川・太田川・旧太田川
1030,132.4452962,34.3738008,1570.0,地表面,1.34,旧太田川,270.9,00,想定区域外,3,3.0～5.0m未満,元安川・太田川・旧太田川
1031,132.4452825,34.3742513,1530.5,地表面,0.74,旧太田川,258.9,00,想定区域外,3,3.0～5.0m未満,元安川・太田川・旧太田川
1032,132.4452688,34.3747017,1491.6,地表面,1.04,旧太田川,246.2,00,想定区域外,3,3.0～5.0m未満,元安川・太田川・旧太田川
1033,132.4452552,34.3751522,1453.4,地表面,0.74,旧太田川,233.5,01,0.01～0.19m,3,3.0～5.0m未満,元安川・太田川・旧太田川
1034,132.4452415,34.3756027,1416.0,地表面,1.04,旧太田川,220.7,00,想定区域外,3,3.0～5.0m未満,元安川・太田川・旧太田川
1035,132.4452278,34.3760531,1379.3,地表面,1.04,旧太田川,207.9,00,想定区域外,3,3.0～5.0m未満,元安川・太田川・旧太田川
1036,132.4452141,34.3765036,1343.5,地表面,2.24,旧太田川,191.6,00,想定区域外,2,0.5～3.0m未満,元安川・太田川・旧太田川
1037,132.4452004,34.3769541,1308.6,地表面,2.04,旧太田川,171.0,00,想定区域外,2,0.5～3.0m未満,元安川・太田川・旧太田川
1038,132.4451867,34.3774046,1274.8,地表面,1.94,旧太田川,144.3,01,0.01～0.19m,2,0.5～3.0m未満,元安川・太田川・旧太田川
1039,132.445173,34.377855,1242.0,地表面,2.44,旧太田川,117.6,00,想定区域外,2,0.5～3.0m未満,元安川・太田川・旧太田川
1040,132.4451593,34.3783055,1210.4,地表面,2.24,旧太田川,90.9,00,想定区域外,2,0.5～3.0m未満,元安川・太田川・旧太田川
1041,132.4451456,34.378756,1180.0,内水面,0.44,旧太田川,64.2,00,想定区域外,0,想定区域外,
1042,132.445132,34.3792064,1151.1,内水面,0.44,旧太田川,37.5,00,想定区域外,0,想定区域外,
1043,132.4451183,34.3796569,1123.6,内水面,0.44,旧太田川,11.8,00,想定区域外,0,想定区域外,
1044,132.4451046,34.3801074,1097.7,内水面,0.34,旧太田川,13.6,00,想定区域外,0,想定区域外,
1045,132.4450909,34.3805578,1073.5,内水面,0.44,旧太田川,39.0,00,想定区域外,0,想定区域外,
1046,132.4450772,34.3810083,1051.2,地表面,4.24,旧太田川,62.3,00,想定区域外,0,想定区域外,
1047,132.4450635,34.3814588,1030.8,地表面,2.84,旧太田川,84.9,00,想定区域外,2,0.5～3.0m未満,天満川・太田川・旧太田川
1048,132.4450498,34.3819092,1012.4,地表面,2.84,旧太田川,107.2,00,想定区域外,2,0.5～3.0m未満,天満川・太田川・旧太田川
1049,132.4450361,34.3823597,996.2,地表面,2.64,旧太田川,117.4,00,想定区域外,2,0.5～3.0m未満,天満川・太田川・旧太田川
1050,132.4450224,34.3828102,982.3,地表面,2.54,旧太田川,124.9,01,0.01～0.19m,2,0.5～3.0m未満,天満川・太田川・旧太田川
1051,132.4450087,34.3832606,970.8,地表面,2.54,旧太田川,134.5,00,想定区域外,3,3.0～5.0m未満,天満川・太田川・旧太田川
1052,132.4449951,34.3837111,961.8,地表面,1.24,旧太田川,145.6,00,想定区域外,3,3.0～5.0m未満,天満川・太田川・旧太田川
1053,132.4449814,34.3841616,955.2,地表面,1.24,旧太田川,154.2,01,0.01～0.19m,3,3.0～5.0m未満,天満川・太田川・旧太田川
1054,132.4449677,34.384612,951.3,地表面,1.34,旧太田川,159.4,00,想定区域外,3,3.0～5.0m未満,天満川・太田川・旧太田川
1055,132.444954,34.3850625,950.0,地表面,2.04,旧太田川,164.1,00,想定区域外,3,3.0～5.0m未満,天満川・太田川・旧太田川
1056,132.4449403,34.385513,951.3,地表面,1.14,旧太田川,167.1,00,想定区域外,3,3.0～5.0m未満,天満川・太田川・旧太田川
1057,132.4449266,34.3859635,955.2,地表面,1.14,旧太田川,170.4,01,0.01～0.19m,3,3.0～5.0m未満,天満川・太田川・旧太田川
1058,132.4449129,34.3864139,961.8,地表面,1.14,旧太田川,169.7,01,0.01～0.19m,3,3.0～5.0m未満,天満川・太田川・旧太田川
1059,132.4448992,34.3868644,970.8,地表面,1.54,旧太田川,166.1,00,想定区域外,3,3.0～5.0m未満,天満川・太田川・旧太田川
1060,132.4448855,34.3873149,982.3,地表面,1.54,旧太田川,167.3,01,0.01～0.19m,3,3.0～5.0m未満,天満川・太田川・旧太田川
1061,132.4448718,34.3877653,996.2,地表面,1.24,旧太田川,175.0,01,0.01～0.19m,3,3.0～5.0m未満,天満川・太田川・旧太田川
1062,132.4448581,34.3882158,1012.4,地表面,1.54,旧太田川,187.3,00,想定区域外,3,3.0～5.0m未満,天満川・太田川・旧太田川
1063,132.4448444,34.3886663,1030.8,地表面,1.54,旧太田川,203.8,01,0.01～0.19m,4,5.0～10.0m未満,天満川・太田川・旧太田川
1064,132.4448307,34.3891167,1051.2,地表面,1.44,天満川,207.8,01,0.01～0.19m,4,5.0～10.0m未満,天満川・太田川・旧太田川
1065,132.444817,34.3895672,1073.5,地表面,1.64,天満川,192.0,01,0.01～0.19m,3,3.0～5.0m未満,天満川・太田川・旧太田川
1066,132.4448033,34.3900177,1097.7,地表面,1.44,天満川,178.4,01,0.01～0.19m,4,5.0～10.0m未満,天満川・太田川・旧太田川
1067,132.4447896,34.3904681,1123.6,地表面,1.84,天満川,176.0,01,0.01～0.19m,3,3.0～5.0m未満,天満川・太田川・旧太田川
1068,132.4447759,34.3909186,1151.1,地表面,2.14,天満川,166.6,00,想定区域外,4,5.0～10.0m未満,天満川・太田川
1069,132.4447622,34.3913691,1180.0,地表面,1.74,天満川,155.5,00,想定区域外,4,5.0～10.0m未満,天満川・太田川・旧太田川
1070,132.4447485,34.3918195,1210.4,地表面,1.74,天満川,147.6,00,想定区域外,4,5.0～10.0m未満,天満川・太田川・旧太田川
1071,132.4447348,34.39227,1242.0,地表面,2.14,天満川,139.8,00,想定区域外,3,3.0～5.0m未満,天満川・太田川・旧太田川
1072,132.4447211,34.3927205,1274.8,地表面,1.74,天満川,131.9,01,0.01～0.19m,4,5.0～10.0m未満,天満川・太田川・旧太田川
1073,132.4447074,34.3931709,1308.6,地表面,2.14,天満川,124.3,00,想定区域外,3,3.0～5.0m未満,天満川・太田川・旧太田川
1074,132.4446937,34.3936214,1343.5,地表面,1.94,天満川,119.1,01,0.01～0.19m,4,5.0～10.0m未満,天満川・太田川・旧太田川
1075,132.44468,34.3940719,1379.3,地表面,2.34,天満川,113.9,00,想定区域外,4,5.0～10.0m未満,天満川・太田川・旧太田川
1076,132.4446663,34.3945223,1416.0,地表面,2.64,天満川,108.8,00,想定区域外,4,5.0～10.0m未満,天満川・太田川・旧太田川
1077,132.4446526,34.3949728,1453.4,地表面,2.54,天満川,103.6,00,想定区域外,4,5.0～10.0m未満,天満川・太田川・旧太田川
1078,132.4446389,34.3954233,1491.6,地表面,2.34,天満川,100.1,01,0.01～0.19m,4,5.0～10.0m未満,天満川・太田川・旧太田川
1079,132.4446252,34.3958737,1530.5,地表面,2.64,天満川,105.8,01,0.01～0.19m,4,5.0～10.0m未満,天満川・太田川・旧太田川
1080,132.4446115,34.3963242,1570.0,地表面,2.54,天満川,125.6,01,0.01～0.19m,3,3.0～5.0m未満,天満川・太田川・旧太田川
1081,132.4445978,34.3967747,1610.1,地表面,2.64,天満川,148.4,01,0.01～0.19m,4,5.0～10.0m未満,天満川・太田川・旧太田川
1082,132.4445841,34.3972251,1650.8,地表面,2.44,天満川,161.5,00,想定区域外,4,5.0～10.0m未満,天満川・太田川・旧太田川
1083,132.4445704,34.3976756,1691.9,地表面,2.74,天満川,162.7,00,想定区域外,4,5.0～10.0m未満,天満川・太田川・旧太田川
1084,132.4445567,34.3981261,1733.5,地表面,2.64,天満川,155.8,00,想定区域外,4,5.0～10.0m未満,天満川・太田川・旧太田川
1085,132.444543,34.3985765,1775.5,地表面,2.24,天満川,133.2,02,0.20～0.49m,4,5.0～10.0m未満,天満川・太田川・旧太田川
1086,132.4445293,34.399027,1818.0,地表面,2.44,天満川,100.5,01,0.01～0.19m,4,5.0～10.0m未満,天満川・太田川・旧太田川
1087,132.4445156,34.3994775,1860.8,地表面,3.04,天満川,68.0,00,想定区域外,4,5.0～10.0m未満,天満川・太田川・旧太田川
1088,132.4445019,34.3999279,1903.9,地表面,4.04,天満川,36.2,00,想定区域外,0,想定区域外,
1089,132.4444882,34.4003784,1947.4,内水面,0.54,天満川,4.9,00,想定区域外,0,想定区域外,
1090,132.4444745,34.4008289,1991.2,内水面,0.54,天満川,24.9,00,想定区域外,0,想定区域外,
1091,132.4459763,34.3693075,1967.9,地表面,2.44,旧太田川,445.5,01,0.01～0.19m,2,0.5～3.0m未満,元安川・太田川・旧太田川
1092,132.4459626,34.3697579,1923.5,地表面,2.04,旧太田川,430.3,01,0.01～0.19m,2,0.5～3.0m未満,元安川・太田川・旧太田川
1093,132.4459489,34.3702084,1879.5,地表面,2.64,旧太田川,415.2,00,想定区域外,2,0.5～3.0m未満,元安川・太田川・旧太田川
1094,132.4459353,34.3706589,1835.8,地表面,2.54,旧太田川,400.1,00,想定区域外,2,0.5～3.0m未満,元安川・太田川・旧太田川
1095,132.4459216,34.3711093,1792.3,地表面,2.04,旧太田川,385.8,00,想定区域外,2,0.5～3.0m未満,元安川・太田川・旧太田川
1096,132.4459079,34.3715598,1749.3,地表面,1.84,旧太田川,372.5,00,想定区域外,2,0.5～3.0m未満,元安川・太田川・旧太田川
1097,132.4458942,34.3720103,1706.6,地表面,1.84,旧太田川,359.1,00,想定区域外,2,0.5～3.0m未満,元安川・太田川・旧太田川
1098,132.4458805,34.3724607,1664.3,地表面,1.34,旧太田川,347.4,00,想定区域外,3,3.0～5.0m未満,元安川・太田川・旧太田川
1099,132.4458669,34.3729112,1622.5,地表面,0.54,旧太田川,338.3,02,0.20～0.49m,3,3.0～5.0m未満,元安川・太田川・旧太田川
1100,132.4458532,34.3733617,1581.1,地表面,0.84,旧太田川,329.2,01,0.01～0.19m,3,3.0～5.0m未満,元安川・太田川・旧太田川
1101,132.4458395,34.3738122,1540.3,地表面,0.84,旧太田川,319.9,01,0.01～0.19m,3,3.0～5.0m未満,元安川・太田川・旧太田川
1102,132.4458258,34.3742626,1500.0,地表面,0.84,旧太田川,307.3,01,0.01～0.19m,3,3.0～5.0m未満,元安川・太田川・旧太田川
1103,132.4458121,34.3747131,1460.3,地表面,0.54,旧太田川,294.6,02,0.20～0.49m,3,3.0～5.0m未満,元安川・太田川・旧太田川
1104,132.4457984,34.3751636,1421.3,地表面,0.84,旧太田川,281.8,01,0.01～0.19m,3,3.0～5.0m未満,元安川・太田川・旧太田川
1105,132.4457848,34.375614,1382.9,地表面,0.64,旧太田川,269.0,02,0.20～0.49m,3,3.0～5.0m未満,元安川・太田川・旧太田川
1106,132.4457711,34.3760645,1345.4,地表面,1.14,旧太田川,256.2,02,0.20～0.49m,3,3.0～5.0m未満,元安川・太田川・旧太田川
1107,132.4457574,34.376515,1308.6,地表面,0.84,旧太田川,238.0,01,0.01～0.19m,3,3.0～5.0m未満,元安川・太田川・旧太田川
1108,132.4457437,34.3769654,1272.8,地表面,1.94,旧太田川,213.3,00,想定区域外,2,0.5～3.0m未満,元安川・太田川・旧太田川
1109,132.44573,34.3774159,1237.9,地表面,1.84,旧太田川,186.6,01,0.01～0.19m,2,0.5～3.0m未満,元安川・太田川・旧太田川
1110,132.4457163,34.3778664,1204.2,地表面,1.94,旧太田川,159.9,00,想定区域外,2,0.5～3.0m未満,元安川・太田川・旧太田川
1111,132.4457026,34.3783168,1171.5,地表面,2.04,旧太田川,133.2,00,想定区域外,2,0.5～3.0m未満,元安川・太田川・旧太田川
1112,132.445689,34.3787673,1140.2,地表面,2.04,旧太田川,106.5,01,0.01～0.19m,3,3.0～5.0m未満,旧太田川
1113,132.4456753,34.3792178,1110.2,地表面,2.34,旧太田川,80.2,00,想定区域外,0,想定区域外,
1114,132.4456616,34.3796682,1081.7,内水面,0.44,旧太田川,54.8,00,想定区域外,0,想定区域外,
1115,132.4456479,34.3801187,1054.8,内水面,0.44,旧太田川,29.4,00,想定区域外,0,想定区域外,
1116,132.4456342,34.3805692,1029.6,内水面,0.44,旧太田川,4.9,00,想定区域外,0,想定区域外,
1117,132.4456205,34.3810197,1006.2,内水面,0.44,旧太田川,17.7,00,想定区域外,0,想定区域外,
1118,132.4456068,34.3814701,984.9,内水面,0.44,旧太田川,40.3,00,想定区域外,0,想定区域外,
1119,132.4455932,34.3819206,965.7,地表面,4.34,旧太田川,60.5,00,想定区域外,0,想定区域外,
1120,132.4455795,34.3823711,948.7,地表面,4.34,旧太田川,68.0,00,想定区域外,0,想定区域外,
1121,132.4455658,34.3828215,934.1,地表面,3.34,旧太田川,75.5,00,想定区域外,0,想定区域外,
1122,132.4455521,34.383272,922.0,地表面,3.04,旧太田川,85.8,00,想定区域外,2,0.5～3.0m未満,天満川・太田川・旧太田川
1123,132.4455384,34.3837225,912.4,地表面,2.44,旧太田川,96.9,00,想定区域外,2,0.5～3.0m未満,天満川・太田川・旧太田川
1124,132.4455247,34.3841729,905.5,地表面,3.04,旧太田川,104.5,00,想定区域外,2,0.5～3.0m未満,天満川・太田川・旧太田川
1125,132.445511,34.3846234,901.4,地表面,1.74,旧太田川,109.7,00,想定区域外,3,3.0～5.0m未満,天満川・太田川・旧太田川
1126,132.4454973,34.3850739,900.0,地表面,1.34,旧太田川,114.1,01,0.01～0.19m,3,3.0～5.0m未満,天満川・太田川・旧太田川
1127,132.4454836,34.3855243,901.4,地表面,1.94,旧太田川,117.2,00,想定区域外,3,3.0～5.0m未満,天満川・太田川・旧太田川
1128,132.4454699,34.3859748,905.5,地表面,1.44,旧太田川,120.6,01,0.01～0.19m,3,3.0～5.0m未満,天満川・太田川・旧太田川
1129,132.4454563,34.3864253,912.4,地表面,1.34,旧太田川,119.8,01,0.01～0.19m,3,3.0～5.0m未満,天満川・太田川・旧太田川
1130,132.4454426,34.3868757,922.0,地表面,1.64,旧太田川,116.2,00,想定区域外,3,3.0～5.0m未満,天満川・太田川・旧太田川
1131,132.4454289,34.3873262,934.1,地表面,1.64,旧太田川,117.6,00,想定区域外,3,3.0～5.0m未満,天満川・太田川・旧太田川
1132,132.4454152,34.3877767,948.7,地表面,1.54,旧太田川,126.3,01,0.01～0.19m,3,3.0～5.0m未満,天満川・太田川・旧太田川
1133,132.4454015,34.3882271,965.7,地表面,1.74,旧太田川,139.4,00,想定区域外,3,3.0～5.0m未満,天満川・太田川・旧太田川
1134,132.4453878,34.3886776,984.9,地表面,1.54,旧太田川,158.3,02,0.20～0.49m,4,5.0～10.0m未満,天満川・太田川・旧太田川
1135,132.4453741,34.3891281,1006.2,地表面,1.54,旧太田川,184.5,01,0.01～0.19m,4,5.0～10.0m未満,天満川・太田川・旧太田川
1136,132.4453604,34.3895785,1029.6,地表面,1.44,旧太田川,213.5,01,0.01～0.19m,4,5.0～10.0m未満,天満川・太田川・旧太田川
1137,132.4453467,34.390029,1054.8,地表面,1.54,天満川,227.8,01,0.01～0.19m,4,5.0～10.0m未満,天満川・太田川・旧太田川
1138,132.445333,34.3904795,1081.7,地表面,1.64,天満川,226.0,01,0.01～0.19m,4,5.0～10.0m未満,天満川・太田川・旧太田川
1139,132.4453193,34.39093,1110.2,地表面,2.14,天満川,214.9,00,想定区域外,3,3.0～5.0m未満,天満川・太田川・旧太田川
1140,132.4453056,34.3913804,1140.2,地表面,1.94,天満川,204.8,00,想定区域外,4,5.0～10.0m未満,天満川・太田川・旧太田川
1141,132.4452919,34.3918309,1171.5,地表面,1.84,天満川,197.0,01,0.01～0.19m,4,5.0～10.0m未満,天満川・太田川・旧太田川
1142,132.4452782,34.3922814,1204.2,地表面,1.74,天満川,189.1,01,0.01～0.19m,4,5.0～10.0m未満,天満川・太田川・旧太田川
1143,132.4452645,34.3927318,1237.9,地表面,1.74,天満川,181.3,01,0.01～0.19m,4,5.0～10.0m未満,天満川・太田川・旧太田川
1144,132.4452509,34.3931823,1272.8,地表面,2.14,天満川,174.0,00,想定区域外,3,3.0～5.0m未満,天満川・太田川・旧太田川
1145,132.4452372,34.3936328,1308.6,地表面,2.14,天満川,168.8,01,0.01～0.19m,4,5.0～10.0m未満,天満川・太田川・旧太田川
1146,132.4452235,34.3940832,1345.4,地表面,2.14,天満川,163.7,01,0.01～0.19m,4,5.0～10.0m未満,天満川・太田川
1147,132.4452098,34.3945337,1382.9,地表面,2.34,天満川,158.5,00,想定区域外,4,5.0～10.0m未満,天満川・太田川・旧太田川
1148,132.4451961,34.3949842,1421.3,地表面,2.24,天満川,153.4,02,0.20～0.49m,4,5.0～10.0m未満,天満川・太田川・旧太田川
1149,132.4451824,34.3954346,1460.3,地表面,2.34,天満川,150.0,01,0.01～0.19m,4,5.0～10.0m未満,天満川・太田川・旧太田川
1150,132.4451687,34.3958851,1500.0,地表面,2.54,天満川,154.2,01,0.01～0.19m,4,5.0～10.0m未満,天満川・太田川・旧太田川
1151,132.445155,34.3963356,1540.3,地表面,2.34,天満川,170.7,02,0.20～0.49m,4,5.0～10.0m未満,天満川・太田川・旧太田川
1152,132.4451413,34.396786,1581.1,地表面,2.14,天満川,192.6,02,0.20～0.49m,4,5.0～10.0m未満,天満川・太田川・旧太田川
1153,132.4451276,34.3972365,1622.5,地表面,2.34,天満川,210.7,02,0.20～0.49m,4,5.0～10.0m未満,天満川・太田川・旧太田川
1154,132.4451139,34.397687,1664.3,地表面,2.24,天満川,212.4,02,0.20～0.49m,4,5.0～10.0m未満,天満川・太田川・旧太田川
1155,132.4451002,34.3981374,1706.6,地表面,2.54,天満川,203.5,02,0.20～0.49m,4,5.0～10.0m未満,天満川・太田川・旧太田川
1156,132.4450865,34.3985879,1749.3,地表面,2.24,天満川,171.0,02,0.20～0.49m,4,5.0～10.0m未満,天満川・太田川・旧太田川
1157,132.4450728,34.3990384,1792.3,地表面,2.54,天満川,138.4,01,0.01～0.19m,4,5.0～10.0m未満,天満川・太田川・旧太田川
1158,132.4450591,34.3994888,1835.8,地表面,2.44,天満川,106.6,01,0.01～0.19m,4,5.0～10.0m未満,天満川・太田川・旧太田川
1159,132.4450454,34.3999393,1879.5,地表面,2.94,天満川,74.9,00,想定区域外,3,3.0～5.0m未満,天満川・太田川・旧太田川
1160,132.4450317,34.4003898,1923.5,地表面,4.24,天満川,45.1,00,想定区域外,0,想定区域外,
1161,132.445018,34.4008402,1967.9,内水面,0.54,天満川,15.3,00,想定区域外,0,想定区域外,
1162,132.4465332,34.3688683,1990.6,地表面,1.94,旧太田川,508.3,01,0.01～0.19m,2,0.5～3.0m未満,元安川・太田川・旧太田川
1163,132.4465196,34.3693188,1945.5,地表面,2.14,旧太田川,493.1,01,0.01～0.19m,2,0.5～3.0m未満,元安川・太田川・旧太田川
1164,132.4465059,34.3697693,1900.7,地表面,2.94,旧太田川,478.0,00,想定区域外,2,0.5～3.0m未満,元安川・太田川・旧太田川
1165,132.4464922,34.3702197,1856.1,地表面,2.34,旧太田川,462.9,00,想定区域外,2,0.5～3.0m未満,元安川・太田川・旧太田川
1166,132.4464785,34.3706702,1811.8,地表面,1.04,旧太田川,447.7,01,0.01～0.19m,3,3.0～5.0m未満,元安川・太田川・旧太田川
1167,132.4464649,34.3711207,1767.8,地表面,2.54,旧太田川,434.0,00,想定区域外,2,0.5～3.0m未満,元安川・太田川・旧太田川
1168,132.4464512,34.3715711,1724.1,地表面,1.34,旧太田川,420.7,00,想定区域外,2,0.5～3.0m未満,元安川・太田川・旧太田川
1169,132.4464375,34.3720216,1680.8,地表面,1.14,旧太田川,407.3,01,0.01～0.19m,3,3.0～5.0m未満,元安川・太田川・旧太田川
1170,132.4464238,34.3724721,1637.8,地表面,0.74,旧太田川,396.6,02,0.20～0.49m,3,3.0～5.0m未満,元安川・太田川・旧太田川
1171,132.4464101,34.3729226,1595.3,地表面,0.94,旧太田川,387.5,00,想定区域外,3,3.0～5.0m未満,元安川・太田川・旧太田川
1172,132.4463965,34.373373,1553.2,地表面,0.94,旧太田川,378.3,01,0.01～0.19m,3,3.0～5.0m未満,元安川・太田川・旧太田川
1173,132.4463828,34.3738235,1511.6,地表面,0.64,旧太田川,368.3,02,0.20～0.49m,3,3.0～5.0m未満,元安川・太田川・旧太田川
1174,132.4463691,34.374274,1470.5,地表面,0.74,旧太田川,355.6,02,0.20～0.49m,3,3.0～5.0m未満,元安川・太田川・旧太田川
1175,132.4463554,34.3747244,1430.0,地表面,0.84,旧太田川,343.0,02,0.20～0.49m,3,3.0～5.0m未満,元安川・太田川・旧太田川
1176,132.4463417,34.3751749,1390.1,地表面,0.84,旧太田川,330.2,01,0.01～0.19m,3,3.0～5.0m未満,元安川・太田川・旧太田川
1177,132.4463281,34.3756254,1350.9,地表面,0.94,旧太田川,317.4,01,0.01～0.19m,3,3.0～5.0m未満,元安川・太田川・旧太田川
1178,132.4463144,34.3760758,1312.4,地表面,0.64,旧太田川,303.0,02,0.20～0.49m,3,3.0～5.0m未満,元安川・太田川・旧太田川
1179,132.4463007,34.3765263,1274.8,地表面,0.94,旧太田川,282.3,01,0.01～0.19m,3,3.0～5.0m未満,元安川・太田川・旧太田川
1180,132.446287,34.3769768,1237.9,地表面,1.64,旧太田川,255.6,00,想定区域外,2,0.5～3.0m未満,元安川・太田川・旧太田川
1181,132.4462733,34.3774272,1202.1,地表面,1.74,旧太田川,228.9,01,0.01～0.19m,3,3.0～5.0m未満,元安川・太田川・旧太田川
1182,132.4462596,34.3778777,1167.3,地表面,2.04,旧太田川,202.2,00,想定区域外,2,0.5～3.0m未満,元安川・太田川・旧太田川
1183,132.446246,34.3783282,1133.6,地表面,1.94,旧太田川,175.5,00,想定区域外,2,0.5～3.0m未満,元安川・太田川・旧太田川
1184,132.4462323,34.3787787,1101.1,地表面,2.04,旧太田川,148.8,01,0.01～0.19m,2,0.5～3.0m未満,元安川・太田川・旧太田川
1185,132.4462186,34.3792291,1070.0,地表面,1.54,旧太田川,123.3,01,0.01～0.19m,3,3.0～5.0m未満,元安川・太田川・旧太田川
1186,132.4462049,34.3796796,1040.4,地表面,4.14,旧太田川,97.9,00,想定区域外,2,0.5～3.0m未満,元安川・太田川・旧太田川
1187,132.4461912,34.3801301,1012.4,地表面,4.34,旧太田川,72.5,00,想定区域外,0,想定区域外,
1188,132.4461775,34.3805805,986.2,内水面,0.44,旧太田川,49.5,00,想定区域外,0,想定区域外,
1189,132.4461639,34.381031,961.8,内水面,0.44,旧太田川,26.9,00,想定区域外,0,想定区域外,
1190,132.4461502,34.3814815,939.4,内水面,0.44,旧太田川,4.3,00,想定区域外,0,想定区域外,
1191,132.4461365,34.3819319,919.2,内水面,0.44,旧太田川,11.1,00,想定区域外,0,想定区域外,
1192,132.4461228,34.3823824,901.4,内水面,0.44,旧太田川,18.6,00,想定区域外,0,想定区域外,
1193,132.4461091,34.3828329,886.0,内水面,0.44,旧太田川,26.1,00,想定区域外,0,想定区域外,
1194,132.4460954,34.3832833,873.2,内水面,0.44,旧太田川,37.0,00,想定区域外,0,想定区域外,
1195,132.4460817,34.3837338,863.1,内水面,0.34,旧太田川,48.1,00,想定区域外,0,想定区域外,
1196,132.4460681,34.3841843,855.9,内水面,0.44,旧太田川,54.7,00,想定区域外,0,想定区域外,
1197,132.4460544,34.3846347,851.5,地表面,2.64,旧太田川,59.9,00,想定区域外,0,想定区域外,
1198,132.4460407,34.3850852,850.0,地表面,3.34,旧太田川,64.2,00,想定区域外,2,0.5～3.0m未満,天満川・太田川・旧太田川
1199,132.446027,34.3855357,851.5,地表面,3.84,旧太田川,67.3,00,想定区域外,2,0.5～3.0m未満,天満川・太田川・旧太田川
1200,132.4460133,34.3859862,855.9,地表面,2.54,旧太田川,70.7,01,0.01～0.19m,3,3.0～5.0m未満,天満川・太田川・旧太田川
1201,132.4459996,34.3864366,863.1,地表面,2.54,旧太田川,70.0,00,想定区域外,3,3.0～5.0m未満,天満川・太田川・旧太田川
1202,132.4459859,34.3868871,873.2,地表面,1.74,旧太田川,66.2,00,想定区域外,3,3.0～5.0m未満,天満川・太田川・旧太田川
1203,132.4459722,34.3873376,886.0,地表面,1.94,旧太田川,67.9,00,想定区域外,3,3.0～5.0m未満,天満川・太田川・旧太田川
1204,132.4459586,34.387788,901.4,地表面,1.94,旧太田川,77.5,00,想定区域外,4,5.0～10.0m未満,天満川・太田川・旧太田川
1205,132.4459449,34.3882385,919.2,地表面,2.14,旧太田川,92.4,00,想定区域外,3,3.0～5.0m未満,天満川・太田川・旧太田川
1206,132.4459312,34.388689,939.4,地表面,1.64,旧太田川,114.9,00,想定区域外,3,3.0～5.0m未満,天満川・太田川・旧太田川
1207,132.4459175,34.3891394,961.8,地表面,1.64,旧太田川,143.9,00,想定区域外,3,3.0～5.0m未満,天満川・太田川・旧太田川
1208,132.4459038,34.3895899,986.2,地表面,1.54,旧太田川,172.3,01,0.01～0.19m,3,3.0～5.0m未満,天満川・太田川・旧太田川
1209,132.4458901,34.3900404,1012.4,地表面,1.74,旧太田川,196.8,00,想定区域外,3,3.0～5.0m未満,天満川・太田川・旧太田川
1210,132.4458764,34.3904908,1040.4,地表面,1.54,旧太田川,216.0,00,想定区域外,3,3.0～5.0m未満,天満川・太田川・旧太田川
1211,132.4458627,34.3909413,1070.0,地表面,1.44,旧太田川,237.9,01,0.01～0.19m,4,5.0～10.0m未満,天満川・太田川・旧太田川
1212,132.445849,34.3913918,1101.1,地表面,1.64,天満川,254.2,01,0.01～0.19m,4,5.0～10.0m未満,天満川・太田川・旧太田川
1213,132.4458353,34.3918422,1133.6,地表面,1.64,天満川,246.4,01,0.01～0.19m,4,5.0～10.0m未満,天満川・太田川・旧太田川
1214,132.4458216,34.3922927,1167.3,地表面,1.74,天満川,238.5,01,0.01～0.19m,4,5.0～10.0m未満,天満川・太田川・旧太田川
1215,132.445808,34.3927432,1202.1,地表面,1.74,天満川,230.7,00,想定区域外,4,5.0～10.0m未満,天満川・太田川・旧太田川
1216,132.4457943,34.3931936,1237.9,地表面,1.94,天満川,223.7,00,想定区域外,3,3.0～5.0m未満,天満川・太田川・旧太田川
1217,132.4457806,34.3936441,1274.8,地表面,1.74,天満川,218.6,02,0.20～0.49m,4,5.0～10.0m未満,天満川・太田川・旧太田川
1218,132.4457669,34.3940946,1312.4,地表面,1.84,天満川,213.4,02,0.20～0.49m,4,5.0～10.0m未満,天満川・太田川・旧太田川
1219,132.4457532,34.394545,1350.9,地表面,2.44,天満川,208.2,01,0.01～0.19m,3,3.0～5.0m未満,天満川・太田川・旧太田川
1220,132.4457395,34.3949955,1390.1,地表面,2.04,天満川,203.3,01,0.01～0.19m,4,5.0～10.0m未満,天満川・太田川・旧太田川
1221,132.4457258,34.395446,1430.0,地表面,2.14,天満川,199.9,01,0.01～0.19m,4,5.0～10.0m未満,天満川・太田川・旧太田川
1222,132.4457121,34.3958964,1470.5,地表面,2.24,天満川,203.3,02,0.20～0.49m,4,5.0～10.0m未満,天満川・太田川・旧太田川
1223,132.4456984,34.3963469,1511.6,地表面,2.14,天満川,216.6,02,0.20～0.49m,4,5.0～10.0m未満,天満川・太田川・旧太田川
1224,132.4456847,34.3967974,1553.2,地表面,2.34,天満川,237.4,02,0.20～0.49m,4,5.0～10.0m未満,天満川・太田川・旧太田川
1225,132.445671,34.3972478,1595.3,地表面,2.24,天満川,258.9,02,0.20～0.49m,4,5.0～10.0m未満,天満川・太田川・旧太田川
1226,132.4456573,34.3976983,1637.8,地表面,2.04,天満川,262.0,03,0.50～0.99m,4,5.0～10.0m未満,天満川・太田川・旧太田川
1227,132.4456436,34.3981488,1680.8,地表面,2.34,天満川,241.5,02,0.20～0.49m,4,5.0～10.0m未満,天満川・太田川・旧太田川
1228,132.4456299,34.3985993,1724.1,地表面,2.44,天満川,208.8,01,0.01～0.19m,4,5.0～10.0m未満,天満川・太田川・旧太田川
1229,132.4456162,34.3990497,1767.8,地表面,2.24,天満川,177.0,02,0.20～0.49m,4,5.0～10.0m未満,天満川・太田川・旧太田川
1230,132.4456025,34.3995002,1811.8,地表面,2.34,天満川,145.2,02,0.20～0.49m,4,5.0～10.0m未満,天満川・太田川・旧太田川
1231,132.4455888,34.3999507,1856.1,地表面,2.44,天満川,115.0,02,0.20～0.49m,4,5.0～10.0m未満,天満川・太田川・旧太田川
1232,132.4455751,34.4004011,1900.7,地表面,2.54,天満川,85.2,01,0.01～0.19m,4,5.0～10.0m未満,天満川・太田川・旧太田川
1233,132.4455614,34.4008516,1945.5,地表面,4.34,天満川,55.6,00,想定区域外,0,想定区域外,
1234,132.4455477,34.4013021,1990.6,内水面,0.54,天満川,31.1,00,想定区域外,0,想定区域外,
1235,132.4470765,34.3688797,1969.8,地表面,2.44,旧太田川,555.9,00,想定区域外,2,0.5～3.0m未満,元安川・太田川・旧太田川
1236,132.4470628,34.3693301,1924.2,地表面,2.14,旧太田川,540.8,01,0.01～0.19m,2,0.5～3.0m未満,元安川・太田川・旧太田川
1237,132.4470491,34.3697806,1878.8,地表面,2.04,旧太田川,525.7,01,0.01～0.19m,2,0.5～3.0m未満,元安川・太田川・旧太田川
1238,132.4470355,34.3702311,1833.7,地表面,1.14,旧太田川,510.5,01,0.01～0.19m,3,3.0～5.0m未満,元安川・太田川・旧太田川
1239,132.4470218,34.3706815,1788.9,地表面,0.94,旧太田川,495.6,00,想定区域外,3,3.0～5.0m未満,元安川・太田川・旧太田川
1240,132.4470081,34.371132,1744.3,地表面,0.64,旧太田川,482.2,01,0.01～0.19m,3,3.0～5.0m未満,元安川・太田川・旧太田川
1241,132.4469944,34.3715825,1700.0,地表面,1.04,旧太田川,468.8,01,0.01～0.19m,3,3.0～5.0m未満,元安川・太田川・旧太田川
1242,132.4469808,34.372033,1656.0,地表面,0.64,旧太田川,455.7,02,0.20～0.49m,3,3.0～5.0m未満,元安川・太田川・旧太田川
1243,132.4469671,34.3724834,1612.5,地表面,0.54,旧太田川,445.7,02,0.20～0.49m,3,3.0～5.0m未満,元安川・太田川・旧太田川
1244,132.4469534,34.3729339,1569.2,地表面,0.24,旧太田川,436.6,02,0.20～0.49m,3,3.0～5.0m未満,元安川・太田川・旧太田川
1245,132.4469397,34.3733844,1526.4,地表面,0.84,旧太田川,427.5,02,0.20～0.49m,3,3.0～5.0m未満,元安川・太田川・旧太田川
1246,132.4469261,34.3738348,1484.1,地表面,0.84,旧太田川,416.7,01,0.01～0.19m,3,3.0～5.0m未満,元安川・太田川・旧太田川
1247,132.4469124,34.3742853,1442.2,地表面,0.64,旧太田川,404.0,02,0.20～0.49m,3,3.0～5.0m未満,元安川・太田川・旧太田川
1248,132.4468987,34.3747358,1400.9,地表面,0.34,旧太田川,391.3,03,0.50～0.99m,3,3.0～5.0m未満,元安川・太田川・旧太田川
1249,132.446885,34.3751862,1360.1,地表面,0.74,旧太田川,378.5,02,0.20～0.49m,3,3.0～5.0m未満,元安川・太田川・旧太田川
1250,132.4468713,34.3756367,1320.0,地表面,0.64,旧太田川,365.7,01,0.01～0.19m,3,3.0～5.0m未満,元安川・太田川・旧太田川
1251,132.4468577,34.3760872,1280.6,地表面,0.64,旧太田川,349.4,02,0.20～0.49m,3,3.0～5.0m未満,元安川・太田川・旧太田川
1252,132.446844,34.3765377,1242.0,地表面,0.74,旧太田川,324.5,01,0.01～0.19m,3,3.0～5.0m未満,元安川・太田川・旧太田川
1253,132.4468303,34.3769881,1204.2,地表面,1.84,旧太田川,297.8,00,想定区域外,2,0.5～3.0m未満,元安川・太田川・旧太田川
1254,132.4468166,34.3774386,1167.3,地表面,1.64,旧太田川,271.1,00,想定区域外,3,3.0～5.0m未満,元安川・旧太田川
1255,132.446803,34.3778891,1131.4,地表面,2.14,旧太田川,244.4,00,想定区域外,2,0.5～3.0m未満,元安川・太田川・旧太田川
1256,132.4467893,34.3783395,1096.6,地表面,2.14,旧太田川,217.7,00,想定区域外,2,0.5～3.0m未満,元安川・太田川・旧太田川
1257,132.4467756,34.37879,1063.0,地表面,1.84,旧太田川,191.8,00,想定区域外,2,0.5～3.0m未満,元安川・太田川・旧太田川
1258,132.4467619,34.3792405,1030.8,地表面,0.94,旧太田川,166.4,01,0.01～0.19m,3,3.0～5.0m未満,元安川・太田川・旧太田川
1259,132.4467482,34.3796909,1000.0,地表面,1.34,旧太田川,141.0,01,0.01～0.19m,3,3.0～5.0m未満,元安川・太田川・旧太田川
1260,132.4467346,34.3801414,970.8,地表面,1.54,旧太田川,116.7,00,想定区域外,3,3.0～5.0m未満,元安川・太田川・旧太田川
1261,132.4467209,34.3805919,943.4,地表面,2.24,旧太田川,94.1,01,0.01～0.19m,2,0.5～3.0m未満,元安川・太田川・旧太田川
1262,132.4467072,34.3810423,917.9,地表面,4.34,旧太田川,71.5,00,想定区域外,0,想定区域外,
1263,132.4466935,34.3814928,894.4,内水面,0.44,旧太田川,50.8,00,想定区域外,0,想定区域外,
1264,132.4466798,34.3819433,873.2,内水面,0.44,旧太田川,38.4,00,想定区域外,0,想定区域外,
1265,132.4466661,34.3823938,854.4,内水面,0.34,旧太田川,30.9,00,想定区域外,0,想定区域外,
1266,132.4466525,34.3828442,838.2,内水面,0.44,旧太田川,22.8,00,想定区域外,0,想定区域外,
1267,132.4466388,34.3832947,824.6,内水面,0.44,旧太田川,11.7,00,想定区域外,0,想定区域外,
1268,132.4466251,34.3837452,813.9,内水面,0.44,旧太田川,0.6,00,想定区域外,0,想定区域外,
1269,132.4466114,34.3841956,806.2,内水面,0.44,旧太田川,5.0,00,想定区域外,0,想定区域外,
1270,132.4465977,34.3846461,801.6,内水面,0.44,旧太田川,10.1,00,想定区域外,0,想定区域外,
1271,132.446584,34.3850966,800.0,内水面,0.34,旧太田川,14.3,00,想定区域外,0,想定区域外,
1272,132.4465704,34.385547,801.6,内水面,0.44,旧太田川,17.4,00,想定区域外,0,想定区域外,
1273,132.4465567,34.3859975,806.2,内水面,0.44,旧太田川,20.8,00,想定区域外,0,想定区域外,
1274,132.446543,34.386448,813.9,内水面,0.44,旧太田川,20.1,00,想定区域外,0,想定区域外,
1275,132.4465293,34.3868984,824.6,内水面,0.44,旧太田川,16.3,00,想定区域外,0,想定区域外,
1276,132.4465156,34.3873489,838.2,内水面,0.44,旧太田川,18.3,00,想定区域外,0,想定区域外,
1277,132.4465019,34.3877994,854.4,内水面,0.44,旧太田川,29.3,00,想定区域外,0,想定区域外,
1278,132.4464882,34.3882498,873.2,地表面,4.54,旧太田川,46.5,00,想定区域外,0,想定区域外,
1279,132.4464746,34.3887003,894.4,地表面,2.84,旧太田川,74.3,00,想定区域外,3,3.0～5.0m未満,天満川・太田川・旧太田川
1280,132.4464609,34.3891508,917.9,地表面,1.74,旧太田川,102.7,00,想定区域外,3,3.0～5.0m未満,天満川・太田川・旧太田川
1281,132.4464472,34.3896012,943.4,地表面,1.64,旧太田川,129.1,01,0.01～0.19m,3,3.0～5.0m未満,天満川・太田川・旧太田川
1282,132.4464335,34.3900517,970.8,地表面,1.84,旧太田川,150.6,00,想定区域外,3,3.0～5.0m未満,天満川・太田川・旧太田川
1283,132.4464198,34.3905022,1000.0,地表面,1.84,旧太田川,170.8,00,想定区域外,3,3.0～5.0m未満,天満川・太田川・旧太田川
1284,132.4464061,34.3909527,1030.8,地表面,1.74,旧太田川,193.1,00,想定区域外,4,5.0～10.0m未満,天満川・太田川
1285,132.4463924,34.3914031,1063.0,地表面,1.84,旧太田川,219.0,00,想定区域外,3,3.0～5.0m未満,天満川・太田川・旧太田川
1286,132.4463787,34.3918536,1096.6,地表面,1.94,旧太田川,245.6,01,0.01～0.19m,4,5.0～10.0m未満,天満川・太田川・旧太田川
1287,132.446365,34.3923041,1131.4,地表面,1.84,旧太田川,271.3,01,0.01～0.19m,4,5.0～10.0m未満,天満川・太田川・旧太田川
1288,132.4463514,34.3927545,1167.3,地表面,1.64,天満川,280.1,02,0.20～0.49m,4,5.0～10.0m未満,天満川・太田川・旧太田川
1289,132.4463377,34.393205,1204.2,地表面,1.64,天満川,273.5,02,0.20～0.49m,4,5.0～10.0m未満,天満川・太田川・旧太田川
1290,132.446324,34.3936555,1242.0,地表面,1.74,天満川,268.3,02,0.20～0.49m,4,5.0～10.0m未満,天満川・太田川・旧太田川
1291,132.4463103,34.3941059,1280.6,地表面,1.94,天満川,263.1,02,0.20～0.49m,4,5.0～10.0m未満,天満川・太田川・旧太田川
1292,132.4462966,34.3945564,1320.0,地表面,2.04,天満川,258.0,02,0.20～0.49m,4,5.0～10.0m未満,天満川・太田川・旧太田川
1293,132.4462829,34.3950069,1360.1,地表面,2.04,天満川,253.2,02,0.20～0.49m,4,5.0～10.0m未満,天満川・太田川・旧太田川
1294,132.4462692,34.3954573,1400.9,地表面,2.04,天満川,249.9,02,0.20～0.49m,4,5.0～10.0m未満,天満川・太田川・旧太田川
1295,132.4462555,34.3959078,1442.2,地表面,2.34,天満川,252.7,02,0.20～0.49m,4,5.0～10.0m未満,天満川・太田川・旧太田川
1296,132.4462418,34.3963583,1484.1,地表面,2.44,天満川,263.8,01,0.01～0.19m,4,5.0～10.0m未満,天満川・太田川・旧太田川
1297,132.4462281,34.3968087,1526.4,地表面,2.54,天満川,282.5,02,0.20～0.49m,4,5.0～10.0m未満,天満川・太田川・旧太田川
1298,132.4462144,34.3972592,1569.2,地表面,2.14,天満川,304.4,02,0.20～0.49m,4,5.0～10.0m未満,天満川・太田川・旧太田川
1299,132.4462008,34.3977097,1612.5,地表面,2.24,天満川,311.4,02,0.20～0.49m,4,5.0～10.0m未満,天満川・太田川・旧太田川
1300,132.4461871,34.3981601,1656.0,地表面,2.34,天満川,279.4,02,0.20～0.49m,4,5.0～10.0m未満,天満川・太田川・旧太田川
1301,132.4461734,34.3986106,1700.0,地表面,2.54,天満川,247.4,02,0.20～0.49m,4,5.0～10.0m未満,天満川・太田川・旧太田川
1302,132.4461597,34.3990611,1744.3,地表面,2.54,天満川,215.6,00,想定区域外,4,5.0～10.0m未満,天満川・太田川・旧太田川
1303,132.446146,34.3995115,1788.9,地表面,2.54,天満川,184.9,01,0.01～0.19m,4,5.0～10.0m未満,天満川・太田川・旧太田川
1304,132.4461323,34.399962,1833.7,地表面,2.24,天満川,155.2,02,0.20～0.49m,4,5.0～10.0m未満,天満川・太田川・旧太田川
1305,132.4461186,34.4004125,1878.8,地表面,2.44,天満川,125.5,01,0.01～0.19m,4,5.0～10.0m未満,天満川・太田川・旧太田川
1306,132.4461049,34.4008629,1924.2,地表面,2.34,天満川,97.7,01,0.01～0.19m,4,5.0～10.0m未満,天満川・太田川・旧太田川
1307,132.4460912,34.4013134,1969.8,地表面,4.04,天満川,76.9,00,想定区域外,3,3.0～5.0m未満,天満川・太田川
1308,132.4476334,34.3684405,1996.2,地表面,2.04,旧太田川,613.3,01,0.01～0.19m,2,0.5～3.0m未満,元安川・太田川・旧太田川
1309,132.4476197,34.368891,1950.0,地表面,2.14,旧太田川,603.6,01,0.01～0.19m,2,0.5～3.0m未満,元安川・太田川・旧太田川
1310,132.4476061,34.3693415,1903.9,地表面,2.34,旧太田川,588.4,00,想定区域外,2,0.5～3.0m未満,元安川・太田川・旧太田川
1311,132.4475924,34.3697919,1858.1,地表面,2.44,旧太田川,573.3,00,想定区域外,2,0.5～3.0m未満,元安川・太田川・旧太田川
1312,132.4475787,34.3702424,1812.5,地表面,0.84,旧太田川,558.2,02,0.20～0.49m,3,3.0～5.0m未満,元安川・太田川・旧太田川
1313,132.4475651,34.3706929,1767.1,地表面,0.74,旧太田川,543.7,01,0.01～0.19m,3,3.0～5.0m未満,元安川・太田川・旧太田川
1314,132.4475514,34.3711434,1721.9,地表面,0.44,旧太田川,530.4,02,0.20～0.49m,3,3.0～5.0m未満,元安川・太田川・旧太田川
1315,132.4475377,34.3715938,1677.1,地表面,0.34,旧太田川,517.0,02,0.20～0.49m,3,3.0～5.0m未満,元安川・太田川・旧太田川
1316,132.447524,34.3720443,1632.5,地表面,0.44,旧太田川,504.3,02,0.20～0.49m,3,3.0～5.0m未満,元安川・太田川・旧太田川
1317,132.4475104,34.3724948,1588.2,地表面,0.34,旧太田川,494.9,03,0.50～0.99m,3,3.0～5.0m未満,元安川・太田川・旧太田川
1318,132.4474967,34.3729452,1544.3,地表面,0.54,旧太田川,485.8,01,0.01～0.19m,3,3.0～5.0m未満,元安川・太田川・旧太田川
1319,132.447483,34.3733957,1500.8,地表面,0.84,旧太田川,476.7,00,想定区域外,3,3.0～5.0m未満,元安川・太田川・旧太田川
1320,132.4474693,34.3738462,1457.7,地表面,0.34,旧太田川,465.1,01,0.01～0.19m,3,3.0～5.0m未満,元安川・太田川・旧太田川
1321,132.4474557,34.3742966,1415.1,地表面,0.44,旧太田川,452.4,02,0.20～0.49m,3,3.0～5.0m未満,元安川・太田川・旧太田川
1322,132.447442,34.3747471,1373.0,地表面,0.24,旧太田川,439.6,02,0.20～0.49m,3,3.0～5.0m未満,元安川・太田川・旧太田川
1323,132.4474283,34.3751976,1331.4,地表面,0.24,旧太田川,426.8,02,0.20～0.49m,3,3.0～5.0m未満,元安川・太田川・旧太田川
1324,132.4474146,34.3756481,1290.3,地表面,0.84,旧太田川,414.0,01,0.01～0.19m,3,3.0～5.0m未満,元安川・太田川・旧太田川
1325,132.447401,34.3760985,1250.0,地表面,0.54,旧太田川,393.5,02,0.20～0.49m,3,3.0～5.0m未満,元安川・太田川・旧太田川
1326,132.4473873,34.376549,1210.4,地表面,0.94,旧太田川,366.8,00,想定区域外,3,3.0～5.0m未満,元安川・太田川・旧太田川
1327,132.4473736,34.3769995,1171.5,地表面,1.94,旧太田川,340.1,00,想定区域外,2,0.5～3.0m未満,元安川・太田川・旧太田川
1328,132.4473599,34.3774499,1133.6,地表面,1.74,旧太田川,313.4,00,想定区域外,2,0.5～3.0m未満,元安川・太田川・旧太田川
1329,132.4473463,34.3779004,1096.6,地表面,1.74,旧太田川,286.7,00,想定区域外,2,0.5～3.0m未満,元安川・太田川・旧太田川
1330,132.4473326,34.3783509,1060.7,地表面,1.84,旧太田川,260.2,00,想定区域外,3,3.0～5.0m未満,元安川・旧太田川
1331,132.4473189,34.3788013,1025.9,地表面,1.84,旧太田川,234.8,00,想定区域外,3,3.0～5.0m未満,元安川・太田川・旧太田川
1332,132.4473052,34.3792518,992.5,地表面,1.04,旧太田川,209.4,00,想定区域外,3,3.0～5.0m未満,元安川・太田川・旧太田川
1333,132.4472916,34.3797023,960.5,地表面,0.64,旧太田川,184.1,02,0.20～0.49m,3,3.0～5.0m未満,元安川・太田川・旧太田川
1334,132.4472779,34.3801527,930.1,地表面,0.94,旧太田川,161.3,02,0.20～0.49m,3,3.0～5.0m未満,元安川・太田川・旧太田川
1335,132.4472642,34.3806032,901.4,地表面,0.84,旧太田川,138.7,02,0.20～0.49m,3,3.0～5.0m未満,元安川・太田川・旧太田川
1336,132.4472505,34.3810537,874.6,地表面,1.04,旧太田川,116.1,02,0.20～0.49m,3,3.0～5.0m未満,元安川・太田川・旧太田川
1337,132.4472368,34.3815042,850.0,地表面,1.94,旧太田川,97.5,01,0.01～0.19m,2,0.5～3.0m未満,元安川・太田川・旧太田川
1338,132.4472232,34.3819546,827.6,地表面,1.94,旧太田川,87.8,00,想定区域外,2,0.5～3.0m未満,元安川・太田川・旧太田川
1339,132.4472095,34.3824051,807.8,地表面,2.64,旧太田川,80.3,00,想定区域外,0,想定区域外,
1340,132.4471958,34.3828556,790.6,地表面,4.34,旧太田川,71.6,00,想定区域外,0,想定区域外,
1341,132.4471821,34.383306,776.2,地表面,1.04,旧太田川,60.5,00,想定区域外,0,想定区域外,
1342,132.4471684,34.3837565,764.9,内水面,0.44,旧太田川,50.0,00,想定区域外,0,想定区域外,
1343,132.4471548,34.384207,756.6,内水面,0.44,旧太田川,44.7,00,想定区域外,0,想定区域外,
1344,132.4471411,34.3846574,751.7,内水面,0.44,旧太田川,39.6,00,想定区域外,0,想定区域外,
1345,132.4471274,34.3851079,750.0,内水面,0.44,旧太田川,35.6,00,想定区域外,0,想定区域外,
1346,132.4471137,34.3855584,751.7,内水面,0.34,旧太田川,32.5,00,想定区域外,0,想定区域外,
1347,132.4471,34.3860088,756.6,内水面,0.34,旧太田川,29.2,00,想定区域外,0,想定区域外,
1348,132.4470863,34.3864593,764.9,地表面,0.54,旧太田川,29.8,00,想定区域外,0,想定区域外,
1349,132.4470727,34.3869098,776.2,地表面,1.04,旧太田川,33.6,00,想定区域外,0,想定区域外,
1350,132.447059,34.3873603,790.6,内水面,0.44,旧太田川,31.0,00,想定区域外,0,想定区域外,
1351,132.4470453,34.3878107,807.8,内水面,0.44,旧太田川,18.6,00,想定区域外,0,想定区域外,
1352,132.4470316,34.3882612,827.6,内水面,0.44,旧太田川,4.4,00,想定区域外,0,想定区域外,
1353,132.4470179,34.3887117,850.0,内水面,0.64,旧太田川,33.2,00,想定区域外,0,想定区域外,
1354,132.4470042,34.3891621,874.6,地表面,2.74,旧太田川,61.3,00,想定区域外,3,3.0～5.0m未満,天満川・太田川・旧太田川
1355,132.4469906,34.3896126,901.4,地表面,2.04,旧太田川,85.3,00,想定区域外,3,3.0～5.0m未満,天満川・太田川・旧太田川
1356,132.4469769,34.3900631,930.1,地表面,1.94,旧太田川,104.4,00,想定区域外,4,5.0～10.0m未満,天満川・太田川・旧太田川
1357,132.4469632,34.3905135,960.5,地表面,2.34,旧太田川,126.0,00,想定区域外,3,3.0～5.0m未満,天満川・太田川・旧太田川
1358,132.4469495,34.390964,992.5,地表面,2.24,旧太田川,150.0,00,想定区域外,3,3.0～5.0m未満,天満川・太田川・旧太田川
1359,132.4469358,34.3914145,1025.9,地表面,2.04,旧太田川,176.7,00,想定区域外,3,3.0～5.0m未満,天満川・太田川・旧太田川
1360,132.4469221,34.3918649,1060.7,地表面,1.64,旧太田川,202.7,02,0.20～0.49m,4,5.0～10.0m未満,天満川・太田川・旧太田川
1361,132.4469085,34.3923154,1096.6,地表面,1.54,旧太田川,227.6,02,0.20～0.49m,4,5.0～10.0m未満,天満川・太田川・旧太田川
1362,132.4468948,34.3927659,1133.6,地表面,1.74,旧太田川,251.7,01,0.01～0.19m,4,5.0～10.0m未満,天満川・太田川・旧太田川
1363,132.4468811,34.3932163,1171.5,地表面,1.74,旧太田川,275.9,02,0.20～0.49m,4,5.0～10.0m未満,天満川・太田川・旧太田川
1364,132.4468674,34.3936668,1210.4,地表面,2.34,旧太田川,300.2,00,想定区域外,3,3.0～5.0m未満,天満川・太田川・旧太田川
1365,132.4468537,34.3941173,1250.0,地表面,2.24,天満川,312.9,00,想定区域外,4,5.0～10.0m未満,天満川・太田川・旧太田川
1366,132.44684,34.3945677,1290.3,地表面,2.24,天満川,307.7,01,0.01～0.19m,3,3.0～5.0m未満,天満川・太田川・旧太田川
1367,132.4468263,34.3950182,1331.4,地表面,1.94,天満川,303.0,00,想定区域外,4,5.0～10.0m未満,天満川・太田川・旧太田川
1368,132.4468126,34.3954687,1373.0,地表面,2.34,天満川,299.8,01,0.01～0.19m,4,5.0～10.0m未満,天満川・太田川・旧太田川
1369,132.4467989,34.3959191,1415.1,地表面,2.24,天満川,302.3,02,0.20～0.49m,4,5.0～10.0m未満,天満川・太田川・旧太田川
1370,132.4467853,34.3963696,1457.7,地表面,1.94,天満川,311.9,02,0.20～0.49m,4,5.0～10.0m未満,天満川・太田川・旧太田川
1371,132.4467716,34.3968201,1500.8,地表面,2.14,天満川,328.1,02,0.20～0.49m,4,5.0～10.0m未満,天満川・太田川・旧太田川
1372,132.4467579,34.3972705,1544.3,地表面,2.24,天満川,349.2,02,0.20～0.49m,4,5.0～10.0m未満,天満川・太田川・旧太田川
1373,132.4467442,34.397721,1588.2,地表面,2.54,天満川,349.9,00,想定区域外,4,5.0～10.0m未満,天満川・太田川・旧太田川
1374,132.4467305,34.3981715,1632.5,地表面,2.34,天満川,317.7,02,0.20～0.49m,4,5.0～10.0m未満,天満川・太田川・旧太田川
1375,132.4467168,34.398622,1677.1,地表面,2.24,天満川,286.0,01,0.01～0.19m,4,5.0～10.0m未満,天満川・太田川・旧太田川
1376,132.4467031,34.3990724,1721.9,地表面,2.64,天満川,254.9,01,0.01～0.19m,4,5.0～10.0m未満,天満川・太田川・旧太田川
1377,132.4466894,34.3995229,1767.1,地表面,2.64,天満川,225.1,00,想定区域外,4,5.0～10.0m未満,天満川・太田川・旧太田川
1378,132.4466757,34.3999734,1812.5,地表面,2.34,天満川,195.4,02,0.20～0.49m,4,5.0～10.0m未満,天満川・太田川・旧太田川
1379,132.446662,34.4004238,1858.1,地表面,2.64,天満川,166.3,01,0.01～0.19m,4,5.0～10.0m未満,天満川・太田川・旧太田川
1380,132.4466484,34.4008743,1903.9,地表面,2.84,天満川,142.9,00,想定区域外,3,3.0～5.0m未満,天満川・太田川・旧太田川
1381,132.4466347,34.4013248,1950.0,地表面,3.04,天満川,123.1,00,想定区域外,3,3.0～5.0m未満,天満川・太田川・旧太田川
1382,132.446621,34.4017752,1996.2,地表面,3.84,天満川,104.8,00,想定区域外,3,3.0～5.0m未満,天満川・太田川・旧太田川
1383,132.4481767,34.3684519,1978.0,地表面,2.14,元安川,598.5,00,想定区域外,2,0.5～3.0m未満,元安川・太田川・旧太田川
1384,132.448163,34.3689023,1931.3,地表面,1.94,元安川,585.0,02,0.20～0.49m,2,0.5～3.0m未満,元安川・太田川・旧太田川
1385,132.4481493,34.3693528,1884.8,地表面,1.94,元安川,572.2,02,0.20～0.49m,2,0.5～3.0m未満,元安川・太田川・旧太田川
1386,132.4481357,34.3698033,1838.5,地表面,0.44,元安川,559.3,02,0.20～0.49m,3,3.0～5.0m未満,元安川・太田川・旧太田川
1387,132.448122,34.3702538,1792.3,地表面,0.74,元安川,546.5,02,0.20～0.49m,3,3.0～5.0m未満,元安川・太田川・旧太田川
1388,132.4481083,34.3707042,1746.4,地表面,0.64,元安川,533.8,02,0.20～0.49m,3,3.0～5.0m未満,元安川・太田川・旧太田川
1389,132.4480946,34.3711547,1700.7,地表面,0.74,元安川,523.9,01,0.01～0.19m,3,3.0～5.0m未満,元安川・太田川・旧太田川
1390,132.448081,34.3716052,1655.3,地表面,0.74,元安川,514.4,00,想定区域外,3,3.0～5.0m未満,元安川・太田川・旧太田川
1391,132.4480673,34.3720556,1610.1,地表面,0.64,元安川,504.9,01,0.01～0.19m,3,3.0～5.0m未満,元安川・太田川・旧太田川
1392,132.4480536,34.3725061,1565.2,地表面,0.44,元安川,496.0,02,0.20～0.49m,3,3.0～5.0m未満,元安川・太田川・旧太田川
1393,132.44804,34.3729566,1520.7,地表面,0.74,元安川,489.0,01,0.01～0.19m,3,3.0～5.0m未満,元安川・太田川・旧太田川
1394,132.4480263,34.373407,1476.5,地表面,0.24,元安川,482.1,03,0.50～0.99m,3,3.0～5.0m未満,元安川・太田川・旧太田川
1395,132.4480126,34.3738575,1432.7,地表面,0.44,元安川,475.1,02,0.20～0.49m,3,3.0～5.0m未満,元安川・太田川・旧太田川
1396,132.447999,34.374308,1389.2,地表面,0.94,元安川,466.2,00,想定区域外,3,3.0～5.0m未満,元安川・太田川・旧太田川
1397,132.4479853,34.3747585,1346.3,地表面,0.64,元安川,456.8,02,0.20～0.49m,3,3.0～5.0m未満,元安川・太田川・旧太田川
1398,132.4479716,34.3752089,1303.8,地表面,0.64,元安川,445.9,02,0.20～0.49m,3,3.0～5.0m未満,元安川・太田川・旧太田川
1399,132.4479579,34.3756594,1261.9,地表面,0.74,元安川,433.9,01,0.01～0.19m,3,3.0～5.0m未満,元安川・太田川・旧太田川
1400,132.4479443,34.3761099,1220.7,地表面,0.64,元安川,421.9,02,0.20～0.49m,3,3.0～5.0m未満,元安川・太田川・旧太田川
1401,132.4479306,34.3765603,1180.0,地表面,0.74,旧太田川,409.1,02,0.20～0.49m,3,3.0～5.0m未満,元安川・太田川・旧太田川
1402,132.4479169,34.3770108,1140.2,地表面,1.94,旧太田川,382.4,00,想定区域外,3,3.0～5.0m未満,元安川・旧太田川
1403,132.4479032,34.3774613,1101.1,地表面,1.74,旧太田川,355.7,00,想定区域外,3,3.0～5.0m未満,元安川・旧太田川
1404,132.4478896,34.3779117,1063.0,地表面,1.74,旧太田川,329.0,00,想定区域外,3,3.0～5.0m未満,元安川・旧太田川
1405,132.4478759,34.3783622,1025.9,地表面,1.74,旧太田川,303.3,00,想定区域外,3,3.0～5.0m未満,元安川・旧太田川
1406,132.4478622,34.3788127,989.9,地表面,1.74,旧太田川,277.9,00,想定区域外,2,0.5～3.0m未満,元安川・太田川・旧太田川
1407,132.4478486,34.3792631,955.2,地表面,1.74,旧太田川,252.5,00,想定区域外,3,3.0～5.0m未満,元安川・太田川・旧太田川
1408,132.4478349,34.3797136,922.0,地表面,0.94,旧太田川,228.5,01,0.01～0.19m,3,3.0～5.0m未満,元安川・太田川・旧太田川
1409,132.4478212,34.3801641,890.2,地表面,0.84,旧太田川,205.9,02,0.20～0.49m,3,3.0～5.0m未満,元安川・太田川・旧太田川
1410,132.4478075,34.3806146,860.2,地表面,0.94,旧太田川,183.3,02,0.20～0.49m,3,3.0～5.0m未満,元安川・太田川・旧太田川
1411,132.4477938,34.381065,832.2,地表面,0.84,旧太田川,162.1,02,0.20～0.49m,3,3.0～5.0m未満,元安川・太田川・旧太田川
1412,132.4477802,34.3815155,806.2,地表面,0.94,旧太田川,145.3,02,0.20～0.49m,3,3.0～5.0m未満,元安川・太田川・旧太田川
1413,132.4477665,34.381966,782.6,地表面,1.04,旧太田川,137.2,02,0.20～0.49m,3,3.0～5.0m未満,元安川・太田川・旧太田川
1414,132.4477528,34.3824164,761.6,地表面,1.14,旧太田川,129.8,01,0.01～0.19m,3,3.0～5.0m未満,元安川・太田川・旧太田川
1415,132.4477391,34.3828669,743.3,地表面,1.34,旧太田川,120.3,00,想定区域外,3,3.0～5.0m未満,元安川・太田川・旧太田川
1416,132.4477255,34.3833174,728.0,地表面,2.74,旧太田川,109.2,00,想定区域外,2,0.5～3.0m未満,元安川・太田川・旧太田川
1417,132.4477118,34.3837678,715.9,地表面,2.94,旧太田川,99.7,00,想定区域外,2,0.5～3.0m未満,元安川・太田川・旧太田川
1418,132.4476981,34.3842183,707.1,地表面,3.14,旧太田川,94.4,00,想定区域外,2,0.5～3.0m未満,元安川・太田川・旧太田川
1419,132.4476844,34.3846688,701.8,地表面,2.24,旧太田川,89.4,00,想定区域外,3,3.0～5.0m未満,太田川
1420,132.4476708,34.3851192,700.0,地表面,3.04,旧太田川,85.5,01,0.01～0.19m,2,0.5～3.0m未満,元安川・太田川・旧太田川
1421,132.4476571,34.3855697,701.8,地表面,3.14,旧太田川,82.4,00,想定区域外,2,0.5～3.0m未満,元安川・太田川・旧太田川
1422,132.4476434,34.3860202,707.1,地表面,2.34,旧太田川,79.2,01,0.01～0.19m,3,3.0～5.0m未満,元安川・太田川・旧太田川
1423,132.4476297,34.3864707,715.9,地表面,2.34,旧太田川,79.7,02,0.20～0.49m,3,3.0～5.0m未満,元安川・太田川・旧太田川
1424,132.447616,34.3869211,728.0,地表面,2.44,旧太田川,83.4,01,0.01～0.19m,3,3.0～5.0m未満,元安川・太田川・旧太田川
1425,132.4476024,34.3873716,743.3,地表面,2.74,旧太田川,79.9,00,想定区域外,0,想定区域外,
1426,132.4475887,34.3878221,761.6,地表面,4.24,旧太田川,65.2,00,想定区域外,0,想定区域外,
1427,132.447575,34.3882725,782.6,内水面,0.44,旧太田川,36.3,00,想定区域外,0,想定区域外,
1428,132.4475613,34.388723,806.2,内水面,0.54,旧太田川,8.0,00,想定区域外,0,想定区域外,
1429,132.4475476,34.3891735,832.2,内水面,0.44,旧太田川,17.4,00,想定区域外,0,想定区域外,
1430,132.4475339,34.3896239,860.2,地表面,3.34,旧太田川,39.1,00,想定区域外,0,想定区域外,
1431,132.4475203,34.3900744,890.2,地表面,2.74,旧太田川,59.0,00,想定区域外,0,想定区域外,
1432,132.4475066,34.3905249,922.0,地表面,3.14,旧太田川,81.3,00,想定区域外,3,3.0～5.0m未満,天満川・太田川・旧太田川
1433,132.4474929,34.3909753,955.2,地表面,2.34,旧太田川,107.7,00,想定区域外,3,3.0～5.0m未満,天満川・太田川・旧太田川
1434,132.4474792,34.3914258,989.9,地表面,1.94,旧太田川,134.1,01,0.01～0.19m,4,5.0～10.0m未満,天満川・太田川・旧太田川
1435,132.4474655,34.3918763,1025.9,地表面,2.14,旧太田川,159.6,00,想定区域外,3,3.0～5.0m未満,天満川・太田川・旧太田川
1436,132.4474519,34.3923267,1063.0,地表面,1.74,旧太田川,183.8,00,想定区域外,4,5.0～10.0m未満,天満川・太田川・旧太田川
1437,132.4474382,34.3927772,1101.1,地表面,2.04,旧太田川,207.9,01,0.01～0.19m,4,5.0～10.0m未満,天満川・太田川・旧太田川
1438,132.4474245,34.3932277,1140.2,地表面,1.94,旧太田川,232.2,01,0.01～0.19m,4,5.0～10.0m未満,天満川・太田川・旧太田川
1439,132.4474108,34.3936782,1180.0,地表面,2.14,旧太田川,256.6,00,想定区域外,3,3.0～5.0m未満,天満川・太田川・旧太田川
1440,132.4473971,34.3941286,1220.7,地表面,2.34,旧太田川,281.0,00,想定区域外,3,3.0～5.0m未満,天満川・太田川・旧太田川
1441,132.4473834,34.3945791,1261.9,地表面,2.24,旧太田川,305.4,01,0.01～0.19m,4,5.0～10.0m未満,太田川
1442,132.4473697,34.3950296,1303.8,地表面,2.24,旧太田川,330.3,02,0.20～0.49m,4,5.0～10.0m未満,天満川・太田川
1443,132.4473561,34.39548,1346.3,地表面,2.14,天満川,349.8,02,0.20～0.49m,4,5.0～10.0m未満,天満川・太田川・旧太田川
1444,132.4473424,34.3959305,1389.2,地表面,2.14,天満川,352.1,02,0.20～0.49m,4,5.0～10.0m未満,天満川・太田川・旧太田川
1445,132.4473287,34.396381,1432.7,地表面,2.54,天満川,360.4,01,0.01～0.19m,4,5.0～10.0m未満,天満川・太田川・旧太田川
1446,132.447315,34.3968314,1476.5,地表面,2.34,天満川,374.6,01,0.01～0.19m,4,5.0～10.0m未満,天満川・太田川
1447,132.4473013,34.3972819,1520.7,地表面,2.24,天満川,394.2,02,0.20～0.49m,4,5.0～10.0m未満,天満川・太田川・旧太田川
1448,132.4472876,34.3977324,1565.2,地表面,2.14,天満川,388.1,02,0.20～0.49m,4,5.0～10.0m未満,天満川・太田川・旧太田川
1449,132.4472739,34.3981828,1610.1,地表面,2.34,天満川,356.4,02,0.20～0.49m,4,5.0～10.0m未満,天満川・太田川・旧太田川
1450,132.4472603,34.3986333,1655.3,地表面,2.54,天満川,324.9,02,0.20～0.49m,4,5.0～10.0m未満,天満川・太田川・旧太田川
1451,132.4472466,34.3990838,1700.7,地表面,2.54,天満川,295.1,01,0.01～0.19m,4,5.0～10.0m未満,天満川・太田川・旧太田川
1452,132.4472329,34.3995342,1746.4,地表面,2.94,天満川,265.3,01,0.01～0.19m,4,5.0～10.0m未満,天満川・太田川・旧太田川
1453,132.4472192,34.3999847,1792.3,地表面,2.84,天満川,235.8,00,想定区域外,4,5.0～10.0m未満,天満川・太田川・旧太田川
1454,132.4472055,34.4004352,1838.5,地表面,2.34,天満川,209.4,00,想定区域外,4,5.0～10.0m未満,天満川・太田川・旧太田川
1455,132.4471918,34.4008856,1884.8,地表面,2.74,天満川,188.4,01,0.01～0.19m,4,5.0～10.0m未満,天満川・太田川・旧太田川
1456,132.4471781,34.4013361,1931.3,地表面,2.44,天満川,169.3,02,0.20～0.49m,4,5.0～10.0m未満,天満川・太田川・旧太田川
1457,132.4471644,34.4017866,1978.0,地表面,2.64,天満川,151.9,01,0.01～0.19m,4,5.0～10.0m未満,天満川・太田川・旧太田川
1458,132.4487199,34.3684632,1960.9,地表面,1.84,元安川,550.4,02,0.20～0.49m,2,0.5～3.0m未満,元安川・太田川・旧太田川
1459,132.4487062,34.3689137,1913.8,地表面,1.94,元安川,536.7,02,0.20～0.49m,2,0.5～3.0m未満,元安川・太田川・旧太田川
1460,132.4486926,34.3693641,1866.8,地表面,2.14,元安川,523.9,01,0.01～0.19m,2,0.5～3.0m未満,元安川・太田川・旧太田川
1461,132.4486789,34.3698146,1820.0,地表面,0.44,元安川,511.0,02,0.20～0.49m,3,3.0～5.0m未満,元安川・太田川・旧太田川
1462,132.4486652,34.3702651,1773.4,地表面,0.44,元安川,498.1,02,0.20～0.49m,3,3.0～5.0m未満,元安川・太田川・旧太田川
1463,132.4486516,34.3707156,1727.0,地表面,0.64,元安川,485.3,02,0.20～0.49m,3,3.0～5.0m未満,元安川・太田川・旧太田川
1464,132.4486379,34.371166,1680.8,地表面,1.14,元安川,474.8,02,0.20～0.49m,3,3.0～5.0m未満,元安川・太田川・旧太田川
1465,132.4486242,34.3716165,1634.8,地表面,0.94,元安川,465.3,00,想定区域外,3,3.0～5.0m未満,元安川・太田川・旧太田川
1466,132.4486106,34.372067,1589.0,地表面,1.24,元安川,455.8,00,想定区域外,3,3.0～5.0m未満,元安川・太田川・旧太田川
1467,132.4485969,34.3725174,1543.5,地表面,1.04,元安川,446.5,00,想定区域外,3,3.0～5.0m未満,元安川・太田川・旧太田川
1468,132.4485832,34.3729679,1498.3,地表面,0.44,元安川,439.5,02,0.20～0.49m,3,3.0～5.0m未満,元安川・太田川・旧太田川
1469,132.4485696,34.3734184,1453.4,地表面,0.64,元安川,432.5,02,0.20～0.49m,3,3.0～5.0m未満,元安川・太田川・旧太田川
1470,132.4485559,34.3738688,1408.9,地表面,0.34,元安川,425.6,02,0.20～0.49m,3,3.0～5.0m未満,元安川・太田川・旧太田川
1471,132.4485422,34.3743193,1364.7,地表面,0.54,元安川,417.1,03,0.50～0.99m,3,3.0～5.0m未満,元安川・太田川・旧太田川
1472,132.4485286,34.3747698,1321.0,地表面,0.64,元安川,407.7,02,0.20～0.49m,3,3.0～5.0m未満,元安川・太田川・旧太田川
1473,132.4485149,34.3752203,1277.7,地表面,0.64,元安川,397.3,01,0.01～0.19m,3,3.0～5.0m未満,元安川・太田川・旧太田川
1474,132.4485012,34.3756707,1234.9,地表面,0.74,元安川,385.4,01,0.01～0.19m,3,3.0～5.0m未満,元安川・太田川・旧太田川
1475,132.4484876,34.3761212,1192.7,地表面,0.74,元安川,373.4,02,0.20～0.49m,3,3.0～5.0m未満,元安川・太田川・旧太田川
1476,132.4484739,34.3765717,1151.1,地表面,1.04,元安川,361.4,00,想定区域外,3,3.0～5.0m未満,元安川・太田川・旧太田川
1477,132.4484602,34.3770221,1110.2,地表面,1.84,元安川,349.2,00,想定区域外,2,0.5～3.0m未満,元安川・太田川・旧太田川
1478,132.4484466,34.3774726,1070.0,地表面,0.64,元安川,336.8,02,0.20～0.49m,3,3.0～5.0m未満,元安川・太田川・旧太田川
1479,132.4484329,34.3779231,1030.8,地表面,0.74,元安川,322.7,02,0.20～0.49m,3,3.0～5.0m未満,元安川・太田川・旧太田川
1480,132.4484192,34.3783735,992.5,地表面,0.64,元安川,306.5,02,0.20～0.49m,3,3.0～5.0m未満,元安川・太田川・旧太田川
1481,132.4484055,34.378824,955.2,地表面,0.74,元安川,290.3,02,0.20～0.49m,3,3.0～5.0m未満,元安川・太田川・旧太田川
1482,132.4483919,34.3792745,919.2,地表面,1.04,元安川,275.0,02,0.20～0.49m,3,3.0～5.0m未満,元安川・太田川・旧太田川
1483,132.4483782,34.379725,884.6,地表面,1.04,元安川,261.6,01,0.01～0.19m,3,3.0～5.0m未満,元安川・太田川・旧太田川
1484,132.4483645,34.3801754,851.5,地表面,1.24,元安川,247.6,02,0.20～0.49m,3,3.0～5.0m未満,元安川・太田川・旧太田川
1485,132.4483509,34.3806259,820.1,地表面,1.04,旧太田川,227.9,02,0.20～0.49m,3,3.0～5.0m未満,元安川・太田川・旧太田川
1486,132.4483372,34.3810764,790.6,地表面,0.74,旧太田川,208.8,03,0.50～0.99m,3,3.0～5.0m未満,元安川・太田川・旧太田川
1487,132.4483235,34.3815268,763.2,地表面,1.54,旧太田川,194.3,00,想定区域外,3,3.0～5.0m未満,元安川・太田川・旧太田川
1488,132.4483098,34.3819773,738.2,地表面,0.94,旧太田川,186.7,02,0.20～0.49m,3,3.0～5.0m未満,元安川・太田川・旧太田川
1489,132.4482962,34.3824278,715.9,地表面,1.24,旧太田川,179.2,01,0.01～0.19m,3,3.0～5.0m未満,元安川・太田川・旧太田川
1490,132.4482825,34.3828782,696.4,地表面,1.54,旧太田川,169.1,00,想定区域外,3,3.0～5.0m未満,元安川・太田川・旧太田川
1491,132.4482688,34.3833287,680.1,地表面,1.54,旧太田川,158.0,00,想定区域外,3,3.0～5.0m未満,元安川・太田川・旧太田川
1492,132.4482551,34.3837792,667.1,地表面,1.84,旧太田川,149.4,01,0.01～0.19m,3,3.0～5.0m未満,元安川・太田川・旧太田川
1493,132.4482415,34.3842296,657.6,地表面,1.84,旧太田川,144.1,00,想定区域外,2,0.5～3.0m未満,元安川・太田川・旧太田川
1494,132.4482278,34.3846801,651.9,地表面,1.84,旧太田川,139.2,01,0.01～0.19m,3,3.0～5.0m未満,元安川・太田川・旧太田川
1495,132.4482141,34.3851306,650.0,地表面,2.14,旧太田川,135.4,01,0.01～0.19m,3,3.0～5.0m未満,太田川
1496,132.4482004,34.3855811,651.9,地表面,2.44,旧太田川,132.3,01,0.01～0.19m,2,0.5～3.0m未満,元安川・太田川・旧太田川
1497,132.4481868,34.3860315,657.6,地表面,2.54,旧太田川,129.2,01,0.01～0.19m,2,0.5～3.0m未満,元安川・太田川・旧太田川
1498,132.4481731,34.386482,667.1,地表面,2.54,旧太田川,129.7,01,0.01～0.19m,2,0.5～3.0m未満,元安川・太田川・旧太田川
1499,132.4481594,34.3869325,680.1,地表面,2.44,旧太田川,133.3,02,0.20～0.49m,3,3.0～5.0m未満,元安川・太田川・旧太田川
1500,132.4481457,34.3873829,696.4,地表面,3.34,旧太田川,128.6,00,想定区域外,2,0.5～3.0m未満,元安川・太田川・旧太田川
1501,132.448132,34.3878334,715.9,地表面,3.94,旧太田川,105.9,00,想定区域外,2,0.5～3.0m未満,元安川・太田川・旧太田川
1502,132.4481184,34.3882839,738.2,地表面,3.44,旧太田川,77.5,01,0.01～0.19m,2,0.5～3.0m未満,元安川・太田川・旧太田川
1503,132.4481047,34.3887343,763.2,地表面,4.04,旧太田川,50.5,00,想定区域外,2,0.5～3.0m未満,元安川・太田川・旧太田川
1504,132.448091,34.3891848,790.6,内水面,0.44,旧太田川,26.4,00,想定区域外,0,想定区域外,
1505,132.4480773,34.3896353,820.1,内水面,0.44,旧太田川,7.1,00,想定区域外,0,想定区域外,
1506,132.4480637,34.3900857,851.5,内水面,0.54,旧太田川,14.2,00,想定区域外,0,想定区域外,
1507,132.44805,34.3905362,884.6,内水面,0.44,旧太田川,38.8,00,想定区域外,0,想定区域外,
1508,132.4480363,34.3909867,919.2,地表面,3.34,旧太田川,65.5,00,想定区域外,0,想定区域外,
1509,132.4480226,34.3914372,955.2,地表面,2.74,旧太田川,91.3,00,想定区域外,3,3.0～5.0m未満,天満川・太田川・旧太田川
1510,132.4480089,34.3918876,992.5,地表面,3.44,旧太田川,115.8,00,想定区域外,3,3.0～5.0m未満,天満川・太田川・旧太田川
1511,132.4479953,34.3923381,1030.8,地表面,2.34,旧太田川,140.0,00,想定区域外,3,3.0～5.0m未満,天満川・太田川・旧太田川
1512,132.4479816,34.3927886,1070.0,地表面,1.74,旧太田川,164.1,01,0.01～0.19m,4,5.0～10.0m未満,天満川・太田川・旧太田川
1513,132.4479679,34.393239,1110.2,地表面,1.94,旧太田川,188.5,01,0.01～0.19m,4,5.0～10.0m未満,天満川・太田川・旧太田川
1514,132.4479542,34.3936895,1151.1,地表面,2.24,旧太田川,212.9,01,0.01～0.19m,4,5.0～10.0m未満,天満川・太田川・旧太田川
1515,132.4479405,34.39414,1192.7,地表面,2.44,旧太田川,237.3,00,想定区域外,3,3.0～5.0m未満,天満川・太田川・旧太田川
1516,132.4479268,34.3945904,1234.9,地表面,2.94,旧太田川,261.8,00,想定区域外,3,3.0～5.0m未満,天満川・太田川・旧太田川
1517,132.4479132,34.3950409,1277.7,地表面,2.54,旧太田川,284.2,01,0.01～0.19m,3,3.0～5.0m未満,天満川・太田川・旧太田川
1518,132.4478995,34.3954914,1321.0,地表面,3.04,旧太田川,306.9,00,想定区域外,3,3.0～5.0m未満,天満川・太田川・旧太田川
1519,132.4478858,34.3959418,1364.7,地表面,2.24,旧太田川,330.8,01,0.01～0.19m,4,5.0～10.0m未満,天満川・太田川・旧太田川
1520,132.4478721,34.3963923,1408.9,地表面,2.44,旧太田川,355.3,00,想定区域外,4,5.0～10.0m未満,太田川
1521,132.4478584,34.3968428,1453.4,地表面,2.24,旧太田川,379.8,02,0.20～0.49m,4,5.0～10.0m未満,天満川・太田川・旧太田川
1522,132.4478448,34.3972932,1498.3,地表面,2.34,旧太田川,404.3,02,0.20～0.49m,4,5.0～10.0m未満,天満川・太田川・旧太田川
1523,132.4478311,34.3977437,1543.5,地表面,2.54,天満川,426.7,01,0.01～0.19m,4,5.0～10.0m未満,天満川・太田川・旧太田川
1524,132.4478174,34.3981942,1589.0,地表面,2.24,天満川,395.0,02,0.20～0.49m,4,5.0～10.0m未満,天満川・太田川・旧太田川
1525,132.4478037,34.3986446,1634.8,地表面,2.64,天満川,365.0,01,0.01～0.19m,3,3.0～5.0m未満,天満川・太田川・旧太田川
1526,132.44779,34.3990951,1680.8,地表面,2.54,天満川,335.2,01,0.01～0.19m,3,3.0～5.0m未満,天満川・太田川・旧太田川
1527,132.4477763,34.3995456,1727.0,地表面,2.54,天満川,305.6,02,0.20～0.49m,4,5.0～10.0m未満,天満川・太田川・旧太田川
1528,132.4477626,34.399996,1773.4,地表面,2.34,天満川,277.7,02,0.20～0.49m,4,5.0～10.0m未満,天満川・太田川・旧太田川
1529,132.447749,34.4004465,1820.0,地表面,2.54,天満川,254.6,02,0.20～0.49m,4,5.0～10.0m未満,太田川
1530,132.4477353,34.400897,1866.8,地表面,2.74,天満川,234.6,01,0.01～0.19m,4,5.0～10.0m未満,太田川
1531,132.4477216,34.4013475,1913.8,地表面,2.64,天満川,215.7,02,0.20～0.49m,4,5.0～10.0m未満,太田川
1532,132.4477079,34.4017979,1960.9,地表面,2.64,天満川,197.5,02,0.20～0.49m,4,5.0～10.0m未満,天満川・太田川・旧太田川
1533,132.4492768,34.3680241,1992.5,地表面,1.74,元安川,514.6,02,0.20～0.49m,2,0.5～3.0m未満,元安川・太田川・旧太田川
1534,132.4492632,34.3684745,1944.9,地表面,1.84,元安川,502.2,02,0.20～0.49m,2,0.5～3.0m未満,元安川・太田川・旧太田川
1535,132.4492495,34.368925,1897.4,地表面,2.14,元安川,488.6,01,0.01～0.19m,2,0.5～3.0m未満,元安川・太田川・旧太田川
1536,132.4492358,34.3693755,1850.0,地表面,2.34,元安川,475.5,00,想定区域外,2,0.5～3.0m未満,元安川・太田川・旧太田川
1537,132.4492222,34.3698259,1802.8,地表面,2.34,元安川,462.7,01,0.01～0.19m,2,0.5～3.0m未満,元安川・太田川・旧太田川
1538,132.4492085,34.3702764,1755.7,地表面,0.54,元安川,449.8,03,0.50～0.99m,3,3.0～5.0m未満,元安川・太田川・旧太田川
1539,132.4491948,34.3707269,1708.8,地表面,0.34,元安川,437.0,02,0.20～0.49m,3,3.0～5.0m未満,元安川・太田川・旧太田川
1540,132.4491812,34.3711774,1662.1,地表面,0.24,元安川,425.7,03,0.50～0.99m,3,3.0～5.0m未満,元安川・太田川・旧太田川
1541,132.4491675,34.3716278,1615.5,地表面,0.34,元安川,416.2,03,0.50～0.99m,3,3.0～5.0m未満,元安川・太田川・旧太田川
1542,132.4491539,34.3720783,1569.2,地表面,0.14,元安川,406.7,03,0.50～0.99m,3,3.0～5.0m未満,元安川・太田川・旧太田川
1543,132.4491402,34.3725288,1523.2,地表面,0.84,元安川,397.2,01,0.01～0.19m,3,3.0～5.0m未満,元安川・太田川・旧太田川
1544,132.4491265,34.3729792,1477.3,地表面,0.84,元安川,390.0,01,0.01～0.19m,3,3.0～5.0m未満,元安川・太田川・旧太田川
1545,132.4491129,34.3734297,1431.8,地表面,0.84,元安川,383.0,01,0.01～0.19m,3,3.0～5.0m未満,元安川・太田川・旧太田川
1546,132.4490992,34.3738802,1386.5,地表面,0.64,元安川,376.1,02,0.20～0.49m,3,3.0～5.0m未満,元安川・太田川・旧太田川
1547,132.4490855,34.3743307,1341.6,地表面,0.54,元安川,368.0,02,0.20～0.49m,3,3.0～5.0m未満,元安川・太田川・旧太田川
1548,132.4490719,34.3747811,1297.1,地表面,0.64,元安川,358.6,02,0.20～0.49m,3,3.0～5.0m未満,元安川・太田川・旧太田川
1549,132.4490582,34.3752316,1253.0,地表面,0.44,元安川,348.8,02,0.20～0.49m,3,3.0～5.0m未満,元安川・太田川・旧太田川
1550,132.4490445,34.3756821,1209.3,地表面,0.74,元安川,336.8,02,0.20～0.49m,3,3.0～5.0m未満,元安川・太田川・旧太田川
1551,132.4490309,34.3761325,1166.2,地表面,0.74,元安川,324.8,02,0.20～0.49m,3,3.0～5.0m未満,元安川・太田川・旧太田川
1552,132.4490172,34.376583,1123.6,地表面,0.84,元安川,312.9,02,0.20～0.49m,3,3.0～5.0m未満,元安川・太田川・旧太田川
1553,132.4490035,34.3770335,1081.7,地表面,0.74,元安川,300.7,02,0.20～0.49m,3,3.0～5.0m未満,元安川・太田川・旧太田川
1554,132.4489899,34.3774839,1040.4,地表面,0.74,元安川,288.4,02,0.20～0.49m,3,3.0～5.0m未満,元安川・太田川・旧太田川
1555,132.4489762,34.3779344,1000.0,地表面,0.94,元安川,275.4,01,0.01～0.19m,3,3.0～5.0m未満,元安川・太田川・旧太田川
1556,132.4489625,34.3783849,960.5,地表面,0.44,元安川,259.2,02,0.20～0.49m,3,3.0～5.0m未満,元安川・太田川・旧太田川
1557,132.4489489,34.3788354,922.0,地表面,1.04,元安川,243.0,02,0.20～0.49m,3,3.0～5.0m未満,元安川・太田川・旧太田川
1558,132.4489352,34.3792858,884.6,地表面,0.94,元安川,226.9,01,0.01～0.19m,3,3.0～5.0m未満,元安川・太田川・旧太田川
1559,132.4489215,34.3797363,848.5,地表面,0.64,元安川,213.4,02,0.20～0.49m,3,3.0～5.0m未満,元安川・太田川・旧太田川
1560,132.4489079,34.3801868,813.9,地表面,0.84,元安川,199.7,02,0.20～0.49m,3,3.0～5.0m未満,元安川・太田川・旧太田川
1561,132.4488942,34.3806372,781.0,地表面,0.84,元安川,186.4,02,0.20～0.49m,3,3.0～5.0m未満,元安川・太田川・旧太田川
1562,132.4488805,34.3810877,750.0,地表面,0.74,元安川,178.7,02,0.20～0.49m,3,3.0～5.0m未満,元安川・太田川・旧太田川
1563,132.4488668,34.3815382,721.1,地表面,0.94,元安川,174.3,02,0.20～0.49m,3,3.0～5.0m未満,元安川・太田川・旧太田川
1564,132.4488532,34.3819886,694.6,地表面,1.14,元安川,171.1,02,0.20～0.49m,3,3.0～5.0m未満,元安川・太田川・旧太田川
1565,132.4488395,34.3824391,670.8,地表面,0.94,元安川,167.0,02,0.20～0.49m,3,3.0～5.0m未満,元安川・太田川・旧太田川
1566,132.4488258,34.3828896,650.0,地表面,1.44,元安川,159.3,00,想定区域外,3,3.0～5.0m未満,元安川・太田川・旧太田川
1567,132.4488122,34.38334,632.5,地表面,1.44,元安川,146.3,00,想定区域外,3,3.0～5.0m未満,元安川・太田川・旧太田川
1568,132.4487985,34.3837905,618.5,地表面,1.84,元安川,134.4,01,0.01～0.19m,3,3.0～5.0m未満,元安川・太田川・旧太田川
1569,132.4487848,34.384241,608.3,地表面,1.74,元安川,123.1,02,0.20～0.49m,3,3.0～5.0m未満,元安川・太田川・旧太田川
1570,132.4487711,34.3846915,602.1,地表面,1.84,元安川,113.7,01,0.01～0.19m,3,3.0～5.0m未満,元安川・太田川・旧太田川
1571,132.4487575,34.3851419,600.0,地表面,2.34,元安川,110.6,00,想定区域外,2,0.5～3.0m未満,元安川・太田川・旧太田川
1572,132.4487438,34.3855924,602.1,地表面,2.04,元安川,115.0,02,0.20～0.49m,3,3.0～5.0m未満,元安川・太田川・旧太田川
1573,132.4487301,34.3860429,608.3,地表面,2.34,元安川,122.6,00,想定区域外,3,3.0～5.0m未満,元安川・太田川・旧太田川
1574,132.4487164,34.3864933,618.5,地表面,2.54,元安川,134.6,01,0.01～0.19m,3,3.0～5.0m未満,元安川・太田川・旧太田川
1575,132.4487028,34.3869438,632.5,地表面,2.54,元安川,148.5,02,0.20～0.49m,3,3.0～5.0m未満,元安川・太田川・旧太田川
1576,132.4486891,34.3873943,650.0,地表面,2.54,元安川,163.6,01,0.01～0.19m,3,3.0～5.0m未満,元安川・太田川・旧太田川
1577,132.4486754,34.3878447,670.8,地表面,3.24,旧太田川,147.0,00,想定区域外,2,0.5～3.0m未満,元安川・太田川・旧太田川
1578,132.4486617,34.3882952,694.6,地表面,3.64,旧太田川,118.8,00,想定区域外,2,0.5～3.0m未満,元安川・太田川・旧太田川
1579,132.4486481,34.3887457,721.1,地表面,4.54,旧太田川,94.3,00,想定区域外,2,0.5～3.0m未満,元安川・太田川・旧太田川
1580,132.4486344,34.3891961,750.0,地表面,4.64,旧太田川,72.4,00,想定区域外,2,0.5～3.0m未満,元安川・太田川・旧太田川
1581,132.4486207,34.3896466,781.0,地表面,3.44,旧太田川,52.8,00,想定区域外,0,想定区域外,
1582,132.448607,34.3900971,813.9,内水面,0.44,旧太田川,30.2,00,想定区域外,0,想定区域外,
1583,132.4485934,34.3905476,848.5,内水面,0.44,旧太田川,3.5,00,想定区域外,0,想定区域外,
1584,132.4485797,34.390998,884.6,内水面,0.44,旧太田川,22.7,00,想定区域外,0,想定区域外,
1585,132.448566,34.3914485,922.0,内水面,0.84,旧太田川,47.9,00,想定区域外,0,想定区域外,
1586,132.4485523,34.391899,960.5,地表面,3.94,旧太田川,72.0,00,想定区域外,3,3.0～5.0m未満,天満川・太田川・旧太田川
1587,132.4485387,34.3923494,1000.0,地表面,2.54,旧太田川,96.2,00,想定区域外,3,3.0～5.0m未満,天満川・太田川・旧太田川
1588,132.448525,34.3927999,1040.4,地表面,2.44,旧太田川,120.5,01,0.01～0.19m,3,3.0～5.0m未満,天満川・太田川・旧太田川
1589,132.4485113,34.3932504,1081.7,地表面,1.94,旧太田川,144.9,00,想定区域外,4,5.0～10.0m未満,天満川・太田川・旧太田川
1590,132.4484976,34.3937008,1123.6,地表面,2.04,旧太田川,169.3,00,想定区域外,4,5.0～10.0m未満,天満川・太田川・旧太田川
1591,132.4484839,34.3941513,1166.2,地表面,2.64,旧太田川,193.7,01,0.01～0.19m,3,3.0～5.0m未満,天満川・太田川・旧太田川
1592,132.4484703,34.3946018,1209.3,地表面,3.64,旧太田川,218.8,00,想定区域外,3,3.0～5.0m未満,天満川・太田川・旧太田川
1593,132.4484566,34.3950522,1253.0,地表面,2.74,旧太田川,239.3,01,0.01～0.19m,3,3.0～5.0m未満,天満川・太田川・旧太田川
1594,132.4484429,34.3955027,1297.1,地表面,2.64,旧太田川,262.8,00,想定区域外,3,3.0～5.0m未満,天満川・太田川・旧太田川
1595,132.4484292,34.3959532,1341.6,地表面,2.54,旧太田川,287.2,00,想定区域外,4,5.0～10.0m未満,天満川・太田川・旧太田川
1596,132.4484155,34.3964036,1386.5,地表面,2.84,旧太田川,311.7,00,想定区域外,3,3.0～5.0m未満,天満川・太田川・旧太田川
1597,132.4484019,34.3968541,1431.8,地表面,2.54,旧太田川,336.2,01,0.01～0.19m,4,5.0～10.0m未満,天満川・太田川・旧太田川
1598,132.4483882,34.3973046,1477.3,地表面,2.24,旧太田川,360.8,02,0.20～0.49m,4,5.0～10.0m未満,天満川・太田川・旧太田川
1599,132.4483745,34.3977551,1523.2,地表面,2.54,旧太田川,381.6,01,0.01～0.19m,4,5.0～10.0m未満,天満川・太田川・旧太田川
1600,132.4483608,34.3982055,1569.2,地表面,2.44,旧太田川,377.1,02,0.20～0.49m,4,5.0～10.0m未満,天満川・太田川・旧太田川
1601,132.4483471,34.398656,1615.5,地表面,2.34,旧太田川,369.0,02,0.20～0.49m,4,5.0～10.0m未満,天満川・太田川・旧太田川
1602,132.4483335,34.3991065,1662.1,地表面,2.64,旧太田川,352.6,00,想定区域外,3,3.0～5.0m未満,天満川・太田川・旧太田川
1603,132.4483198,34.3995569,1708.8,地表面,2.44,旧太田川,329.0,02,0.20～0.49m,4,5.0～10.0m未満,天満川・太田川・旧太田川
1604,132.4483061,34.4000074,1755.7,地表面,2.74,旧太田川,309.1,00,想定区域外,4,5.0～10.0m未満,天満川・太田川・旧太田川
1605,132.4482924,34.4004579,1802.8,地表面,2.54,旧太田川,291.4,01,0.01～0.19m,4,5.0～10.0m未満,天満川・太田川・旧太田川
1606,132.4482787,34.4009083,1850.0,地表面,2.54,旧太田川,276.8,02,0.20～0.49m,4,5.0～10.0m未満,天満川・太田川・旧太田川
1607,132.448265,34.4013588,1897.4,地表面,2.54,天満川,262.9,02,0.20～0.49m,4,5.0～10.0m未満,天満川・太田川・旧太田川
1608,132.4482514,34.4018093,1944.9,地表面,2.34,天満川,242.0,02,0.20～0.49m,4,5.0～10.0m未満,天満川・太田川・旧太田川
1609,132.4482377,34.4022597,1992.5,地表面,2.54,天満川,215.9,02,0.20～0.49m,4,5.0～10.0m未満,天満川・太田川・旧太田川
1610,132.4498201,34.3680354,1978.0,地表面,1.54,元安川,465.2,03,0.50～0.99m,2,0.5～3.0m未満,元安川・太田川・旧太田川
1611,132.4498064,34.3684859,1930.0,地表面,1.64,元安川,453.8,03,0.50～0.99m,2,0.5～3.0m未満,元安川・太田川・旧太田川
1612,132.4497928,34.3689363,1882.2,地表面,1.74,元安川,440.5,02,0.20～0.49m,2,0.5～3.0m未満,元安川・太田川・旧太田川
1613,132.4497791,34.3693868,1834.4,地表面,2.04,元安川,427.2,01,0.01～0.19m,2,0.5～3.0m未満,元安川・太田川・旧太田川
1614,132.4497654,34.3698373,1786.8,地表面,2.34,元安川,414.4,01,0.01～0.19m,2,0.5～3.0m未満,元安川・太田川・旧太田川
1615,132.4497518,34.3702877,1739.3,地表面,1.94,元安川,401.5,01,0.01～0.19m,2,0.5～3.0m未満,元安川・太田川・旧太田川
1616,132.4497381,34.3707382,1691.9,地表面,0.84,元安川,388.7,02,0.20～0.49m,3,3.0～5.0m未満,元安川・太田川・旧太田川
1617,132.4497245,34.3711887,1644.7,地表面,0.54,元安川,376.6,01,0.01～0.19m,3,3.0～5.0m未満,元安川・太田川・旧太田川
1618,132.4497108,34.3716392,1597.7,地表面,0.34,元安川,367.1,02,0.20～0.49m,3,3.0～5.0m未満,元安川・太田川・旧太田川
1619,132.4496971,34.3720896,1550.8,地表面,0.64,元安川,357.6,02,0.20～0.49m,3,3.0～5.0m未満,元安川・太田川・旧太田川
1620,132.4496835,34.3725401,1504.2,地表面,0.74,元安川,348.1,02,0.20～0.49m,3,3.0～5.0m未満,元安川・太田川・旧太田川
1621,132.4496698,34.3729906,1457.7,地表面,0.74,元安川,340.5,02,0.20～0.49m,3,3.0～5.0m未満,元安川・太田川・旧太田川
1622,132.4496561,34.373441,1411.6,地表面,0.54,元安川,333.5,02,0.20～0.49m,3,3.0～5.0m未満,元安川・太田川・旧太田川
1623,132.4496425,34.3738915,1365.7,地表面,0.44,元安川,326.6,01,0.01～0.19m,3,3.0～5.0m未満,元安川・太田川・旧太田川
1624,132.4496288,34.374342,1320.0,地表面,0.34,元安川,318.9,02,0.20～0.49m,3,3.0～5.0m未満,元安川・太田川・旧太田川
1625,132.4496152,34.3747925,1274.8,地表面,0.64,元安川,309.5,01,0.01～0.19m,3,3.0～5.0m未満,元安川・太田川・旧太田川
1626,132.4496015,34.3752429,1229.8,地表面,0.84,元安川,300.0,02,0.20～0.49m,3,3.0～5.0m未満,元安川・太田川・旧太田川
1627,132.4495878,34.3756934,1185.3,地表面,0.64,元安川,288.3,02,0.20～0.49m,3,3.0～5.0m未満,元安川・太田川・旧太田川
1628,132.4495742,34.3761439,1141.3,地表面,0.74,元安川,276.3,02,0.20～0.49m,3,3.0～5.0m未満,元安川・太田川・旧太田川
1629,132.4495605,34.3765943,1097.7,地表面,0.44,元安川,264.3,02,0.20～0.49m,3,3.0～5.0m未満,元安川・太田川・旧太田川
1630,132.4495468,34.3770448,1054.8,地表面,0.44,元安川,252.3,02,0.20～0.49m,3,3.0～5.0m未満,元安川・太田川・旧太田川
1631,132.4495332,34.3774953,1012.4,地表面,0.54,元安川,239.9,02,0.20～0.49m,3,3.0～5.0m未満,元安川・太田川・旧太田川
1632,132.4495195,34.3779457,970.8,地表面,0.74,元安川,227.6,02,0.20～0.49m,3,3.0～5.0m未満,元安川・太田川・旧太田川
1633,132.4495058,34.3783962,930.1,地表面,0.84,元安川,211.9,02,0.20～0.49m,3,3.0～5.0m未満,元安川・太田川・旧太田川
1634,132.4494922,34.3788467,890.2,地表面,1.14,元安川,195.7,01,0.01～0.19m,3,3.0～5.0m未満,元安川・太田川・旧太田川
1635,132.4494785,34.3792972,851.5,地表面,1.24,元安川,179.5,00,想定区域外,3,3.0～5.0m未満,元安川・太田川・旧太田川
1636,132.4494648,34.3797476,813.9,地表面,1.74,元安川,165.2,00,想定区域外,2,0.5～3.0m未満,元安川・太田川・旧太田川
1637,132.4494512,34.3801981,777.8,地表面,1.34,元安川,151.8,00,想定区域外,3,3.0～5.0m未満,元安川・太田川・旧太田川
1638,132.4494375,34.3806486,743.3,地表面,1.44,元安川,137.8,01,0.01～0.19m,3,3.0～5.0m未満,元安川・太田川・旧太田川
1639,132.4494238,34.381099,710.6,地表面,1.04,元安川,128.9,02,0.20～0.49m,3,3.0～5.0m未満,元安川・太田川・旧太田川
1640,132.4494102,34.3815495,680.1,地表面,1.34,元安川,124.4,00,想定区域外,2,0.5～3.0m未満,元安川・太田川・旧太田川
1641,132.4493965,34.382,651.9,地表面,1.44,元安川,121.2,00,想定区域外,3,3.0～5.0m未満,元安川・太田川・旧太田川
1642,132.4493828,34.3824504,626.5,地表面,1.14,元安川,117.3,01,0.01～0.19m,3,3.0～5.0m未満,元安川・太田川・旧太田川
1643,132.4493692,34.3829009,604.2,地表面,1.24,元安川,110.6,01,0.01～0.19m,3,3.0～5.0m未満,元安川・太田川・旧太田川
1644,132.4493555,34.3833514,585.2,地表面,1.44,元安川,98.4,00,想定区域外,3,3.0～5.0m未満,元安川・太田川・旧太田川
1645,132.4493418,34.3838019,570.1,地表面,1.54,元安川,85.7,00,想定区域外,3,3.0～5.0m未満,元安川・太田川・旧太田川
1646,132.4493282,34.3842523,559.0,地表面,1.74,元安川,74.4,00,想定区域外,3,3.0～5.0m未満,元安川・太田川・旧太田川
1647,132.4493145,34.3847028,552.3,地表面,1.54,元安川,64.4,01,0.01～0.19m,3,3.0～5.0m未満,元安川・太田川・旧太田川
1648,132.4493008,34.3851533,550.0,地表面,5.64,元安川,60.6,00,想定区域外,1,0.5m未満,元安川・太田川・旧太田川
1649,132.4492872,34.3856037,552.3,地表面,2.74,元安川,65.6,00,想定区域外,2,0.5～3.0m未満,元安川・太田川・旧太田川
1650,132.4492735,34.3860542,559.0,地表面,2.94,元安川,73.9,00,想定区域外,2,0.5～3.0m未満,元安川・太田川・旧太田川
1651,132.4492598,34.3865047,570.1,地表面,2.34,元安川,86.4,01,0.01～0.19m,3,3.0～5.0m未満,元安川・太田川・旧太田川
1652,132.4492461,34.3869551,585.2,地表面,2.74,元安川,100.8,00,想定区域外,3,3.0～5.0m未満,元安川・太田川・旧太田川
1653,132.4492325,34.3874056,604.2,地表面,2.64,元安川,116.2,01,0.01～0.19m,3,3.0～5.0m未満,元安川・太田川・旧太田川
1654,132.4492188,34.3878561,626.5,地表面,2.94,元安川,134.3,01,0.01～0.19m,3,3.0～5.0m未満,元安川・太田川・旧太田川
1655,132.4492051,34.3883065,651.9,地表面,2.94,元安川,157.1,01,0.01～0.19m,3,3.0～5.0m未満,元安川・太田川・旧太田川
1656,132.4491915,34.388757,680.1,地表面,3.14,旧太田川,138.2,00,想定区域外,2,0.5～3.0m未満,元安川・太田川・旧太田川
1657,132.4491778,34.3892075,710.6,地表面,3.14,旧太田川,118.6,00,想定区域外,4,5.0～10.0m未満,元安川・太田川・旧太田川
1658,132.4491641,34.389658,743.3,地表面,2.64,旧太田川,97.6,02,0.20～0.49m,3,3.0～5.0m未満,元安川・太田川・旧太田川
1659,132.4491504,34.3901084,777.8,地表面,2.74,旧太田川,72.5,01,0.01～0.19m,3,3.0～5.0m未満,元安川・太田川・旧太田川
1660,132.4491368,34.3905589,813.9,内水面,0.44,旧太田川,46.0,00,想定区域外,0,想定区域外,
1661,132.4491231,34.3910094,851.5,内水面,0.44,旧太田川,20.2,00,想定区域外,0,想定区域外,
1662,132.4491094,34.3914598,890.2,内水面,0.54,旧太田川,4.1,00,想定区域外,0,想定区域外,
1663,132.4490957,34.3919103,930.1,内水面,0.44,旧太田川,28.3,00,想定区域外,0,想定区域外,
1664,132.4490821,34.3923608,970.8,地表面,3.64,旧太田川,52.5,01,0.01～0.19m,0,想定区域外,
1665,132.4490684,34.3928112,1012.4,地表面,2.94,旧太田川,76.9,00,想定区域外,4,5.0～10.0m未満,天満川・旧太田川
1666,132.4490547,34.3932617,1054.8,地表面,2.64,旧太田川,101.3,00,想定区域外,3,3.0～5.0m未満,天満川・太田川・旧太田川
1667,132.449041,34.3937122,1097.7,地表面,2.94,旧太田川,125.7,00,想定区域外,3,3.0～5.0m未満,天満川・太田川・旧太田川
1668,132.4490274,34.3941626,1141.3,地表面,2.74,旧太田川,150.3,00,想定区域外,3,3.0～5.0m未満,天満川・太田川・旧太田川
1669,132.4490137,34.3946131,1185.3,地表面,3.24,旧太田川,172.6,00,想定区域外,3,3.0～5.0m未満,天満川・太田川・旧太田川
1670,132.449,34.3950636,1229.8,地表面,2.54,旧太田川,195.2,02,0.20～0.49m,3,3.0～5.0m未満,天満川・太田川・旧太田川
1671,132.4489863,34.395514,1274.8,地表面,2.34,旧太田川,219.1,01,0.01～0.19m,4,5.0～10.0m未満,天満川・太田川・旧太田川
1672,132.4489727,34.3959645,1320.0,地表面,2.44,旧太田川,243.6,01,0.01～0.19m,4,5.0～10.0m未満,天満川・太田川・旧太田川
1673,132.448959,34.396415,1365.7,地表面,2.54,旧太田川,268.2,01,0.01～0.19m,3,3.0～5.0m未満,天満川・太田川・旧太田川
1674,132.4489453,34.3968655,1411.6,地表面,2.74,旧太田川,292.7,01,0.01～0.19m,4,5.0～10.0m未満,天満川・太田川
1675,132.4489316,34.3973159,1457.7,地表面,2.54,旧太田川,317.3,01,0.01～0.19m,3,3.0～5.0m未満,天満川・太田川・旧太田川
1676,132.4489179,34.3977664,1504.2,地表面,2.44,旧太田川,331.7,01,0.01～0.19m,4,5.0～10.0m未満,天満川・太田川・旧太田川
1677,132.4489043,34.3982169,1550.8,地表面,2.74,旧太田川,327.6,01,0.01～0.19m,3,3.0～5.0m未満,天満川・太田川・旧太田川
1678,132.4488906,34.3986673,1597.7,地表面,2.54,旧太田川,319.7,01,0.01～0.19m,4,5.0～10.0m未満,天満川・太田川・旧太田川
1679,132.4488769,34.3991178,1644.7,地表面,2.44,旧太田川,308.4,01,0.01～0.19m,4,5.0～10.0m未満,天満川・太田川・旧太田川
1680,132.4488632,34.3995683,1691.9,地表面,2.74,旧太田川,284.3,00,想定区域外,3,3.0～5.0m未満,天満川・太田川・旧太田川
1681,132.4488495,34.4000187,1739.3,地表面,2.74,旧太田川,263.2,01,0.01～0.19m,4,5.0～10.0m未満,天満川・太田川・旧太田川
1682,132.4488359,34.4004692,1786.8,地表面,2.94,旧太田川,244.3,01,0.01～0.19m,3,3.0～5.0m未満,天満川・太田川・旧太田川
1683,132.4488222,34.4009197,1834.4,地表面,2.84,旧太田川,228.4,01,0.01～0.19m,3,3.0～5.0m未満,天満川・太田川・旧太田川
1684,132.4488085,34.4013701,1882.2,地表面,3.34,旧太田川,216.8,00,想定区域外,3,3.0～5.0m未満,天満川・太田川・旧太田川
1685,132.4487948,34.4018206,1930.0,地表面,3.34,旧太田川,209.8,00,想定区域外,3,3.0～5.0m未満,天満川・太田川・旧太田川
1686,132.4487811,34.4022711,1978.0,地表面,3.34,旧太田川,207.2,00,想定区域外,3,3.0～5.0m未満,天満川・太田川・旧太田川
1687,132.4503633,34.3680467,1964.7,地表面,1.64,元安川,415.5,02,0.20～0.49m,2,0.5～3.0m未満,元安川・太田川・旧太田川
1688,132.4503497,34.3684972,1916.4,地表面,1.64,元安川,405.4,03,0.50～0.99m,2,0.5～3.0m未満,元安川・太田川・旧太田川
1689,132.450336,34.3689477,1868.2,地表面,1.84,元安川,392.4,02,0.20～0.49m,2,0.5～3.0m未満,元安川・太田川・旧太田川
1690,132.4503223,34.3693981,1820.0,地表面,1.94,元安川,378.9,01,0.01～0.19m,2,0.5～3.0m未満,元安川・太田川・旧太田川
1691,132.4503087,34.3698486,1772.0,地表面,2.04,元安川,366.0,01,0.01～0.19m,2,0.5～3.0m未満,元安川・太田川・旧太田川
1692,132.450295,34.3702991,1724.1,地表面,2.14,元安川,353.2,01,0.01～0.19m,2,0.5～3.0m未満,元安川・太田川・旧太田川
1693,132.4502814,34.3707495,1676.3,地表面,0.44,元安川,340.3,01,0.01～0.19m,3,3.0～5.0m未満,元安川・太田川・旧太田川
1694,132.4502677,34.3712,1628.6,地表面,0.54,元安川,327.7,02,0.20～0.49m,3,3.0～5.0m未満,元安川・太田川・旧太田川
1695,132.4502541,34.3716505,1581.1,地表面,0.44,元安川,318.0,02,0.20～0.49m,3,3.0～5.0m未満,元安川・太田川・旧太田川
1696,132.4502404,34.372101,1533.8,地表面,0.44,元安川,308.5,03,0.50～0.99m,3,3.0～5.0m未満,元安川・太田川・旧太田川
1697,132.4502267,34.3725514,1486.6,地表面,0.64,元安川,299.0,02,0.20～0.49m,3,3.0～5.0m未満,元安川・太田川・旧太田川
1698,132.4502131,34.3730019,1439.6,地表面,0.54,元安川,291.0,02,0.20～0.49m,3,3.0～5.0m未満,元安川・太田川・旧太田川
1699,132.4501994,34.3734524,1392.8,地表面,0.64,元安川,284.0,00,想定区域外,3,3.0～5.0m未満,元安川・太田川・旧太田川
1700,132.4501858,34.3739028,1346.3,地表面,1.24,元安川,277.0,00,想定区域外,3,3.0～5.0m未満,元安川・太田川・旧太田川
1701,132.4501721,34.3743533,1300.0,地表面,1.14,元安川,269.8,00,想定区域外,3,3.0～5.0m未満,元安川・太田川・旧太田川
1702,132.4501584,34.3748038,1254.0,地表面,0.64,元安川,260.4,02,0.20～0.49m,3,3.0～5.0m未満,元安川・太田川・旧太田川
1703,132.4501448,34.3752542,1208.3,地表面,0.44,元安川,250.9,02,0.20～0.49m,3,3.0～5.0m未満,元安川・太田川・旧太田川
1704,132.4501311,34.3757047,1163.0,地表面,0.44,元安川,239.7,02,0.20～0.49m,3,3.0～5.0m未満,元安川・太田川・旧太田川
1705,132.4501175,34.3761552,1118.0,地表面,0.74,元安川,227.8,02,0.20～0.49m,3,3.0～5.0m未満,元安川・太田川・旧太田川
1706,132.4501038,34.3766057,1073.5,地表面,0.84,元安川,215.8,01,0.01～0.19m,3,3.0～5.0m未満,元安川・太田川・旧太田川
1707,132.4500901,34.3770561,1029.6,地表面,1.64,元安川,203.8,00,想定区域外,2,0.5～3.0m未満,元安川・太田川・旧太田川
1708,132.4500765,34.3775066,986.2,地表面,0.94,元安川,191.5,01,0.01～0.19m,3,3.0～5.0m未満,元安川・太田川・旧太田川
1709,132.4500628,34.3779571,943.4,地表面,0.94,元安川,179.1,01,0.01～0.19m,3,3.0～5.0m未満,元安川・太田川・旧太田川
1710,132.4500492,34.3784075,901.4,地表面,0.74,元安川,164.6,02,0.20～0.49m,3,3.0～5.0m未満,元安川・太田川・旧太田川
1711,132.4500355,34.378858,860.2,地表面,0.74,元安川,148.4,01,0.01～0.19m,3,3.0～5.0m未満,元安川・太田川・旧太田川
1712,132.4500218,34.3793085,820.1,地表面,1.04,元安川,132.2,01,0.01～0.19m,3,3.0～5.0m未満,元安川・太田川・旧太田川
1713,132.4500082,34.379759,781.0,地表面,1.34,元安川,117.1,01,0.01～0.19m,3,3.0～5.0m未満,元安川・太田川・旧太田川
1714,132.4499945,34.3802094,743.3,地表面,1.84,元安川,103.6,00,想定区域外,2,0.5～3.0m未満,元安川・太田川・旧太田川
1715,132.4499808,34.3806599,707.1,地表面,1.54,元安川,89.7,01,0.01～0.19m,3,3.0～5.0m未満,元安川・太田川・旧太田川
1716,132.4499672,34.3811104,672.7,地表面,1.54,元安川,79.2,00,想定区域外,3,3.0～5.0m未満,元安川・太田川・旧太田川
1717,132.4499535,34.3815608,640.3,地表面,2.44,元安川,74.5,00,想定区域外,2,0.5～3.0m未満,元安川・太田川・旧太田川
1718,132.4499398,34.3820113,610.3,地表面,1.84,元安川,71.3,01,0.01～0.19m,3,3.0～5.0m未満,元安川・太田川・旧太田川
1719,132.4499262,34.3824618,583.1,地表面,1.64,元安川,67.6,00,想定区域外,3,3.0～5.0m未満,元安川・太田川・旧太田川
1720,132.4499125,34.3829122,559.0,地表面,1.74,元安川,61.8,01,0.01～0.19m,3,3.0～5.0m未満,元安川・太田川・旧太田川
1721,132.4498988,34.3833627,538.5,地表面,2.84,元安川,50.5,00,想定区域外,0,想定区域外,
1722,132.4498852,34.3838132,522.0,地表面,4.34,元安川,37.0,00,想定区域外,0,想定区域外,
1723,132.4498715,34.3842637,509.9,内水面,0.44,元安川,25.7,00,想定区域外,0,想定区域外,
1724,132.4498578,34.3847141,502.5,内水面,0.34,元安川,15.3,00,想定区域外,0,想定区域外,
1725,132.4498442,34.3851646,500.0,内水面,0.44,元安川,10.6,00,想定区域外,0,想定区域外,
1726,132.4498305,34.3856151,502.5,内水面,0.34,元安川,16.1,00,想定区域外,0,想定区域外,
1727,132.4498168,34.3860655,509.9,内水面,0.34,元安川,25.2,00,想定区域外,0,想定区域外,
1728,132.4498032,34.386516,522.0,内水面,0.44,元安川,38.2,00,想定区域外,0,想定区域外,
1729,132.4497895,34.3869665,538.5,地表面,3.54,元安川,53.1,00,想定区域外,0,想定区域外,
1730,132.4497758,34.3874169,559.0,地表面,3.14,元安川,68.9,00,想定区域外,2,0.5～3.0m未満,元安川・太田川・旧太田川
1731,132.4497622,34.3878674,583.1,地表面,3.24,元安川,89.5,00,想定区域外,3,3.0～5.0m未満,元安川・太田川・旧太田川
1732,132.4497485,34.3883179,610.3,地表面,3.04,元安川,114.0,00,想定区域外,3,3.0～5.0m未満,旧太田川
1733,132.4497348,34.3887683,640.3,地表面,3.24,元安川,143.4,00,想定区域外,3,3.0～5.0m未満,元安川・太田川・旧太田川
1734,132.4497212,34.3892188,672.7,地表面,2.34,旧太田川,164.6,02,0.20～0.49m,3,3.0～5.0m未満,元安川・太田川・旧太田川
1735,132.4497075,34.3896693,707.1,地表面,2.54,旧太田川,141.5,02,0.20～0.49m,3,3.0～5.0m未満,元安川・太田川・旧太田川
1736,132.4496938,34.3901198,743.3,地表面,2.44,旧太田川,114.7,02,0.20～0.49m,3,3.0～5.0m未満,元安川・太田川・旧太田川
1737,132.4496802,34.3905702,781.0,地表面,3.24,旧太田川,88.8,00,想定区域外,4,5.0～10.0m未満,旧太田川
1738,132.4496665,34.3910207,820.1,地表面,3.84,旧太田川,63.8,00,想定区域外,0,想定区域外,
1739,132.4496528,34.3914712,860.2,内水面,0.54,旧太田川,39.7,00,想定区域外,0,想定区域外,
1740,132.4496391,34.3919216,901.4,内水面,0.44,旧太田川,15.5,00,想定区域外,0,想定区域外,
1741,132.4496255,34.3923721,943.4,内水面,0.44,旧太田川,8.8,00,想定区域外,0,想定区域外,
1742,132.4496118,34.3928226,986.2,内水面,0.44,旧太田川,33.2,00,想定区域外,0,想定区域外,
1743,132.4495981,34.393273,1029.6,地表面,3.14,旧太田川,57.6,00,想定区域外,0,想定区域外,
1744,132.4495845,34.3937235,1073.5,地表面,3.84,旧太田川,82.0,00,想定区域外,3,3.0～5.0m未満,天満川・太田川・旧太田川
1745,132.4495708,34.394174,1118.0,地表面,3.64,旧太田川,107.3,00,想定区域外,3,3.0～5.0m未満,天満川・太田川・旧太田川
1746,132.4495571,34.3946244,1163.0,地表面,2.94,旧太田川,127.5,00,想定区域外,3,3.0～5.0m未満,天満川・太田川・旧太田川
1747,132.4495434,34.3950749,1208.3,地表面,3.14,旧太田川,151.1,00,想定区域外,3,3.0～5.0m未満,天満川・太田川・旧太田川
1748,132.4495298,34.3955254,1254.0,地表面,2.94,旧太田川,175.6,01,0.01～0.19m,4,5.0～10.0m未満,太田川
1749,132.4495161,34.3959759,1300.0,地表面,3.04,旧太田川,200.1,00,想定区域外,3,3.0～5.0m未満,天満川・太田川・旧太田川
1750,132.4495024,34.3964263,1346.3,地表面,2.74,旧太田川,224.6,00,想定区域外,3,3.0～5.0m未満,天満川・太田川・旧太田川
1751,132.4494887,34.3968768,1392.8,地表面,2.34,旧太田川,249.1,02,0.20～0.49m,4,5.0～10.0m未満,天満川・太田川・旧太田川
1752,132.4494751,34.3973273,1439.6,地表面,2.34,旧太田川,275.4,02,0.20～0.49m,4,5.0～10.0m未満,天満川・太田川・旧太田川
1753,132.4494614,34.3977777,1486.6,地表面,2.34,旧太田川,281.7,02,0.20～0.49m,4,5.0～10.0m未満,天満川・太田川・旧太田川
1754,132.4494477,34.3982282,1533.8,地表面,2.34,旧太田川,278.1,02,0.20～0.49m,4,5.0～10.0m未満,天満川・太田川・旧太田川
1755,132.449434,34.3986787,1581.1,地表面,2.54,旧太田川,270.5,00,想定区域外,3,3.0～5.0m未満,天満川・太田川・旧太田川
1756,132.4494204,34.3991291,1628.6,地表面,2.54,旧太田川,261.2,01,0.01～0.19m,4,5.0～10.0m未満,天満川・太田川・旧太田川
1757,132.4494067,34.3995796,1676.3,地表面,2.84,旧太田川,241.1,00,想定区域外,4,5.0～10.0m未満,太田川
1758,132.449393,34.4000301,1724.1,地表面,2.84,旧太田川,217.2,00,想定区域外,3,3.0～5.0m未満,天満川・太田川・旧太田川
1759,132.4493793,34.4004805,1772.0,地表面,3.24,旧太田川,197.5,00,想定区域外,3,3.0～5.0m未満,天満川・太田川・旧太田川
1760,132.4493656,34.400931,1820.0,地表面,3.04,旧太田川,180.5,00,想定区域外,3,3.0～5.0m未満,天満川・太田川・旧太田川
1761,132.449352,34.4013815,1868.2,地表面,3.04,旧太田川,167.8,00,想定区域外,3,3.0～5.0m未満,天満川・太田川・旧太田川
1762,132.4493383,34.4018319,1916.4,地表面,2.84,旧太田川,159.9,01,0.01～0.19m,3,3.0～5.0m未満,天満川・太田川・旧太田川
1763,132.4493246,34.4022824,1964.7,地表面,3.14,旧太田川,157.2,01,0.01～0.19m,3,3.0～5.0m未満,天満川・太田川・旧太田川
1764,132.4509066,34.368058,1952.6,地表面,1.84,元安川,365.9,02,0.20～0.49m,2,0.5～3.0m未満,元安川・太田川・旧太田川
1765,132.4508929,34.3685085,1903.9,地表面,1.84,元安川,357.0,02,0.20～0.49m,2,0.5～3.0m未満,元安川・太田川・旧太田川
1766,132.4508793,34.368959,1855.4,地表面,1.94,元安川,344.4,02,0.20～0.49m,2,0.5～3.0m未満,元安川・太田川・旧太田川
1767,132.4508656,34.3694095,1806.9,地表面,2.04,元安川,330.6,01,0.01～0.19m,2,0.5～3.0m未満,元安川・太田川・旧太田川
1768,132.450852,34.3698599,1758.6,地表面,2.04,元安川,317.7,00,想定区域外,2,0.5～3.0m未満,元安川・太田川・旧太田川
1769,132.4508383,34.3703104,1710.3,地表面,2.84,元安川,304.9,01,0.01～0.19m,2,0.5～3.0m未満,元安川・太田川・旧太田川
1770,132.4508246,34.3707609,1662.1,地表面,2.34,元安川,292.0,01,0.01～0.19m,2,0.5～3.0m未満,元安川・太田川・旧太田川
1771,132.450811,34.3712113,1614.0,地表面,2.54,元安川,279.2,01,0.01～0.19m,2,0.5～3.0m未満,元安川・太田川・旧太田川
1772,132.4507973,34.3716618,1566.0,地表面,3.14,元安川,268.9,00,想定区域外,2,0.5～3.0m未満,元安川・太田川・旧太田川
1773,132.4507837,34.3721123,1518.2,地表面,0.84,元安川,259.4,01,0.01～0.19m,3,3.0～5.0m未満,元安川・太田川・旧太田川
1774,132.45077,34.3725627,1470.5,地表面,0.94,元安川,249.9,00,想定区域外,3,3.0～5.0m未満,元安川・太田川・旧太田川
1775,132.4507564,34.3730132,1423.0,地表面,1.24,元安川,241.4,00,想定区域外,2,0.5～3.0m未満,元安川・太田川・旧太田川
1776,132.4507427,34.3734637,1375.7,地表面,1.04,元安川,234.5,00,想定区域外,3,3.0～5.0m未満,元安川・太田川・旧太田川
1777,132.4507291,34.3739142,1328.5,地表面,0.64,元安川,227.5,00,想定区域外,3,3.0～5.0m未満,元安川・太田川・旧太田川
1778,132.4507154,34.3743646,1281.6,地表面,1.04,元安川,220.6,00,想定区域外,3,3.0～5.0m未満,元安川・太田川・旧太田川
1779,132.4507017,34.3748151,1234.9,地表面,1.04,元安川,211.3,00,想定区域外,3,3.0～5.0m未満,元安川・太田川・旧太田川
1780,132.4506881,34.3752656,1188.5,地表面,0.64,元安川,201.8,02,0.20～0.49m,3,3.0～5.0m未満,元安川・太田川・旧太田川
1781,132.4506744,34.375716,1142.4,地表面,0.54,元安川,191.2,02,0.20～0.49m,3,3.0～5.0m未満,元安川・太田川・旧太田川
1782,132.4506608,34.3761665,1096.6,地表面,0.64,元安川,179.2,02,0.20～0.49m,3,3.0～5.0m未満,元安川・太田川・旧太田川
1783,132.4506471,34.376617,1051.2,地表面,1.04,元安川,167.2,00,想定区域外,3,3.0～5.0m未満,元安川・太田川・旧太田川
1784,132.4506334,34.3770675,1006.2,地表面,2.54,元安川,155.3,00,想定区域外,2,0.5～3.0m未満,元安川・太田川・旧太田川
1785,132.4506198,34.3775179,961.8,地表面,2.54,元安川,143.0,01,0.01～0.19m,2,0.5～3.0m未満,元安川・太田川・旧太田川
1786,132.4506061,34.3779684,917.9,地表面,2.74,元安川,130.7,00,想定区域外,2,0.5～3.0m未満,元安川・太田川・旧太田川
1787,132.4505925,34.3784189,874.6,地表面,2.94,元安川,117.3,00,想定区域外,2,0.5～3.0m未満,元安川・太田川・旧太田川
1788,132.4505788,34.3788693,832.2,地表面,2.84,元安川,101.1,00,想定区域外,2,0.5～3.0m未満,元安川・太田川・旧太田川
1789,132.4505652,34.3793198,790.6,地表面,1.74,元安川,84.9,01,0.01～0.19m,3,3.0～5.0m未満,太田川
1790,132.4505515,34.3797703,750.0,地表面,2.04,元安川,68.9,01,0.01～0.19m,3,3.0～5.0m未満,太田川
1791,132.4505378,34.3802207,710.6,地表面,4.44,元安川,55.5,00,想定区域外,0,想定区域外,
1792,132.4505242,34.3806712,672.7,内水面,0.34,元安川,41.6,00,想定区域外,0,想定区域外,
1793,132.4505105,34.3811217,636.4,内水面,0.44,元安川,29.8,00,想定区域外,0,想定区域外,
1794,132.4504968,34.3815722,602.1,内水面,0.44,元安川,24.6,00,想定区域外,0,想定区域外,
1795,132.4504832,34.3820226,570.1,内水面,0.44,元安川,21.4,00,想定区域外,0,想定区域外,
1796,132.4504695,34.3824731,540.8,内水面,0.44,元安川,17.9,00,想定区域外,0,想定区域外,
1797,132.4504559,34.3829236,514.8,内水面,0.44,元安川,12.6,00,想定区域外,0,想定区域外,
1798,132.4504422,34.383374,492.4,内水面,0.44,元安川,1.9,00,想定区域外,0,想定区域外,
1799,132.4504285,34.3838245,474.3,内水面,0.44,元安川,11.7,00,想定区域外,0,想定区域外,
1800,132.4504149,34.384275,461.0,内水面,0.44,元安川,23.0,00,想定区域外,0,想定区域外,
1801,132.4504012,34.3847255,452.8,内水面,0.44,元安川,33.8,00,想定区域外,0,想定区域外,
1802,132.4503875,34.3851759,450.0,内水面,0.44,元安川,39.4,00,想定区域外,0,想定区域外,
1803,132.4503739,34.3856264,452.8,内水面,0.44,元安川,33.4,00,想定区域外,0,想定区域外,
1804,132.4503602,34.3860769,461.0,内水面,0.44,元安川,23.2,00,想定区域外,0,想定区域外,
1805,132.4503465,34.3865273,474.3,内水面,0.34,元安川,9.6,00,想定区域外,0,想定区域外,
1806,132.4503329,34.3869778,492.4,内水面,0.44,元安川,5.5,00,想定区域外,0,想定区域外,
1807,132.4503192,34.3874283,514.8,内水面,0.34,元安川,22.6,00,想定区域外,0,想定区域外,
1808,132.4503055,34.3878787,540.8,内水面,0.44,元安川,45.4,00,想定区域外,0,想定区域外,
1809,132.4502919,34.3883292,570.1,地表面,2.74,元安川,73.1,02,0.20～0.49m,3,3.0～5.0m未満,元安川・太田川・旧太田川
1810,132.4502782,34.3887797,602.1,地表面,2.54,元安川,105.0,01,0.01～0.19m,3,3.0～5.0m未満,元安川・太田川・旧太田川
1811,132.4502645,34.3892301,636.4,地表面,2.54,元安川,138.0,01,0.01～0.19m,3,3.0～5.0m未満,元安川・太田川・旧太田川
1812,132.4502509,34.3896806,672.7,地表面,2.34,元安川,171.2,02,0.20～0.49m,3,3.0～5.0m未満,元安川・太田川・旧太田川
1813,132.4502372,34.3901311,710.6,地表面,2.44,旧太田川,157.4,03,0.50～0.99m,3,3.0～5.0m未満,元安川・太田川・旧太田川
1814,132.4502235,34.3905816,750.0,地表面,2.64,旧太田川,131.7,01,0.01～0.19m,3,3.0～5.0m未満,元安川・太田川・旧太田川
1815,132.4502099,34.391032,790.6,地表面,3.54,旧太田川,107.6,00,想定区域外,3,3.0～5.0m未満,元安川・太田川・旧太田川
1816,132.4501962,34.3914825,832.2,地表面,4.04,旧太田川,83.4,00,想定区域外,2,0.5～3.0m未満,元安川・太田川・旧太田川
1817,132.4501825,34.391933,874.6,地表面,3.54,旧太田川,59.2,01,0.01～0.19m,3,3.0～5.0m未満,元安川・太田川・旧太田川
1818,132.4501689,34.3923834,917.9,内水面,0.44,旧太田川,34.8,00,想定区域外,0,想定区域外,
1819,132.4501552,34.3928339,961.8,内水面,0.44,旧太田川,10.4,00,想定区域外,0,想定区域外,
1820,132.4501415,34.3932844,1006.2,内水面,0.44,旧太田川,14.0,00,想定区域外,0,想定区域外,
1821,132.4501279,34.3937348,1051.2,地表面,3.44,旧太田川,38.8,00,想定区域外,0,想定区域外,
1822,132.4501142,34.3941853,1096.6,地表面,3.94,旧太田川,61.1,00,想定区域外,3,3.0～5.0m未満,天満川・太田川・旧太田川
1823,132.4501005,34.3946358,1142.4,地表面,3.74,旧太田川,83.4,00,想定区域外,3,3.0～5.0m未満,天満川・太田川・旧太田川
1824,132.4500869,34.3950862,1188.5,地表面,3.34,旧太田川,107.5,00,想定区域外,3,3.0～5.0m未満,天満川・太田川・旧太田川
1825,132.4500732,34.3955367,1234.9,地表面,3.44,旧太田川,132.0,00,想定区域外,3,3.0～5.0m未満,天満川・太田川・旧太田川
1826,132.4500595,34.3959872,1281.6,地表面,3.44,旧太田川,156.5,00,想定区域外,3,3.0～5.0m未満,天満川・太田川・旧太田川
1827,132.4500458,34.3964377,1328.5,地表面,2.54,旧太田川,181.0,01,0.01～0.19m,3,3.0～5.0m未満,天満川・太田川・旧太田川
1828,132.4500322,34.3968881,1375.7,地表面,2.54,旧太田川,206.0,01,0.01～0.19m,3,3.0～5.0m未満,天満川・太田川・旧太田川
1829,132.4500185,34.3973386,1423.0,地表面,3.14,旧太田川,234.7,00,想定区域外,3,3.0～5.0m未満,天満川・太田川・旧太田川
1830,132.4500048,34.3977891,1470.5,地表面,2.54,旧太田川,231.7,02,0.20～0.49m,4,5.0～10.0m未満,天満川・太田川・旧太田川
1831,132.4499911,34.3982395,1518.2,地表面,2.44,旧太田川,228.6,01,0.01～0.19m,4,5.0～10.0m未満,天満川・太田川・旧太田川
1832,132.4499775,34.39869,1566.0,地表面,2.54,旧太田川,221.3,01,0.01～0.19m,4,5.0～10.0m未満,天満川・太田川・旧太田川
1833,132.4499638,34.3991405,1614.0,地表面,2.34,旧太田川,212.6,02,0.20～0.49m,4,5.0～10.0m未満,天満川・太田川・旧太田川
1834,132.4499501,34.3995909,1662.1,地表面,2.44,旧太田川,196.9,00,想定区域外,4,5.0～10.0m未満,天満川・太田川・旧太田川
1835,132.4499365,34.4000414,1710.3,地表面,2.74,旧太田川,172.7,01,0.01～0.19m,3,3.0～5.0m未満,天満川・太田川・旧太田川
1836,132.4499228,34.4004919,1758.6,地表面,2.84,旧太田川,151.5,00,想定区域外,3,3.0～5.0m未満,天満川・太田川・旧太田川
1837,132.4499091,34.4009423,1806.9,地表面,3.34,旧太田川,133.3,00,想定区域外,3,3.0～5.0m未満,天満川・太田川・旧太田川
1838,132.4498954,34.4013928,1855.4,地表面,4.44,旧太田川,119.1,00,想定区域外,3,3.0～5.0m未満,天満川・太田川・旧太田川
1839,132.4498818,34.4018433,1903.9,地表面,4.44,旧太田川,110.1,01,0.01～0.19m,3,3.0～5.0m未満,天満川・太田川・旧太田川
1840,132.4498681,34.4022937,1952.6,地表面,3.54,旧太田川,107.3,01,0.01～0.19m,4,5.0～10.0m未満,太田川
1841,132.4514635,34.3676189,1990.6,地表面,1.94,元安川,322.0,01,0.01～0.19m,2,0.5～3.0m未満,元安川・太田川・旧太田川
1842,132.4514498,34.3680694,1941.6,地表面,2.04,元安川,316.2,02,0.20～0.49m,2,0.5～3.0m未満,元安川・太田川・旧太田川
1843,132.4514362,34.3685198,1892.7,地表面,1.84,元安川,308.6,02,0.20～0.49m,2,0.5～3.0m未満,元安川・太田川・旧太田川
1844,132.4514225,34.3689703,1843.9,地表面,2.24,元安川,296.1,01,0.01～0.19m,2,0.5～3.0m未満,元安川・太田川・旧太田川
1845,132.4514089,34.3694208,1795.1,地表面,2.04,元安川,282.6,02,0.20～0.49m,2,0.5～3.0m未満,元安川・太田川・旧太田川
1846,132.4513952,34.3698712,1746.4,地表面,2.94,元安川,269.4,00,想定区域外,2,0.5～3.0m未満,元安川・太田川・旧太田川
1847,132.4513816,34.3703217,1697.8,地表面,2.94,元安川,256.5,00,想定区域外,2,0.5～3.0m未満,元安川・太田川・旧太田川
1848,132.4513679,34.3707722,1649.2,地表面,2.94,元安川,243.7,00,想定区域外,2,0.5～3.0m未満,元安川・太田川・旧太田川
1849,132.4513543,34.3712227,1600.8,地表面,3.04,元安川,230.8,00,想定区域外,2,0.5～3.0m未満,元安川・太田川・旧太田川
1850,132.4513406,34.3716731,1552.4,地表面,3.14,元安川,219.8,00,想定区域外,2,0.5～3.0m未満,元安川・太田川・旧太田川
1851,132.451327,34.3721236,1504.2,地表面,3.34,元安川,210.3,00,想定区域外,2,0.5～3.0m未満,元安川・太田川・旧太田川
1852,132.4513133,34.3725741,1456.0,地表面,2.54,元安川,200.8,00,想定区域外,2,0.5～3.0m未満,元安川・太田川・旧太田川
1853,132.4512996,34.3730245,1408.0,地表面,3.24,元安川,191.9,00,想定区域外,2,0.5～3.0m未満,元安川・太田川・旧太田川
1854,132.451286,34.373475,1360.1,地表面,0.74,元安川,185.0,00,想定区域外,3,3.0～5.0m未満,元安川・太田川・旧太田川
1855,132.4512723,34.3739255,1312.4,地表面,1.04,元安川,178.0,00,想定区域外,3,3.0～5.0m未満,元安川・太田川・旧太田川
1856,132.4512587,34.374376,1264.9,地表面,1.54,元安川,171.1,00,想定区域外,2,0.5～3.0m未満,元安川・太田川・旧太田川
1857,132.451245,34.3748264,1217.6,地表面,1.24,元安川,162.2,00,想定区域外,2,0.5～3.0m未満,元安川・太田川・旧太田川
1858,132.4512314,34.3752769,1170.5,地表面,0.74,元安川,152.7,01,0.01～0.19m,3,3.0～5.0m未満,元安川・太田川・旧太田川
1859,132.4512177,34.3757274,1123.6,地表面,0.74,元安川,142.6,01,0.01～0.19m,3,3.0～5.0m未満,元安川・太田川・旧太田川
1860,132.4512041,34.3761778,1077.0,地表面,1.24,元安川,130.7,00,想定区域外,3,3.0～5.0m未満,元安川・太田川・旧太田川
1861,132.4511904,34.3766283,1030.8,地表面,2.34,元安川,118.7,00,想定区域外,2,0.5～3.0m未満,元安川・太田川・旧太田川
1862,132.4511768,34.3770788,984.9,地表面,2.64,元安川,106.7,00,想定区域外,2,0.5～3.0m未満,元安川・太田川・旧太田川
1863,132.4511631,34.3775293,939.4,地表面,2.54,元安川,94.6,01,0.01～0.19m,2,0.5～3.0m未満,元安川・太田川・旧太田川
1864,132.4511494,34.3779797,894.4,地表面,2.64,元安川,82.2,00,想定区域外,0,想定区域外,
1865,132.4511358,34.3784302,850.0,地表面,4.14,元安川,69.9,00,想定区域外,0,想定区域外,
1866,132.4511221,34.3788807,806.2,内水面,0.44,元安川,53.8,00,想定区域外,0,想定区域外,
1867,132.4511085,34.3793311,763.2,内水面,0.44,元安川,37.6,00,想定区域外,0,想定区域外,
1868,132.4510948,34.3797816,721.1,内水面,0.44,元安川,21.4,00,想定区域外,0,想定区域外,
1869,132.4510812,34.3802321,680.1,内水面,0.44,元安川,7.3,00,想定区域外,0,想定区域外,
1870,132.4510675,34.3806825,640.3,内水面,0.44,元安川,6.1,00,想定区域外,0,想定区域外,
1871,132.4510538,34.381133,602.1,内水面,0.44,元安川,19.6,00,想定区域外,0,想定区域外,
1872,132.4510402,34.3815835,565.7,内水面,0.44,元安川,25.3,00,想定区域外,0,想定区域外,
1873,132.4510265,34.382034,531.5,内水面,0.44,元安川,28.5,00,想定区域外,0,想定区域外,
1874,132.4510129,34.3824844,500.0,内水面,0.44,元安川,31.8,00,想定区域外,0,想定区域外,
1875,132.4509992,34.3829349,471.7,内水面,0.44,元安川,37.2,00,想定区域外,0,想定区域外,
1876,132.4509855,34.3833854,447.2,地表面,4.14,元安川,46.8,00,想定区域外,0,想定区域外,
1877,132.4509719,34.3838358,427.2,地表面,3.14,元安川,59.6,00,想定区域外,2,0.5～3.0m未満,元安川・太田川・旧太田川
1878,132.4509582,34.3842863,412.3,地表面,2.24,元安川,71.7,00,想定区域外,2,0.5～3.0m未満,元安川・太田川・旧太田川
1879,132.4509446,34.3847368,403.1,地表面,3.24,元安川,82.9,00,想定区域外,3,3.0～5.0m未満,元安川・太田川・旧太田川
1880,132.4509309,34.3851872,400.0,地表面,3.34,元安川,89.2,00,想定区域外,2,0.5～3.0m未満,元安川・太田川・旧太田川
1881,132.4509172,34.3856377,403.1,地表面,2.74,元安川,82.8,00,想定区域外,3,3.0～5.0m未満,元安川・太田川・旧太田川
1882,132.4509036,34.3860882,412.3,地表面,1.84,元安川,71.5,00,想定区域外,3,3.0～5.0m未満,元安川・太田川・旧太田川
1883,132.4508899,34.3865387,427.2,地表面,3.14,元安川,57.3,01,0.01～0.19m,3,3.0～5.0m未満,元安川・太田川
1884,132.4508763,34.3869891,447.2,内水面,0.44,元安川,42.0,00,想定区域外,0,想定区域外,
1885,132.4508626,34.3874396,471.7,内水面,0.44,元安川,22.2,00,想定区域外,0,想定区域外,
1886,132.4508489,34.3878901,500.0,内水面,0.44,元安川,3.3,00,想定区域外,0,想定区域外,
1887,132.4508353,34.3883405,531.5,内水面,0.34,元安川,34.6,00,想定区域外,0,想定区域外,
1888,132.4508216,34.388791,565.7,地表面,2.74,元安川,67.4,02,0.20～0.49m,3,3.0～5.0m未満,元安川・太田川・旧太田川
1889,132.4508079,34.3892415,602.1,地表面,2.84,元安川,100.6,01,0.01～0.19m,3,3.0～5.0m未満,元安川・太田川・旧太田川
1890,132.4507943,34.3896919,640.3,地表面,2.34,元安川,133.9,02,0.20～0.49m,3,3.0～5.0m未満,元安川・太田川・旧太田川
1891,132.4507806,34.3901424,680.1,地表面,2.34,元安川,167.1,04,1.00m以上,3,3.0～5.0m未満,元安川・太田川・旧太田川
1892,132.4507669,34.3905929,721.1,地表面,2.14,旧太田川,175.5,02,0.20～0.49m,3,3.0～5.0m未満,元安川・太田川・旧太田川
1893,132.4507533,34.3910434,763.2,地表面,2.54,旧太田川,151.4,02,0.20～0.49m,3,3.0～5.0m未満,元安川・太田川・旧太田川
1894,132.4507396,34.3914938,806.2,地表面,2.24,旧太田川,127.2,03,0.50～0.99m,3,3.0～5.0m未満,元安川・太田川・旧太田川
1895,132.4507259,34.3919443,850.0,地表面,3.84,旧太田川,102.9,00,想定区域外,2,0.5～3.0m未満,元安川・太田川・旧太田川
1896,132.4507123,34.3923948,894.4,地表面,4.74,旧太田川,78.5,00,想定区域外,2,0.5～3.0m未満,元安川・太田川・旧太田川
1897,132.4506986,34.3928452,939.4,地表面,3.54,旧太田川,54.1,01,0.01～0.19m,3,3.0～5.0m未満,元安川・太田川・旧太田川
1898,132.4506849,34.3932957,984.9,内水面,0.44,旧太田川,29.7,00,想定区域外,0,想定区域外,
1899,132.4506713,34.3937462,1030.8,内水面,0.44,旧太田川,4.2,00,想定区域外,0,想定区域外,
1900,132.4506576,34.3941966,1077.0,内水面,0.44,旧太田川,15.8,00,想定区域外,0,想定区域外,
1901,132.4506439,34.3946471,1123.6,地表面,0.84,旧太田川,39.4,00,想定区域外,0,想定区域外,
1902,132.4506303,34.3950976,1170.5,地表面,3.54,旧太田川,63.9,00,想定区域外,3,3.0～5.0m未満,天満川・太田川・旧太田川
1903,132.4506166,34.395548,1217.6,地表面,3.44,旧太田川,88.4,01,0.01～0.19m,3,3.0～5.0m未満,天満川・太田川・旧太田川
1904,132.4506029,34.3959985,1264.9,地表面,3.74,旧太田川,112.9,00,想定区域外,3,3.0～5.0m未満,天満川・太田川・旧太田川
1905,132.4505893,34.396449,1312.4,地表面,3.14,旧太田川,137.4,01,0.01～0.19m,3,3.0～5.0m未満,天満川・太田川・旧太田川
1906,132.4505756,34.3968995,1360.1,地表面,2.84,旧太田川,165.1,00,想定区域外,3,3.0～5.0m未満,天満川・太田川・旧太田川
1907,132.4505619,34.3973499,1408.0,地表面,3.34,旧太田川,184.8,00,想定区域外,3,3.0～5.0m未満,天満川・太田川・旧太田川
1908,132.4505483,34.3978004,1456.0,地表面,2.64,旧太田川,181.8,01,0.01～0.19m,4,5.0～10.0m未満,天満川・太田川・旧太田川
1909,132.4505346,34.3982509,1504.2,地表面,2.54,旧太田川,179.0,01,0.01～0.19m,4,5.0～10.0m未満,天満川・太田川・旧太田川
1910,132.4505209,34.3987013,1552.4,地表面,2.64,旧太田川,172.0,01,0.01～0.19m,4,5.0～10.0m未満,天満川・太田川・旧太田川
1911,132.4505073,34.3991518,1600.8,地表面,2.24,旧太田川,163.3,02,0.20～0.49m,4,5.0～10.0m未満,天満川・太田川・旧太田川
1912,132.4504936,34.3996023,1649.2,地表面,2.64,旧太田川,150.6,01,0.01～0.19m,4,5.0～10.0m未満,天満川・太田川・旧太田川
1913,132.4504799,34.4000527,1697.8,地表面,2.64,旧太田川,129.5,01,0.01～0.19m,4,5.0～10.0m未満,太田川
1914,132.4504662,34.4005032,1746.4,地表面,4.14,旧太田川,105.6,00,想定区域外,4,5.0～10.0m未満,天満川・太田川・旧太田川
1915,132.4504526,34.4009537,1795.1,地表面,5.04,旧太田川,86.2,00,想定区域外,0,想定区域外,
1916,132.4504389,34.4014041,1843.9,地表面,5.24,旧太田川,70.7,00,想定区域外,0,想定区域外,
1917,132.4504252,34.4018546,1892.7,地表面,2.54,旧太田川,60.3,00,想定区域外,0,想定区域外,
1918,132.4504115,34.4023051,1941.6,内水面,0.44,旧太田川,57.3,00,想定区域外,0,想定区域外,
1919,132.4503979,34.4027556,1990.6,地表面,5.34,旧太田川,61.4,00,想定区域外,0,想定区域外,
1920,132.4520067,34.3676302,1981.2,地表面,2.14,元安川,272.4,01,0.01～0.19m,2,0.5～3.0m未満,元安川・太田川・旧太田川
1921,132.4519931,34.3680807,1932.0,地表面,1.94,元安川,266.6,02,0.20～0.49m,2,0.5～3.0m未満,元安川・太田川・旧太田川
1922,132.4519794,34.3685311,1882.8,地表面,2.14,元安川,259.7,01,0.01～0.19m,2,0.5～3.0m未満,元安川・太田川・旧太田川
1923,132.4519658,34.3689816,1833.7,地表面,1.94,元安川,247.7,01,0.01～0.19m,2,0.5～3.0m未満,元安川・太田川・旧太田川
1924,132.4519521,34.3694321,1784.7,地表面,2.04,元安川,234.5,01,0.01～0.19m,2,0.5～3.0m未満,元安川・太田川・旧太田川
1925,132.4519385,34.3698826,1735.7,地表面,3.04,元安川,221.1,00,想定区域外,2,0.5～3.0m未満,元安川・太田川・旧太田川
1926,132.4519248,34.370333,1686.7,地表面,2.94,元安川,208.2,00,想定区域外,2,0.5～3.0m未満,元安川・太田川・旧太田川
1927,132.4519112,34.3707835,1637.8,地表面,2.74,元安川,195.4,00,想定区域外,2,0.5～3.0m未満,元安川・太田川・旧太田川
1928,132.4518975,34.371234,1589.0,地表面,2.74,元安川,182.5,00,想定区域外,2,0.5～3.0m未満,元安川・太田川・旧太田川
1929,132.4518839,34.3716844,1540.3,地表面,2.94,元安川,170.8,00,想定区域外,2,0.5～3.0m未満,元安川・太田川・旧太田川
1930,132.4518702,34.3721349,1491.6,地表面,4.04,元安川,161.2,00,想定区域外,2,0.5～3.0m未満,太田川
1931,132.4518566,34.3725854,1443.1,地表面,2.64,元安川,151.7,00,想定区域外,2,0.5～3.0m未満,元安川・太田川・旧太田川
1932,132.4518429,34.3730359,1394.6,地表面,4.34,元安川,142.4,00,想定区域外,0,想定区域外,
1933,132.4518293,34.3734863,1346.3,地表面,5.14,元安川,135.5,00,想定区域外,0,想定区域外,
1934,132.4518156,34.3739368,1298.1,地表面,3.24,元安川,128.5,00,想定区域外,2,0.5～3.0m未満,元安川・太田川・旧太田川
1935,132.451802,34.3743873,1250.0,地表面,2.04,元安川,121.5,00,想定区域外,2,0.5～3.0m未満,元安川・太田川・旧太田川
1936,132.4517883,34.3748377,1202.1,地表面,1.54,元安川,113.1,00,想定区域外,2,0.5～3.0m未満,元安川・太田川・旧太田川
1937,132.4517747,34.3752882,1154.3,地表面,0.64,元安川,103.6,00,想定区域外,3,3.0～5.0m未満,元安川・太田川・旧太田川
1938,132.451761,34.3757387,1106.8,地表面,1.04,元安川,94.1,00,想定区域外,2,0.5～3.0m未満,元安川・太田川・旧太田川
1939,132.4517474,34.3761892,1059.5,地表面,2.84,元安川,82.1,00,想定区域外,2,0.5～3.0m未満,元安川・太田川・旧太田川
1940,132.4517337,34.3766396,1012.4,地表面,4.24,元安川,70.1,00,想定区域外,0,想定区域外,
1941,132.4517201,34.3770901,965.7,地表面,0.94,元安川,58.2,00,想定区域外,0,想定区域外,
1942,132.4517064,34.3775406,919.2,内水面,0.34,元安川,46.1,00,想定区域外,0,想定区域外,
1943,132.4516928,34.377991,873.2,内水面,0.34,元安川,33.8,00,想定区域外,0,想定区域外,
1944,132.4516791,34.3784415,827.6,内水面,0.34,元安川,21.4,00,想定区域外,0,想定区域外,
1945,132.4516654,34.378892,782.6,内水面,0.44,元安川,6.5,00,想定区域外,0,想定区域外,
1946,132.4516518,34.3793425,738.2,内水面,0.44,元安川,9.7,00,想定区域外,0,想定区域外,
1947,132.4516381,34.3797929,694.6,内水面,0.44,元安川,25.9,00,想定区域外,0,想定区域外,
1948,132.4516245,34.3802434,651.9,内水面,0.44,元安川,40.9,00,想定区域外,0,想定区域外,
1949,132.4516108,34.3806939,610.3,地表面,4.34,元安川,54.3,00,想定区域外,0,想定区域外,
1950,132.4515972,34.3811443,570.1,地表面,2.84,元安川,68.3,00,想定区域外,2,0.5～3.0m未満,元安川・太田川・旧太田川
1951,132.4515835,34.3815948,531.5,地表面,2.64,元安川,75.1,00,想定区域外,2,0.5～3.0m未満,元安川・太田川・旧太田川
1952,132.4515699,34.3820453,495.0,地表面,1.64,元安川,78.4,00,想定区域外,3,3.0～5.0m未満,元安川・太田川・旧太田川
1953,132.4515562,34.3824957,461.0,地表面,1.54,元安川,81.6,00,想定区域外,3,3.0～5.0m未満,元安川・太田川・旧太田川
1954,132.4515425,34.3829462,430.1,地表面,1.64,元安川,86.9,02,0.20～0.49m,3,3.0～5.0m未満,元安川・太田川・旧太田川
1955,132.4515289,34.3833967,403.1,地表面,1.74,元安川,95.6,00,想定区域外,3,3.0～5.0m未満,元安川・太田川・旧太田川
1956,132.4515152,34.3838472,380.8,地表面,1.44,元安川,107.6,01,0.01～0.19m,3,3.0～5.0m未満,元安川・太田川・旧太田川
1957,132.4515016,34.3842976,364.0,地表面,1.34,元安川,120.4,01,0.01～0.19m,3,3.0～5.0m未満,元安川・太田川・旧太田川
1958,132.4514879,34.3847481,353.6,地表面,1.84,元安川,131.8,00,想定区域外,3,3.0～5.0m未満,元安川・太田川・旧太田川
1959,132.4514743,34.3851986,350.0,地表面,2.04,元安川,139.1,00,想定区域外,3,3.0～5.0m未満,元安川・太田川・旧太田川
1960,132.4514606,34.385649,353.6,地表面,1.74,元安川,132.3,01,0.01～0.19m,3,3.0～5.0m未満,元安川・太田川・旧太田川
1961,132.4514469,34.3860995,364.0,地表面,1.74,元安川,119.7,00,想定区域外,3,3.0～5.0m未満,元安川・太田川・旧太田川
1962,132.4514333,34.38655,380.8,地表面,1.94,元安川,105.0,01,0.01～0.19m,3,3.0～5.0m未満,元安川・太田川・旧太田川
1963,132.4514196,34.3870005,403.1,地表面,2.44,元安川,89.1,01,0.01～0.19m,3,3.0～5.0m未満,元安川・太田川・旧太田川
1964,132.451406,34.3874509,430.1,地表面,2.14,元安川,66.1,00,想定区域外,3,3.0～5.0m未満,元安川・太田川・旧太田川
1965,132.4513923,34.3879014,461.0,内水面,0.44,元安川,35.9,00,想定区域外,0,想定区域外,
1966,132.4513786,34.3883519,495.0,内水面,0.44,元安川,3.2,00,想定区域外,0,想定区域外,
1967,132.451365,34.3888023,531.5,内水面,0.34,元安川,30.0,00,想定区域外,0,想定区域外,
1968,132.4513513,34.3892528,570.1,地表面,2.54,元安川,63.3,02,0.20～0.49m,3,3.0～5.0m未満,元安川・太田川・旧太田川
1969,132.4513377,34.3897033,610.3,地表面,2.64,元安川,96.5,00,想定区域外,3,3.0～5.0m未満,元安川・太田川・旧太田川
1970,132.451324,34.3901537,651.9,地表面,2.44,元安川,131.5,01,0.01～0.19m,3,3.0～5.0m未満,元安川・太田川・旧太田川
1971,132.4513103,34.3906042,694.6,地表面,1.74,元安川,169.3,03,0.50～0.99m,3,3.0～5.0m未満,元安川・太田川・旧太田川
1972,132.4512967,34.3910547,738.2,地表面,1.94,旧太田川,195.1,03,0.50～0.99m,3,3.0～5.0m未満,元安川・太田川・旧太田川
1973,132.451283,34.3915052,782.6,地表面,2.74,旧太田川,170.9,01,0.01～0.19m,3,3.0～5.0m未満,元安川・太田川・旧太田川
1974,132.4512693,34.3919556,827.6,地表面,3.44,旧太田川,146.5,00,想定区域外,3,3.0～5.0m未満,元安川・太田川・旧太田川
1975,132.4512557,34.3924061,873.2,地表面,4.74,旧太田川,122.1,00,想定区域外,2,0.5～3.0m未満,元安川・太田川・旧太田川
1976,132.451242,34.3928566,919.2,地表面,3.44,旧太田川,97.7,01,0.01～0.19m,3,3.0～5.0m未満,元安川・太田川・旧太田川
1977,132.4512284,34.393307,965.7,地表面,3.74,旧太田川,72.7,00,想定区域外,3,3.0～5.0m未満,元安川・太田川・旧太田川
1978,132.4512147,34.3937575,1012.4,地表面,4.14,旧太田川,50.4,00,想定区域外,2,0.5～3.0m未満,元安川・太田川・旧太田川
1979,132.451201,34.394208,1059.5,内水面,0.44,旧太田川,28.4,00,想定区域外,0,想定区域外,
1980,132.4511874,34.3946584,1106.8,内水面,0.44,旧太田川,4.2,00,想定区域外,0,想定区域外,
1981,132.4511737,34.3951089,1154.3,内水面,0.54,旧太田川,20.3,00,想定区域外,0,想定区域外,
1982,132.45116,34.3955594,1202.1,地表面,3.44,旧太田川,44.8,02,0.20～0.49m,0,想定区域外,
1983,132.4511464,34.3960098,1250.0,地表面,3.64,旧太田川,69.3,00,想定区域外,3,3.0～5.0m未満,天満川・太田川・旧太田川
1984,132.4511327,34.3964603,1298.1,地表面,3.84,旧太田川,95.2,00,想定区域外,3,3.0～5.0m未満,天満川・太田川・旧太田川
1985,132.451119,34.3969108,1346.3,地表面,3.54,旧太田川,127.4,00,想定区域外,3,3.0～5.0m未満,天満川・太田川・旧太田川
1986,132.4511054,34.3973613,1394.6,地表面,2.64,旧太田川,134.8,00,想定区域外,3,3.0～5.0m未満,天満川・太田川・旧太田川
1987,132.4510917,34.3978117,1443.1,地表面,2.64,旧太田川,131.8,00,想定区域外,3,3.0～5.0m未満,天満川・太田川・旧太田川
1988,132.451078,34.3982622,1491.6,地表面,2.74,旧太田川,129.1,01,0.01～0.19m,4,5.0～10.0m未満,天満川・太田川・旧太田川
1989,132.4510644,34.3987127,1540.3,地表面,2.74,旧太田川,122.5,00,想定区域外,4,5.0～10.0m未満,天満川・太田川・旧太田川
1990,132.4510507,34.3991631,1589.0,地表面,2.54,旧太田川,114.1,00,想定区域外,4,5.0～10.0m未満,天満川・太田川・旧太田川
1991,132.451037,34.3996136,1637.8,地表面,2.74,旧太田川,103.5,00,想定区域外,4,5.0～10.0m未満,太田川
1992,132.4510234,34.4000641,1686.7,地表面,3.44,旧太田川,85.4,00,想定区域外,3,3.0～5.0m未満,天満川・太田川・旧太田川
1993,132.4510097,34.4005145,1735.7,地表面,5.04,旧太田川,61.1,00,想定区域外,0,想定区域外,
1994,132.450996,34.400965,1784.7,内水面,0.54,旧太田川,39.9,00,想定区域外,0,想定区域外,
1995,132.4509824,34.4014155,1833.7,内水面,0.54,旧太田川,22.4,00,想定区域外,0,想定区域外,
1996,132.4509687,34.4018659,1882.8,内水面,0.54,旧太田川,10.8,00,想定区域外,0,想定区域外,
1997,132.450955,34.4023164,1932.0,内水面,0.64,旧太田川,7.4,00,想定区域外,0,想定区域外,
1998,132.4509413,34.4027669,1981.2,内水面,0.54,旧太田川,11.8,00,想定区域外,0,想定区域外,
1999,132.45255,34.3676415,1972.9,地表面,1.94,元安川,222.7,01,0.01～0.19m,2,0.5～3.0m未満,元安川・太田川・旧太田川
2000,132.4525363,34.368092,1923.5,地表面,1.54,元安川,217.0,02,0.20～0.49m,2,0.5～3.0m未満,元安川・太田川・旧太田川
2001,132.4525227,34.3685425,1874.2,地表面,2.24,元安川,210.5,00,想定区域外,2,0.5～3.0m未満,元安川・太田川・旧太田川
2002,132.452509,34.3689929,1824.8,地表面,2.34,元安川,199.3,00,想定区域外,2,0.5～3.0m未満,元安川・太田川・旧太田川
2003,132.4524954,34.3694434,1775.5,地表面,2.24,元安川,186.4,00,想定区域外,2,0.5～3.0m未満,元安川・太田川・旧太田川
2004,132.4524817,34.3698939,1726.3,地表面,2.94,元安川,172.8,00,想定区域外,2,0.5～3.0m未満,元安川・太田川・旧太田川
2005,132.4524681,34.3703443,1677.1,地表面,2.84,元安川,159.9,00,想定区域外,2,0.5～3.0m未満,元安川・太田川・旧太田川
2006,132.4524544,34.3707948,1627.9,地表面,2.84,元安川,147.1,00,想定区域外,2,0.5～3.0m未満,元安川・太田川・旧太田川
2007,132.4524408,34.3712453,1578.8,地表面,3.24,元安川,134.2,01,0.01～0.19m,2,0.5～3.0m未満,元安川・太田川・旧太田川
2008,132.4524271,34.3716958,1529.7,地表面,4.04,元安川,121.7,00,想定区域外,2,0.5～3.0m未満,太田川
2009,132.4524135,34.3721462,1480.7,地表面,2.04,元安川,112.2,00,想定区域外,2,0.5～3.0m未満,元安川・太田川・旧太田川
2010,132.4523999,34.3725967,1431.8,地表面,2.74,元安川,102.6,00,想定区域外,2,0.5～3.0m未満,元安川・太田川・旧太田川
2011,132.4523862,34.3730472,1382.9,内水面,0.34,元安川,93.1,00,想定区域外,0,想定区域外,
2012,132.4523726,34.3734976,1334.2,地表面,3.14,元安川,85.9,00,想定区域外,2,0.5～3.0m未満,太田川
2013,132.4523589,34.3739481,1285.5,地表面,4.44,元安川,79.0,00,想定区域外,0,想定区域外,
2014,132.4523453,34.3743986,1236.9,地表面,2.24,元安川,72.0,00,想定区域外,0,想定区域外,
2015,132.4523316,34.3748491,1188.5,地表面,1.04,元安川,64.0,00,想定区域外,0,想定区域外,
2016,132.452318,34.3752995,1140.2,内水面,0.34,元安川,54.5,00,想定区域外,0,想定区域外,
2017,132.4523043,34.37575,1092.0,内水面,0.34,元安川,45.1,00,想定区域外,0,想定区域外,
2018,132.4522907,34.3762005,1044.0,内水面,0.34,元安川,33.6,00,想定区域外,0,想定区域外,
2019,132.452277,34.3766509,996.2,内水面,0.34,元安川,21.6,00,想定区域外,0,想定区域外,
2020,132.4522634,34.3771014,948.7,内水面,0.34,元安川,9.6,00,想定区域外,0,想定区域外,
2021,132.4522497,34.3775519,901.4,内水面,0.34,元安川,2.3,00,想定区域外,0,想定区域外,
2022,132.4522361,34.3780024,854.4,内水面,0.34,元安川,14.7,00,想定区域外,0,想定区域外,
2023,132.4522224,34.3784528,807.8,内水面,0.44,元安川,27.0,00,想定区域外,0,想定区域外,
2024,132.4522088,34.3789033,761.6,内水面,0.44,元安川,40.8,00,想定区域外,0,想定区域外,
2025,132.4521951,34.3793538,715.9,内水面,0.44,元安川,57.0,00,想定区域外,0,想定区域外,
2026,132.4521815,34.3798042,670.8,地表面,2.94,元安川,73.2,00,想定区域外,0,想定区域外,
2027,132.4521678,34.3802547,626.5,地表面,2.24,元安川,89.0,00,想定区域外,2,0.5～3.0m未満,元安川・太田川・旧太田川
2028,132.4521542,34.3807052,583.1,地表面,2.14,元安川,102.4,00,想定区域外,2,0.5～3.0m未満,元安川・太田川・旧太田川
2029,132.4521405,34.3811557,540.8,地表面,1.94,元安川,116.4,01,0.01～0.19m,3,3.0～5.0m未満,元安川・太田川・旧太田川
2030,132.4521269,34.3816061,500.0,地表面,1.64,元安川,124.8,01,0.01～0.19m,3,3.0～5.0m未満,元安川・太田川・旧太田川
2031,132.4521132,34.3820566,461.0,地表面,1.74,元安川,128.3,00,想定区域外,3,3.0～5.0m未満,元安川・太田川・旧太田川
2032,132.4520995,34.3825071,424.3,地表面,1.34,元安川,131.5,01,0.01～0.19m,3,3.0～5.0m未満,元安川・太田川・旧太田川
2033,132.4520859,34.3829575,390.5,地表面,1.74,元安川,136.6,00,想定区域外,3,3.0～5.0m未満,元安川・太田川・旧太田川
2034,132.4520722,34.383408,360.6,地表面,2.04,元安川,144.3,00,想定区域外,3,3.0～5.0m未満,元安川・太田川・旧太田川
2035,132.4520586,34.3838585,335.4,地表面,1.44,元安川,155.5,01,0.01～0.19m,3,3.0～5.0m未満,元安川・太田川・旧太田川
2036,132.4520449,34.384309,316.2,地表面,1.14,元安川,169.1,02,0.20～0.49m,3,3.0～5.0m未満,元安川・太田川・旧太田川
2037,132.4520313,34.3847594,304.1,地表面,1.34,元安川,180.5,01,0.01～0.19m,3,3.0～5.0m未満,元安川・太田川・旧太田川
2038,132.4520176,34.3852099,300.0,地表面,1.34,元安川,188.7,01,0.01～0.19m,3,3.0～5.0m未満,元安川・太田川・旧太田川
2039,132.452004,34.3856604,304.1,地表面,1.04,元安川,181.0,02,0.20～0.49m,3,3.0～5.0m未満,元安川・太田川・旧太田川
2040,132.4519903,34.3861108,316.2,地表面,1.64,元安川,167.7,00,想定区域外,3,3.0～5.0m未満,元安川・太田川・旧太田川
2041,132.4519766,34.3865613,335.4,地表面,1.84,元安川,152.6,00,想定区域外,3,3.0～5.0m未満,元安川・太田川・旧太田川
2042,132.451963,34.3870118,360.6,地表面,1.84,元安川,134.0,01,0.01～0.19m,3,3.0～5.0m未満,元安川・太田川・旧太田川
2043,132.4519493,34.3874622,390.5,地表面,2.24,元安川,106.4,01,0.01～0.19m,3,3.0～5.0m未満,元安川・太田川・旧太田川
2044,132.4519357,34.3879127,424.3,地表面,2.14,元安川,73.8,00,想定区域外,3,3.0～5.0m未満,元安川・太田川・旧太田川
2045,132.451922,34.3883632,461.0,地表面,3.74,元安川,40.6,00,想定区域外,0,想定区域外,
2046,132.4519084,34.3888137,500.0,内水面,0.44,元安川,7.3,00,想定区域外,0,想定区域外,
2047,132.4518947,34.3892641,540.8,内水面,0.44,元安川,25.9,00,想定区域外,0,想定区域外,
2048,132.451881,34.3897146,583.1,地表面,2.94,元安川,60.8,00,想定区域外,3,3.0～5.0m未満,元安川・太田川・旧太田川
2049,132.4518674,34.3901651,626.5,地表面,2.54,元安川,99.5,01,0.01～0.19m,3,3.0～5.0m未満,元安川・太田川・旧太田川
2050,132.4518537,34.3906155,670.8,地表面,2.24,元安川,143.3,02,0.20～0.49m,3,3.0～5.0m未満,元安川・太田川・旧太田川
2051,132.4518401,34.391066,715.9,地表面,2.04,元安川,186.4,03,0.50～0.99m,3,3.0～5.0m未満,元安川・太田川・旧太田川
2052,132.4518264,34.3915165,761.6,地表面,2.84,元安川,212.2,00,想定区域外,3,3.0～5.0m未満,元安川・太田川・旧太田川
2053,132.4518127,34.3919669,807.8,地表面,3.14,旧太田川,190.2,00,想定区域外,3,3.0～5.0m未満,元安川・太田川・旧太田川
2054,132.4517991,34.3924174,854.4,地表面,3.04,旧太田川,165.7,02,0.20～0.49m,3,3.0～5.0m未満,元安川・太田川・旧太田川
2055,132.4517854,34.3928679,901.4,地表面,3.34,旧太田川,141.2,00,想定区域外,3,3.0～5.0m未満,元安川・太田川・旧太田川
2056,132.4517718,34.3933184,948.7,地表面,3.54,旧太田川,116.0,00,想定区域外,3,3.0～5.0m未満,元安川・太田川・旧太田川
2057,132.4517581,34.3937688,996.2,地表面,3.54,旧太田川,96.0,00,想定区域外,3,3.0～5.0m未満,元安川・太田川・旧太田川
2058,132.4517444,34.3942193,1044.0,地表面,4.04,旧太田川,72.3,00,想定区域外,2,0.5～3.0m未満,元安川・太田川・旧太田川
2059,132.4517308,34.3946698,1092.0,地表面,4.24,旧太田川,47.8,00,想定区域外,2,0.5～3.0m未満,元安川・太田川・旧太田川
2060,132.4517171,34.3951202,1140.2,内水面,0.54,旧太田川,23.3,00,想定区域外,0,想定区域外,
2061,132.4517035,34.3955707,1188.5,内水面,0.44,旧太田川,1.2,00,想定区域外,0,想定区域外,
2062,132.4516898,34.3960212,1236.9,内水面,0.44,旧太田川,25.8,00,想定区域外,0,想定区域外,
2063,132.4516761,34.3964716,1285.5,地表面,5.54,旧太田川,56.7,00,想定区域外,0,想定区域外,
2064,132.4516625,34.3969221,1334.2,地表面,5.24,旧太田川,82.1,00,想定区域外,3,3.0～5.0m未満,天満川・太田川・旧太田川
2065,132.4516488,34.3973726,1382.9,地表面,3.94,旧太田川,84.8,00,想定区域外,4,5.0～10.0m未満,天満川・太田川・旧太田川
2066,132.4516351,34.3978231,1431.8,地表面,4.04,旧太田川,81.9,00,想定区域外,3,3.0～5.0m未満,天満川・太田川・旧太田川
2067,132.4516215,34.3982735,1480.7,地表面,4.34,旧太田川,79.2,00,想定区域外,3,3.0～5.0m未満,天満川・太田川・旧太田川
2068,132.4516078,34.398724,1529.7,地表面,4.14,旧太田川,73.0,00,想定区域外,3,3.0～5.0m未満,天満川・太田川・旧太田川
2069,132.4515941,34.3991745,1578.8,地表面,4.64,旧太田川,64.9,00,想定区域外,0,想定区域外,
2070,132.4515805,34.3996249,1627.9,地表面,4.94,旧太田川,55.0,00,想定区域外,0,想定区域外,
2071,132.4515668,34.4000754,1677.1,内水面,0.44,旧太田川,39.1,00,想定区域外,0,想定区域外,
2072,132.4515532,34.4005259,1726.3,内水面,0.54,旧太田川,17.9,00,想定区域外,0,想定区域外,
2073,132.4515395,34.4009763,1775.5,内水面,0.44,旧太田川,6.0,00,想定区域外,0,想定区域外,
2074,132.4515258,34.4014268,1824.8,内水面,0.54,旧太田川,24.8,00,想定区域外,0,想定区域外,
2075,132.4515122,34.4018773,1874.2,内水面,0.54,旧太田川,38.1,00,想定区域外,0,想定区域外,
2076,132.4514985,34.4023277,1923.5,内水面,0.54,旧太田川,42.5,00,想定区域外,0,想定区域外,
2077,132.4514848,34.4027782,1972.9,内水面,0.54,旧太田川,37.7,00,想定区域外,0,想定区域外,
2078,132.4530932,34.3676528,1966.0,地表面,1.74,元安川,173.0,02,0.20～0.49m,2,0.5～3.0m未満,元安川・太田川・旧太田川
2079,132.4530796,34.3681033,1916.4,地表面,1.64,元安川,167.3,02,0.20～0.49m,2,0.5～3.0m未満,元安川・太田川・旧太田川
2080,132.4530659,34.3685538,1866.8,地表面,2.24,元安川,161.3,00,想定区域外,2,0.5～3.0m未満,元安川・太田川・旧太田川
2081,132.4530523,34.3690042,1817.3,地表面,2.34,元安川,150.9,00,想定区域外,2,0.5～3.0m未満,元安川・太田川・旧太田川
2082,132.4530386,34.3694547,1767.8,地表面,2.54,元安川,138.3,00,想定区域外,2,0.5～3.0m未満,元安川・太田川・旧太田川
2083,132.453025,34.3699052,1718.3,地表面,2.94,元安川,124.6,00,想定区域外,2,0.5～3.0m未満,元安川・太田川・旧太田川
2084,132.4530113,34.3703557,1668.8,内水面,0.34,元安川,111.6,00,想定区域外,0,想定区域外,
2085,132.4529977,34.3708061,1619.4,地表面,0.44,元安川,98.7,00,想定区域外,0,想定区域外,
2086,132.4529841,34.3712566,1570.0,内水面,0.34,元安川,85.9,00,想定区域外,0,想定区域外,
2087,132.4529704,34.3717071,1520.7,内水面,0.34,元安川,73.0,00,想定区域外,0,想定区域外,
2088,132.4529568,34.3721575,1471.4,内水面,0.34,元安川,63.1,00,想定区域外,0,想定区域外,
2089,132.4529431,34.372608,1422.1,内水面,0.34,元安川,53.6,00,想定区域外,0,想定区域外,
2090,132.4529295,34.3730585,1373.0,内水面,0.34,元安川,44.0,00,想定区域外,0,想定区域外,
2091,132.4529158,34.373509,1323.8,内水面,0.34,元安川,36.4,00,想定区域外,0,想定区域外,
2092,132.4529022,34.3739594,1274.8,内水面,0.34,元安川,29.5,00,想定区域外,0,想定区域外,
2093,132.4528886,34.3744099,1225.8,内水面,0.34,元安川,22.5,00,想定区域外,0,想定区域外,
2094,132.4528749,34.3748604,1176.9,内水面,0.34,元安川,14.9,00,想定区域外,0,想定区域外,
2095,132.4528613,34.3753109,1128.1,内水面,0.34,元安川,5.4,00,想定区域外,0,想定区域外,
2096,132.4528476,34.3757613,1079.4,内水面,0.34,元安川,4.0,00,想定区域外,0,想定区域外,
2097,132.452834,34.3762118,1030.8,内水面,0.34,元安川,15.0,00,想定区域外,0,想定区域外,
2098,132.4528203,34.3766623,982.3,内水面,0.34,元安川,26.9,00,想定区域外,0,想定区域外,
2099,132.4528067,34.3771127,934.1,内水面,0.34,元安川,38.9,00,想定区域外,0,想定区域外,
2100,132.452793,34.3775632,886.0,内水面,0.34,元安川,50.9,00,想定区域外,0,想定区域外,
2101,132.4527794,34.3780137,838.2,地表面,4.34,元安川,63.1,00,想定区域外,0,想定区域外,
2102,132.4527657,34.3784642,790.6,地表面,3.14,元安川,75.5,00,想定区域外,2,0.5～3.0m未満,元安川・太田川・旧太田川
2103,132.4527521,34.3789146,743.3,地表面,3.24,元安川,88.1,00,想定区域外,2,0.5～3.0m未満,元安川・太田川・旧太田川
2104,132.4527384,34.3793651,696.4,地表面,2.84,元安川,104.3,00,想定区域外,2,0.5～3.0m未満,元安川・太田川・旧太田川
2105,132.4527248,34.3798156,650.0,地表面,1.84,元安川,120.5,00,想定区域外,3,3.0～5.0m未満,元安川・太田川・旧太田川
2106,132.4527111,34.380266,604.2,地表面,1.94,元安川,136.7,00,想定区域外,2,0.5～3.0m未満,元安川・太田川・旧太田川
2107,132.4526975,34.3807165,559.0,地表面,1.64,元安川,150.6,00,想定区域外,3,3.0～5.0m未満,元安川・太田川・旧太田川
2108,132.4526838,34.381167,514.8,地表面,1.74,元安川,164.2,01,0.01～0.19m,3,3.0～5.0m未満,元安川・太田川・旧太田川
2109,132.4526702,34.3816174,471.7,地表面,1.54,元安川,174.5,01,0.01～0.19m,3,3.0～5.0m未満,元安川・太田川・旧太田川
2110,132.4526565,34.3820679,430.1,地表面,1.64,元安川,178.2,01,0.01～0.19m,3,3.0～5.0m未満,元安川・太田川・旧太田川
2111,132.4526429,34.3825184,390.5,地表面,1.54,元安川,181.4,00,想定区域外,3,3.0～5.0m未満,元安川・太田川・旧太田川
2112,132.4526292,34.3829689,353.6,地表面,1.94,元安川,186.3,01,0.01～0.19m,3,3.0～5.0m未満,元安川・太田川・旧太田川
2113,132.4526156,34.3834193,320.2,地表面,1.74,元安川,193.0,00,想定区域外,3,3.0～5.0m未満,元安川・太田川・旧太田川
2114,132.4526019,34.3838698,291.5,地表面,1.44,元安川,204.2,01,0.01～0.19m,3,3.0～5.0m未満,元安川・太田川・旧太田川
2115,132.4525883,34.3843203,269.3,地表面,1.24,元安川,217.7,02,0.20～0.49m,3,3.0～5.0m未満,元安川・太田川・旧太田川
2116,132.4525746,34.3847707,255.0,地表面,1.24,元安川,229.2,01,0.01～0.19m,3,3.0～5.0m未満,元安川・太田川・旧太田川
2117,132.452561,34.3852212,250.0,地表面,1.44,元安川,238.4,01,0.01～0.19m,3,3.0～5.0m未満,元安川・太田川・旧太田川
2118,132.4525473,34.3856717,255.0,地表面,1.24,元安川,229.3,01,0.01～0.19m,3,3.0～5.0m未満,元安川・太田川・旧太田川
2119,132.4525337,34.3861222,269.3,地表面,1.54,元安川,215.4,01,0.01～0.19m,3,3.0～5.0m未満,元安川・太田川・旧太田川
2120,132.45252,34.3865726,291.5,地表面,1.24,元安川,200.1,01,0.01～0.19m,3,3.0～5.0m未満,元安川・太田川・旧太田川
2121,132.4525064,34.3870231,320.2,地表面,1.34,元安川,176.7,01,0.01～0.19m,3,3.0～5.0m未満,元安川・太田川・旧太田川
2122,132.4524927,34.3874736,353.6,地表面,1.54,元安川,144.4,01,0.01～0.19m,3,3.0～5.0m未満,元安川・太田川・旧太田川
2123,132.4524791,34.387924,390.5,地表面,2.44,元安川,111.1,00,想定区域外,2,0.5～3.0m未満,元安川・太田川・旧太田川
2124,132.4524654,34.3883745,430.1,地表面,3.24,元安川,77.9,00,想定区域外,2,0.5～3.0m未満,元安川・太田川・旧太田川
2125,132.4524517,34.388825,471.7,地表面,2.84,元安川,44.7,00,想定区域外,3,3.0～5.0m未満,元安川・太田川・旧太田川
2126,132.4524381,34.3892754,514.8,内水面,0.44,元安川,9.9,00,想定区域外,0,想定区域外,
2127,132.4524244,34.3897259,559.0,内水面,0.44,元安川,31.6,00,想定区域外,0,想定区域外,
2128,132.4524108,34.3901764,604.2,地表面,3.04,元安川,78.2,00,想定区域外,3,3.0～5.0m未満,元安川・太田川・旧太田川
2129,132.4523971,34.3906269,650.0,地表面,3.34,元安川,116.5,00,想定区域外,3,3.0～5.0m未満,元安川・太田川・旧太田川
2130,132.4523835,34.3910773,696.4,地表面,2.24,元安川,145.9,01,0.01～0.19m,3,3.0～5.0m未満,元安川・太田川・旧太田川
2131,132.4523698,34.3915278,743.3,地表面,2.94,元安川,164.3,00,想定区域外,3,3.0～5.0m未満,元安川・太田川・旧太田川
2132,132.4523562,34.3919783,790.6,地表面,3.04,元安川,175.1,00,想定区域外,3,3.0～5.0m未満,元安川・太田川・旧太田川
2133,132.4523425,34.3924287,838.2,地表面,2.74,元安川,181.7,02,0.20～0.49m,3,3.0～5.0m未満,元安川・太田川・旧太田川
2134,132.4523288,34.3928792,886.0,地表面,3.14,元安川,172.5,00,想定区域外,3,3.0～5.0m未満,元安川・太田川・旧太田川
2135,132.4523152,34.3933297,934.1,地表面,3.44,元安川,148.3,00,想定区域外,3,3.0～5.0m未満,元安川・太田川・旧太田川
2136,132.4523015,34.3937801,982.3,地表面,3.64,元安川,128.5,00,想定区域外,3,3.0～5.0m未満,元安川・太田川・旧太田川
2137,132.4522879,34.3942306,1030.8,地表面,3.84,元安川,108.0,00,想定区域外,3,3.0～5.0m未満,元安川・太田川・旧太田川
2138,132.4522742,34.3946811,1079.4,地表面,3.84,元安川,87.5,00,想定区域外,2,0.5～3.0m未満,元安川・太田川・旧太田川
2139,132.4522605,34.3951316,1128.1,地表面,4.14,旧太田川,66.9,00,想定区域外,2,0.5～3.0m未満,元安川・太田川・旧太田川
2140,132.4522469,34.395582,1176.9,地表面,5.74,旧太田川,42.4,00,想定区域外,2,0.5～3.0m未満,元安川・太田川・旧太田川
2141,132.4522332,34.3960325,1225.8,内水面,0.44,旧太田川,13.9,00,想定区域外,0,想定区域外,
2142,132.4522196,34.396483,1274.8,内水面,0.44,旧太田川,19.7,00,想定区域外,0,想定区域外,
2143,132.4522059,34.3969334,1323.8,内水面,0.44,旧太田川,32.3,00,想定区域外,0,想定区域外,
2144,132.4521922,34.3973839,1373.0,内水面,0.44,旧太田川,34.8,00,想定区域外,0,想定区域外,
2145,132.4521786,34.3978344,1422.1,内水面,0.44,旧太田川,31.9,00,想定区域外,0,想定区域外,
2146,132.4521649,34.3982848,1471.4,内水面,0.44,旧太田川,29.3,00,想定区域外,0,想定区域外,
2147,132.4521513,34.3987353,1520.7,内水面,0.44,旧太田川,23.5,00,想定区域外,0,想定区域外,
2148,132.4521376,34.3991858,1570.0,内水面,0.44,旧太田川,15.6,00,想定区域外,0,想定区域外,
2149,132.4521239,34.3996363,1619.4,内水面,0.44,旧太田川,6.6,00,想定区域外,0,想定区域外,
2150,132.4521103,34.4000867,1668.8,内水面,0.54,旧太田川,7.1,00,想定区域外,0,想定区域外,
2151,132.4520966,34.4005372,1718.3,内水面,0.44,旧太田川,26.2,00,想定区域外,0,想定区域外,
2152,132.4520829,34.4009877,1767.8,地表面,0.64,旧太田川,50.5,00,想定区域外,0,想定区域外,
2153,132.4520693,34.4014381,1817.3,地表面,3.84,旧太田川,71.7,00,想定区域外,0,想定区域外,
2154,132.4520556,34.4018886,1866.8,地表面,4.54,旧太田川,87.1,00,想定区域外,0,想定区域外,
2155,132.452042,34.4023391,1916.4,地表面,5.84,旧太田川,92.5,00,想定区域外,0,想定区域外,
2156,132.4520283,34.4027895,1966.0,地表面,3.84,旧太田川,86.5,00,想定区域外,3,3.0～5.0m未満,元安川・太田川・旧太田川
2157,132.4536364,34.3676641,1960.2,内水面,0.24,元安川,123.3,00,想定区域外,0,想定区域外,
2158,132.4536228,34.3681146,1910.5,内水面,0.24,元安川,117.7,00,想定区域外,0,想定区域外,
2159,132.4536092,34.3685651,1860.8,内水面,0.24,元安川,111.7,00,想定区域外,0,想定区域外,
2160,132.4535955,34.3690156,1811.1,内水面,0.24,元安川,102.5,00,想定区域外,0,想定区域外,
2161,132.4535819,34.369466,1761.4,内水面,0.24,元安川,89.9,00,想定区域外,0,想定区域外,
2162,132.4535683,34.3699165,1711.7,内水面,0.24,元安川,76.5,00,想定区域外,0,想定区域外,
2163,132.4535546,34.370367,1662.1,内水面,0.34,元安川,63.3,00,想定区域外,0,想定区域外,
2164,132.453541,34.3708174,1612.5,内水面,0.24,元安川,50.4,00,想定区域外,0,想定区域外,
2165,132.4535273,34.3712679,1562.8,内水面,0.34,元安川,37.6,00,想定区域外,0,想定区域外,
2166,132.4535137,34.3717184,1513.3,内水面,0.24,元安川,24.7,00,想定区域外,0,想定区域外,
2167,132.4535001,34.3721689,1463.7,内水面,0.34,元安川,14.0,00,想定区域外,0,想定区域外,
2168,132.4534864,34.3726193,1414.2,内水面,0.34,元安川,4.5,00,想定区域外,0,想定区域外,
2169,132.4534728,34.3730698,1364.7,内水面,0.34,元安川,5.0,00,想定区域外,0,想定区域外,
2170,132.4534591,34.3735203,1315.3,内水面,0.34,元安川,13.1,00,想定区域外,0,想定区域外,
2171,132.4534455,34.3739707,1265.9,内水面,0.34,元安川,20.0,00,想定区域外,0,想定区域外,
2172,132.4534318,34.3744212,1216.6,内水面,0.34,元安川,27.0,00,想定区域外,0,想定区域外,
2173,132.4534182,34.3748717,1167.3,内水面,0.34,元安川,34.2,00,想定区域外,0,想定区域外,
2174,132.4534046,34.3753222,1118.0,内水面,0.34,元安川,43.7,00,想定区域外,0,想定区域外,
2175,132.4533909,34.3757726,1068.9,内水面,0.34,元安川,53.1,00,想定区域外,0,想定区域外,
2176,132.4533773,34.3762231,1019.8,地表面,3.14,元安川,63.5,00,想定区域外,2,0.5～3.0m未満,元安川・太田川・旧太田川
2177,132.4533636,34.3766736,970.8,地表面,3.24,元安川,75.5,00,想定区域外,2,0.5～3.0m未満,元安川・太田川・旧太田川
2178,132.45335,34.3771241,922.0,地表面,3.14,元安川,87.5,00,想定区域外,2,0.5～3.0m未満,元安川・太田川・旧太田川
2179,132.4533363,34.3775745,873.2,地表面,1.94,元安川,99.4,00,想定区域外,2,0.5～3.0m未満,元安川・太田川・旧太田川
2180,132.4533227,34.378025,824.6,地表面,0.94,元安川,111.6,00,想定区域外,3,3.0～5.0m未満,元安川・太田川・旧太田川
2181,132.453309,34.3784755,776.2,地表面,1.34,元安川,123.9,00,想定区域外,3,3.0～5.0m未満,元安川・太田川・旧太田川
2182,132.4532954,34.3789259,728.0,地表面,1.14,元安川,136.3,01,0.01～0.19m,3,3.0～5.0m未満,元安川・太田川・旧太田川
2183,132.4532818,34.3793764,680.1,地表面,1.14,元安川,151.6,00,想定区域外,3,3.0～5.0m未満,元安川・太田川・旧太田川
2184,132.4532681,34.3798269,632.5,地表面,0.84,元安川,167.8,02,0.20～0.49m,3,3.0～5.0m未満,元安川・太田川・旧太田川
2185,132.4532545,34.3802774,585.2,地表面,1.74,元安川,184.0,00,想定区域外,2,0.5～3.0m未満,元安川・太田川・旧太田川
2186,132.4532408,34.3807278,538.5,地表面,1.54,元安川,198.8,01,0.01～0.19m,3,3.0～5.0m未満,元安川・太田川・旧太田川
2187,132.4532272,34.3811783,492.4,地表面,1.94,元安川,212.2,00,想定区域外,3,3.0～5.0m未満,元安川・太田川・旧太田川
2188,132.4532135,34.3816288,447.2,地表面,1.64,元安川,224.2,01,0.01～0.19m,3,3.0～5.0m未満,元安川・太田川・旧太田川
2189,132.4531999,34.3820792,403.1,地表面,1.54,元安川,228.1,01,0.01～0.19m,3,3.0～5.0m未満,元安川・太田川・旧太田川
2190,132.4531862,34.3825297,360.6,地表面,1.84,元安川,231.3,00,想定区域外,3,3.0～5.0m未満,元安川・太田川・旧太田川
2191,132.4531726,34.3829802,320.2,地表面,1.74,元安川,236.0,00,想定区域外,3,3.0～5.0m未満,元安川・太田川・旧太田川
2192,132.4531589,34.3834306,282.8,地表面,1.54,元安川,242.0,01,0.01～0.19m,3,3.0～5.0m未満,元安川・太田川・旧太田川
2193,132.4531453,34.3838811,250.0,地表面,1.94,元安川,252.9,00,想定区域外,2,0.5～3.0m未満,元安川・太田川・旧太田川
2194,132.4531316,34.3843316,223.6,地表面,1.84,元安川,265.6,00,想定区域外,3,3.0～5.0m未満,元安川・太田川・旧太田川
2195,132.453118,34.3847821,206.2,地表面,1.44,元安川,277.9,01,0.01～0.19m,3,3.0～5.0m未満,元安川・太田川・旧太田川
2196,132.4531043,34.3852325,200.0,地表面,1.14,元安川,288.0,01,0.01～0.19m,3,3.0～5.0m未満,元安川・太田川・旧太田川
2197,132.4530907,34.385683,206.2,地表面,1.44,元安川,277.6,01,0.01～0.19m,3,3.0～5.0m未満,元安川・太田川・旧太田川
2198,132.453077,34.3861335,223.6,地表面,1.34,元安川,263.1,01,0.01～0.19m,3,3.0～5.0m未満,元安川・太田川・旧太田川
2199,132.4530634,34.3865839,250.0,地表面,1.54,元安川,245.8,00,想定区域外,3,3.0～5.0m未満,元安川・太田川・旧太田川
2200,132.4530497,34.3870344,282.8,地表面,1.34,元安川,215.0,02,0.20～0.49m,3,3.0～5.0m未満,元安川・太田川・旧太田川
2201,132.4530361,34.3874849,320.2,地表面,1.74,元安川,181.7,00,想定区域外,3,3.0～5.0m未満,元安川・太田川・旧太田川
2202,132.4530224,34.3879354,360.6,地表面,1.54,元安川,148.5,01,0.01～0.19m,3,3.0～5.0m未満,元安川・太田川・旧太田川
2203,132.4530088,34.3883858,403.1,地表面,3.54,元安川,115.3,00,想定区域外,2,0.5～3.0m未満,元安川・太田川・旧太田川
2204,132.4529951,34.3888363,447.2,地表面,2.94,元安川,79.6,01,0.01～0.19m,4,5.0～10.0m未満,元安川・太田川・旧太田川
2205,132.4529815,34.3892868,492.4,内水面,0.34,元安川,33.5,00,想定区域外,0,想定区域外,
2206,132.4529678,34.3897372,538.5,内水面,0.44,元安川,9.7,00,想定区域外,0,想定区域外,
2207,132.4529542,34.3901877,585.2,地表面,4.74,元安川,46.0,00,想定区域外,0,想定区域外,
2208,132.4529405,34.3906382,632.5,地表面,4.74,元安川,76.1,00,想定区域外,0,想定区域外,
2209,132.4529269,34.3910886,680.1,地表面,3.34,元安川,101.5,00,想定区域外,3,3.0～5.0m未満,元安川・太田川・旧太田川
2210,132.4529132,34.3915391,728.0,地表面,3.44,元安川,115.5,00,想定区域外,3,3.0～5.0m未満,元安川・太田川・旧太田川
2211,132.4528996,34.3919896,776.2,地表面,3.54,元安川,126.0,00,想定区域外,3,3.0～5.0m未満,元安川・太田川・旧太田川
2212,132.4528859,34.3924401,824.6,地表面,3.04,元安川,131.8,00,想定区域外,3,3.0～5.0m未満,元安川・太田川・旧太田川
2213,132.4528722,34.3928905,873.2,地表面,3.24,元安川,127.0,00,想定区域外,3,3.0～5.0m未満,元安川・太田川・旧太田川
2214,132.4528586,34.393341,922.0,地表面,3.44,元安川,103.3,00,想定区域外,3,3.0～5.0m未満,元安川・太田川・旧太田川
2215,132.4528449,34.3937915,970.8,地表面,3.74,元安川,82.9,00,想定区域外,3,3.0～5.0m未満,元安川・太田川・旧太田川
2216,132.4528313,34.3942419,1019.8,地表面,4.24,元安川,62.4,00,想定区域外,3,3.0～5.0m未満,元安川・太田川・旧太田川
2217,132.4528176,34.3946924,1068.9,地表面,4.54,元安川,41.9,00,想定区域外,2,0.5～3.0m未満,元安川・太田川・旧太田川
2218,132.452804,34.3951429,1118.0,内水面,0.44,元安川,24.4,00,想定区域外,0,想定区域外,
2219,132.4527903,34.3955934,1167.3,内水面,0.44,元安川,10.7,00,想定区域外,0,想定区域外,
2220,132.4527767,34.3960438,1216.6,内水面,0.44,元安川,3.1,00,想定区域外,0,想定区域外,
2221,132.452763,34.3964943,1265.9,内水面,0.44,元安川,16.9,00,想定区域外,0,想定区域外,
2222,132.4527493,34.3969448,1315.3,内水面,0.44,旧太田川,17.6,00,想定区域外,0,想定区域外,
2223,132.4527357,34.3973952,1364.7,内水面,0.44,旧太田川,15.2,00,想定区域外,0,想定区域外,
2224,132.452722,34.3978457,1414.2,内水面,0.44,旧太田川,18.0,00,想定区域外,0,想定区域外,
2225,132.4527084,34.3982962,1463.7,内水面,0.44,旧太田川,20.6,00,想定区域外,0,想定区域外,
2226,132.4526947,34.3987466,1513.3,内水面,0.44,旧太田川,25.9,00,想定区域外,0,想定区域外,
2227,132.452681,34.3991971,1562.8,内水面,0.44,旧太田川,33.6,00,想定区域外,0,想定区域外,
2228,132.4526674,34.3996476,1612.5,内水面,0.54,旧太田川,42.3,00,想定区域外,0,想定区域外,
2229,132.4526537,34.400098,1662.1,地表面,3.04,旧太田川,54.2,00,想定区域外,0,想定区域外,
2230,132.4526401,34.4005485,1711.7,地表面,5.34,旧太田川,72.4,00,想定区域外,2,0.5～3.0m未満,元安川・旧太田川
2231,132.4526264,34.400999,1761.4,地表面,4.44,旧太田川,93.7,00,想定区域外,0,想定区域外,
2232,132.4526127,34.4014495,1811.1,地表面,4.14,旧太田川,117.6,00,想定区域外,3,3.0～5.0m未満,元安川・太田川・旧太田川
2233,132.4525991,34.4018999,1860.8,地表面,4.44,旧太田川,135.5,00,想定区域外,3,3.0～5.0m未満,元安川・太田川・旧太田川
2234,132.4525854,34.4023504,1910.5,地表面,4.24,旧太田川,142.4,00,想定区域外,3,3.0～5.0m未満,元安川・太田川・旧太田川
2235,132.4525718,34.4028009,1960.2,地表面,4.24,旧太田川,133.6,00,想定区域外,3,3.0～5.0m未満,元安川・太田川・旧太田川
2236,132.4541797,34.3676754,1955.8,内水面,0.14,元安川,73.7,00,想定区域外,0,想定区域外,
2237,132.4541661,34.3681259,1905.9,内水面,0.24,元安川,68.0,00,想定区域外,0,想定区域外,
2238,132.4541524,34.3685764,1856.1,内水面,0.24,元安川,62.1,00,想定区域外,0,想定区域外,
2239,132.4541388,34.3690269,1806.2,内水面,0.24,元安川,54.0,00,想定区域外,0,想定区域外,
2240,132.4541251,34.3694773,1756.4,内水面,0.24,元安川,41.5,00,想定区域外,0,想定区域外,
2241,132.4541115,34.3699278,1706.6,内水面,0.34,元安川,28.4,00,想定区域外,0,想定区域外,
2242,132.4540979,34.3703783,1656.8,内水面,0.34,元安川,15.0,00,想定区域外,0,想定区域外,
2243,132.4540842,34.3708288,1607.0,内水面,0.34,元安川,2.1,00,想定区域外,0,想定区域外,
2244,132.4540706,34.3712792,1557.2,内水面,0.34,元安川,10.8,00,想定区域外,0,想定区域外,
2245,132.454057,34.3717297,1507.5,内水面,0.34,元安川,23.6,00,想定区域外,0,想定区域外,
2246,132.4540433,34.3721802,1457.7,内水面,0.34,元安川,35.1,00,想定区域外,0,想定区域外,
2247,132.4540297,34.3726306,1408.0,内水面,0.34,元安川,44.6,00,想定区域外,0,想定区域外,
2248,132.4540161,34.3730811,1358.3,内水面,0.34,元安川,54.1,00,想定区域外,0,想定区域外,
2249,132.4540024,34.3735316,1308.6,内水面,0.44,元安川,62.6,00,想定区域外,0,想定区域外,
2250,132.4539888,34.3739821,1259.0,内水面,0.34,元安川,69.6,00,想定区域外,0,想定区域外,
2251,132.4539751,34.3744325,1209.3,地表面,4.44,元安川,76.5,00,想定区域外,0,想定区域外,
2252,132.4539615,34.374883,1159.7,地表面,3.94,元安川,83.5,00,想定区域外,2,0.5～3.0m未満,太田川
2253,132.4539479,34.3753335,1110.2,地表面,3.74,元安川,92.8,00,想定区域外,2,0.5～3.0m未満,元安川・太田川・旧太田川
2254,132.4539342,34.3757839,1060.7,地表面,3.84,元安川,102.2,00,想定区域外,2,0.5～3.0m未満,元安川・太田川・旧太田川
2255,132.4539206,34.3762344,1011.2,地表面,3.14,元安川,112.1,00,想定区域外,2,0.5～3.0m未満,元安川・太田川・旧太田川
2256,132.4539069,34.3766849,961.8,地表面,2.24,元安川,124.0,00,想定区域外,2,0.5～3.0m未満,元安川・太田川・旧太田川
2257,132.4538933,34.3771354,912.4,地表面,1.84,元安川,136.0,00,想定区域外,2,0.5～3.0m未満,元安川・太田川・旧太田川
2258,132.4538796,34.3775858,863.1,地表面,1.44,元安川,148.0,01,0.01～0.19m,3,3.0～5.0m未満,元安川・太田川・旧太田川
2259,132.453866,34.3780363,813.9,地表面,1.14,元安川,160.0,00,想定区域外,3,3.0～5.0m未満,元安川・太田川・旧太田川
2260,132.4538524,34.3784868,764.9,地表面,0.74,元安川,172.4,01,0.01～0.19m,3,3.0～5.0m未満,元安川・太田川・旧太田川
2261,132.4538387,34.3789372,715.9,地表面,2.04,元安川,184.7,00,想定区域外,3,3.0～5.0m未満,元安川・太田川・旧太田川
2262,132.4538251,34.3793877,667.1,地表面,1.54,元安川,198.9,00,想定区域外,3,3.0～5.0m未満,元安川・太田川・旧太田川
2263,132.4538114,34.3798382,618.5,地表面,0.84,元安川,215.1,01,0.01～0.19m,3,3.0～5.0m未満,元安川・太田川・旧太田川
2264,132.4537978,34.3802887,570.1,地表面,1.64,元安川,231.3,00,想定区域外,3,3.0～5.0m未満,元安川・太田川・旧太田川
2265,132.4537841,34.3807391,522.0,地表面,2.04,元安川,246.9,00,想定区域外,3,3.0～5.0m未満,元安川・太田川・旧太田川
2266,132.4537705,34.3811896,474.3,地表面,1.14,元安川,260.4,01,0.01～0.19m,3,3.0～5.0m未満,元安川・太田川・旧太田川
2267,132.4537569,34.3816401,427.2,地表面,0.84,元安川,274.0,01,0.01～0.19m,3,3.0～5.0m未満,元安川・太田川・旧太田川
2268,132.4537432,34.3820905,380.8,地表面,1.14,元安川,278.0,01,0.01～0.19m,3,3.0～5.0m未満,元安川・太田川・旧太田川
2269,132.4537296,34.382541,335.4,地表面,1.44,元安川,281.2,00,想定区域外,3,3.0～5.0m未満,元安川・太田川・旧太田川
2270,132.4537159,34.3829915,291.5,地表面,1.94,元安川,285.7,00,想定区域外,3,3.0～5.0m未満,元安川・太田川・旧太田川
2271,132.4537023,34.383442,250.0,地表面,1.64,元安川,291.3,00,想定区域外,3,3.0～5.0m未満,元安川・太田川・旧太田川
2272,132.4536886,34.3838924,212.1,地表面,1.64,元安川,301.7,01,0.01～0.19m,3,3.0～5.0m未満,元安川・太田川・旧太田川
2273,132.453675,34.3843429,180.3,地表面,1.94,元安川,313.5,00,想定区域外,3,3.0～5.0m未満,元安川・太田川・旧太田川
2274,132.4536613,34.3847934,158.1,地表面,1.44,元安川,326.6,00,想定区域外,3,3.0～5.0m未満,元安川・太田川・旧太田川
2275,132.4536477,34.3852438,150.0,地表面,1.84,元安川,337.5,01,0.01～0.19m,3,3.0～5.0m未満,元安川・太田川・旧太田川
2276,132.453634,34.3856943,158.1,地表面,1.64,元安川,325.8,00,想定区域外,3,3.0～5.0m未満,元安川・太田川・旧太田川
2277,132.4536204,34.3861448,180.3,地表面,1.14,元安川,310.7,01,0.01～0.19m,3,3.0～5.0m未満,元安川・太田川・旧太田川
2278,132.4536068,34.3865953,212.1,地表面,1.54,元安川,285.5,00,想定区域外,3,3.0～5.0m未満,元安川・太田川・旧太田川
2279,132.4535931,34.3870457,250.0,地表面,1.24,元安川,252.3,02,0.20～0.49m,3,3.0～5.0m未満,元安川・太田川・旧太田川
2280,132.4535795,34.3874962,291.5,地表面,1.84,元安川,219.1,00,想定区域外,3,3.0～5.0m未満,元安川・太田川・旧太田川
2281,132.4535658,34.3879467,335.4,地表面,1.04,元安川,185.9,02,0.20～0.49m,3,3.0～5.0m未満,元安川・太田川・旧太田川
2282,132.4535522,34.3883971,380.8,地表面,1.84,元安川,145.2,01,0.01～0.19m,3,3.0～5.0m未満,元安川・太田川・旧太田川
2283,132.4535385,34.3888476,427.2,地表面,1.74,元安川,101.4,01,0.01～0.19m,3,3.0～5.0m未満,元安川・太田川・旧太田川
2284,132.4535249,34.3892981,474.3,地表面,1.94,元安川,60.1,00,想定区域外,3,3.0～5.0m未満,元安川・太田川・旧太田川
2285,132.4535112,34.3897486,522.0,内水面,0.34,元安川,24.6,00,想定区域外,0,想定区域外,
2286,132.4534976,34.390199,570.1,内水面,0.34,元安川,6.2,00,想定区域外,0,想定区域外,
2287,132.4534839,34.3906495,618.5,内水面,0.44,元安川,34.9,00,想定区域外,0,想定区域外,
2288,132.4534703,34.3911,667.1,地表面,3.54,元安川,54.0,00,想定区域外,3,3.0～5.0m未満,元安川・太田川・旧太田川
2289,132.4534566,34.3915504,715.9,地表面,-3.26,元安川,66.7,00,想定区域外,4,5.0～10.0m未満,元安川・太田川・旧太田川
2290,132.453443,34.3920009,764.9,地表面,3.64,元安川,76.8,00,想定区域外,3,3.0～5.0m未満,元安川・太田川・旧太田川
2291,132.4534293,34.3924514,813.9,地表面,3.74,元安川,81.9,00,想定区域外,3,3.0～5.0m未満,元安川・太田川・旧太田川
2292,132.4534157,34.3929018,863.1,地表面,-0.76,元安川,78.1,00,想定区域外,3,3.0～5.0m未満,元安川・太田川・旧太田川
2293,132.453402,34.3933523,912.4,地表面,3.94,元安川,62.1,00,想定区域外,2,0.5～3.0m未満,元安川・太田川・旧太田川
2294,132.4533884,34.3938028,961.8,地表面,4.24,元安川,37.0,00,想定区域外,2,0.5～3.0m未満,元安川・太田川・旧太田川
2295,132.4533747,34.3942533,1011.2,内水面,0.44,元安川,16.8,00,想定区域外,0,想定区域外,
2296,132.453361,34.3947037,1060.7,内水面,0.44,元安川,3.7,00,想定区域外,0,想定区域外,
2297,132.4533474,34.3951542,1110.2,内水面,0.44,元安川,23.7,00,想定区域外,0,想定区域外,
2298,132.4533337,34.3956047,1159.7,地表面,4.24,元安川,37.4,00,想定区域外,3,3.0～5.0m未満,太田川・旧太田川
2299,132.4533201,34.3960551,1209.3,地表面,5.54,元安川,51.2,00,想定区域外,2,0.5～3.0m未満,元安川・太田川・旧太田川
2300,132.4533064,34.3965056,1259.0,地表面,4.94,元安川,65.0,00,想定区域外,2,0.5～3.0m未満,元安川・太田川・旧太田川
2301,132.4532928,34.3969561,1308.6,地表面,3.54,旧太田川,67.5,00,想定区域外,3,3.0～5.0m未満,元安川・太田川・旧太田川
2302,132.4532791,34.3974066,1358.3,地表面,5.14,旧太田川,65.2,00,想定区域外,0,想定区域外,
2303,132.4532655,34.397857,1408.0,地表面,3.44,旧太田川,68.0,00,想定区域外,0,想定区域外,
2304,132.4532518,34.3983075,1457.7,地表面,5.54,旧太田川,70.5,00,想定区域外,0,想定区域外,
2305,132.4532382,34.398758,1507.5,地表面,5.34,旧太田川,75.4,00,想定区域外,0,想定区域外,
2306,132.4532245,34.3992084,1557.2,地表面,3.54,旧太田川,82.9,01,0.01～0.19m,3,3.0～5.0m未満,元安川・太田川・旧太田川
2307,132.4532108,34.3996589,1607.0,地表面,3.04,旧太田川,91.5,00,想定区域外,4,5.0～10.0m未満,元安川・太田川・旧太田川
2308,132.4531972,34.4001094,1656.8,地表面,2.84,旧太田川,102.7,01,0.01～0.19m,3,3.0～5.0m未満,元安川・太田川・旧太田川
2309,132.4531835,34.4005598,1706.6,地表面,3.84,旧太田川,118.6,00,想定区域外,3,3.0～5.0m未満,元安川・太田川・旧太田川
2310,132.4531699,34.4010103,1756.4,地表面,4.54,旧太田川,138.0,00,想定区域外,3,3.0～5.0m未満,元安川・太田川・旧太田川
2311,132.4531562,34.4014608,1806.2,地表面,4.54,旧太田川,162.0,00,想定区域外,2,0.5～3.0m未満,元安川・太田川・旧太田川
2312,132.4531426,34.4019112,1856.1,地表面,4.74,旧太田川,182.8,00,想定区域外,3,3.0～5.0m未満,元安川・太田川・旧太田川
2313,132.4531289,34.4023617,1905.9,地表面,4.34,旧太田川,192.4,00,想定区域外,2,0.5～3.0m未満,元安川・太田川・旧太田川
2314,132.4531152,34.4028122,1955.8,地表面,3.54,旧太田川,179.4,01,0.01～0.19m,3,3.0～5.0m未満,元安川・太田川・旧太田川
2315,132.4547229,34.3676868,1952.6,内水面,0.24,元安川,24.0,00,想定区域外,0,想定区域外,
2316,132.4547093,34.3681372,1902.6,内水面,0.24,元安川,18.3,00,想定区域外,0,想定区域外,
2317,132.4546957,34.3685877,1852.7,内水面,0.24,元安川,12.4,00,想定区域外,0,想定区域外,
2318,132.454682,34.3690382,1802.8,内水面,0.14,元安川,4.8,00,想定区域外,0,想定区域外,
2319,132.4546684,34.3694886,1752.9,内水面,0.24,元安川,6.9,00,想定区域外,0,想定区域外,
2320,132.4546548,34.3699391,1702.9,内水面,0.34,元安川,19.6,00,想定区域外,0,想定区域外,
2321,132.4546411,34.3703896,1653.0,内水面,0.24,元安川,33.4,00,想定区域外,0,想定区域外,
2322,132.4546275,34.3708401,1603.1,内水面,0.24,元安川,46.2,00,想定区域外,0,想定区域外,
2323,132.4546139,34.3712905,1553.2,内水面,0.34,元安川,59.1,00,想定区域外,0,想定区域外,
2324,132.4546002,34.371741,1503.3,内水面,0.34,元安川,71.9,00,想定区域外,0,想定区域外,
2325,132.4545866,34.3721915,1453.4,内水面,0.34,元安川,84.2,00,想定区域外,0,想定区域外,
2326,132.454573,34.372642,1403.6,地表面,4.24,元安川,93.7,00,想定区域外,2,0.5～3.0m未満,太田川
2327,132.4545593,34.3730924,1353.7,地表面,4.84,元安川,103.2,00,想定区域外,2,0.5～3.0m未満,太田川
2328,132.4545457,34.3735429,1303.8,地表面,5.44,元安川,112.1,00,想定区域外,0,想定区域外,
2329,132.4545321,34.3739934,1254.0,地表面,0.54,元安川,119.1,00,想定区域外,3,3.0～5.0m未満,元安川・太田川・旧太田川
2330,132.4545184,34.3744438,1204.2,地表面,3.34,元安川,126.0,01,0.01～0.19m,2,0.5～3.0m未満,元安川・太田川・旧太田川
2331,132.4545048,34.3748943,1154.3,地表面,0.74,元安川,133.0,01,0.01～0.19m,3,3.0～5.0m未満,元安川・太田川・旧太田川
2332,132.4544911,34.3753448,1104.5,地表面,1.54,元安川,141.9,01,0.01～0.19m,3,3.0～5.0m未満,元安川・太田川・旧太田川
2333,132.4544775,34.3757953,1054.8,地表面,1.74,元安川,151.3,00,想定区域外,2,0.5～3.0m未満,元安川・太田川・旧太田川
2334,132.4544639,34.3762457,1005.0,地表面,1.04,元安川,160.8,00,想定区域外,3,3.0～5.0m未満,元安川・太田川・旧太田川
2335,132.4544502,34.3766962,955.2,地表面,1.44,元安川,172.6,00,想定区域外,3,3.0～5.0m未満,元安川・太田川・旧太田川
2336,132.4544366,34.3771467,905.5,地表面,2.04,元安川,184.6,00,想定区域外,2,0.5～3.0m未満,元安川・太田川・旧太田川
2337,132.454423,34.3775971,855.9,地表面,0.34,元安川,196.5,01,0.01～0.19m,3,3.0～5.0m未満,元安川・太田川・旧太田川
2338,132.4544093,34.3780476,806.2,地表面,0.54,元安川,208.5,01,0.01～0.19m,3,3.0～5.0m未満,元安川・太田川・旧太田川
2339,132.4543957,34.3784981,756.6,地表面,0.54,元安川,220.8,01,0.01～0.19m,3,3.0～5.0m未満,元安川・太田川・旧太田川
2340,132.454382,34.3789486,707.1,地表面,0.94,元安川,233.2,01,0.01～0.19m,3,3.0～5.0m未満,元安川・太田川・旧太田川
2341,132.4543684,34.379399,657.6,地表面,1.14,元安川,246.2,00,想定区域外,3,3.0～5.0m未満,元安川・太田川・旧太田川
2342,132.4543548,34.3798495,608.3,地表面,1.14,元安川,262.4,01,0.01～0.19m,3,3.0～5.0m未満,元安川・太田川・旧太田川
2343,132.4543411,34.3803,559.0,地表面,0.74,元安川,278.6,00,想定区域外,3,3.0～5.0m未満,元安川・太田川・旧太田川
2344,132.4543275,34.3807504,509.9,地表面,1.84,元安川,294.8,00,想定区域外,3,3.0～5.0m未満,元安川・太田川・旧太田川
2345,132.4543138,34.3812009,461.0,地表面,1.84,元安川,308.5,00,想定区域外,2,0.5～3.0m未満,元安川・太田川・旧太田川
2346,132.4543002,34.3816514,412.3,地表面,1.14,元安川,322.3,01,0.01～0.19m,3,3.0～5.0m未満,元安川・太田川・旧太田川
2347,132.4542866,34.3821019,364.0,地表面,1.14,元安川,327.9,01,0.01～0.19m,3,3.0～5.0m未満,元安川・太田川・旧太田川
2348,132.4542729,34.3825523,316.2,地表面,0.84,元安川,331.1,01,0.01～0.19m,3,3.0～5.0m未満,元安川・太田川・旧太田川
2349,132.4542593,34.3830028,269.3,地表面,1.24,元安川,335.4,01,0.01～0.19m,3,3.0～5.0m未満,元安川・太田川・旧太田川
2350,132.4542456,34.3834533,223.6,地表面,1.64,元安川,340.9,00,想定区域外,3,3.0～5.0m未満,元安川・太田川・旧太田川
2351,132.454232,34.3839037,180.3,地表面,1.54,元安川,350.4,00,想定区域外,3,3.0～5.0m未満,元安川・太田川・旧太田川
2352,132.4542183,34.3843542,141.4,地表面,2.04,元安川,361.7,00,想定区域外,3,3.0～5.0m未満,元安川・太田川・旧太田川
2353,132.4542047,34.3848047,111.8,地表面,1.64,元安川,375.3,00,想定区域外,3,3.0～5.0m未満,元安川・太田川・旧太田川
2354,132.4541911,34.3852552,100.0,地表面,1.94,元安川,386.6,00,想定区域外,3,3.0～5.0m未満,元安川・太田川・旧太田川
2355,132.4541774,34.3857056,111.8,地表面,1.64,元安川,373.5,00,想定区域外,3,3.0～5.0m未満,元安川・太田川・旧太田川
2356,132.4541638,34.3861561,141.4,地表面,1.34,元安川,355.9,00,想定区域外,3,3.0～5.0m未満,元安川・太田川・旧太田川
2357,132.4541501,34.3866066,180.3,地表面,1.14,元安川,322.9,02,0.20～0.49m,3,3.0～5.0m未満,元安川・太田川・旧太田川
2358,132.4541365,34.387057,223.6,地表面,1.44,元安川,289.7,01,0.01～0.19m,3,3.0～5.0m未満,元安川・太田川・旧太田川
2359,132.4541228,34.3875075,269.3,地表面,1.24,元安川,256.5,02,0.20～0.49m,3,3.0～5.0m未満,元安川・太田川・旧太田川
2360,132.4541092,34.387958,316.2,地表面,1.44,元安川,213.1,01,0.01～0.19m,3,3.0～5.0m未満,元安川・太田川・旧太田川
2361,132.4540955,34.3884085,364.0,地表面,1.74,元安川,170.6,00,想定区域外,3,3.0～5.0m未満,元安川・太田川・旧太田川
2362,132.4540819,34.3888589,412.3,地表面,1.74,元安川,130.4,01,0.01～0.19m,3,3.0～5.0m未満,元安川・太田川・旧太田川
2363,132.4540682,34.3893094,461.0,地表面,2.14,元安川,95.2,01,0.01～0.19m,3,3.0～5.0m未満,元安川・太田川・旧太田川
2364,132.4540546,34.3897599,509.9,地表面,3.14,元安川,63.6,00,想定区域外,2,0.5～3.0m未満,元安川・太田川・旧太田川
2365,132.454041,34.3902103,559.0,内水面,0.44,元安川,34.2,00,想定区域外,0,想定区域外,
2366,132.4540273,34.3906608,608.3,内水面,0.34,元安川,9.9,00,想定区域外,0,想定区域外,
2367,132.4540137,34.3911113,657.6,内水面,0.34,元安川,6.6,00,想定区域外,0,想定区域外,
2368,132.454,34.3915618,707.1,内水面,0.34,元安川,17.9,00,想定区域外,0,想定区域外,
2369,132.4539864,34.3920122,756.6,内水面,0.44,元安川,27.6,00,想定区域外,0,想定区域外,
2370,132.4539727,34.3924627,806.2,内水面,0.44,元安川,31.9,00,想定区域外,0,想定区域外,
2371,132.4539591,34.3929132,855.9,内水面,0.44,元安川,28.6,00,想定区域外,0,想定区域外,
2372,132.4539454,34.3933636,905.5,内水面,0.44,元安川,16.3,00,想定区域外,0,想定区域外,
2373,132.4539318,34.3938141,955.2,内水面,0.44,元安川,7.0,00,想定区域外,0,想定区域外,
2374,132.4539181,34.3942646,1005.0,地表面,5.04,元安川,28.8,00,想定区域外,0,想定区域外,
2375,132.4539045,34.394715,1054.8,地表面,3.04,元安川,49.3,01,0.01～0.19m,3,3.0～5.0m未満,元安川・太田川・旧太田川
2376,132.4538908,34.3951655,1104.5,地表面,3.94,元安川,69.9,00,想定区域外,2,0.5～3.0m未満,元安川・太田川・旧太田川
2377,132.4538772,34.395616,1154.3,地表面,4.34,元安川,85.5,00,想定区域外,2,0.5～3.0m未満,元安川・太田川・旧太田川
2378,132.4538635,34.3960665,1204.2,地表面,3.94,元安川,99.2,00,想定区域外,3,3.0～5.0m未満,太田川・旧太田川
2379,132.4538499,34.3965169,1254.0,地表面,2.64,元安川,113.1,00,想定区域外,3,3.0～5.0m未満,元安川・太田川・旧太田川
2380,132.4538362,34.3969674,1303.8,地表面,2.84,旧太田川,117.4,00,想定区域外,3,3.0～5.0m未満,元安川・太田川・旧太田川
2381,132.4538226,34.3974179,1353.7,地表面,3.34,旧太田川,115.2,00,想定区域外,3,3.0～5.0m未満,元安川・太田川・旧太田川
2382,132.4538089,34.3978683,1403.6,地表面,3.14,旧太田川,117.9,00,想定区域外,3,3.0～5.0m未満,元安川・太田川・旧太田川
2383,132.4537953,34.3983188,1453.4,地表面,3.14,旧太田川,120.4,00,想定区域外,3,3.0～5.0m未満,元安川・太田川・旧太田川
2384,132.4537816,34.3987693,1503.3,地表面,2.84,旧太田川,124.9,02,0.20～0.49m,3,3.0～5.0m未満,元安川・太田川・旧太田川
2385,132.4537679,34.3992197,1553.2,地表面,3.04,旧太田川,132.1,01,0.01～0.19m,3,3.0～5.0m未満,元安川・太田川・旧太田川
2386,132.4537543,34.3996702,1603.1,地表面,3.04,旧太田川,140.8,01,0.01～0.19m,3,3.0～5.0m未満,元安川・太田川・旧太田川
2387,132.4537406,34.4001207,1653.0,地表面,3.04,旧太田川,151.1,01,0.01～0.19m,3,3.0～5.0m未満,元安川・太田川・旧太田川
2388,132.453727,34.4005712,1702.9,地表面,3.04,旧太田川,164.8,02,0.20～0.49m,3,3.0～5.0m未満,元安川・太田川・旧太田川
2389,132.4537133,34.4010216,1752.9,地表面,4.54,旧太田川,183.9,00,想定区域外,3,3.0～5.0m未満,元安川・太田川・旧太田川
2390,132.4536997,34.4014721,1802.8,地表面,5.34,旧太田川,205.5,00,想定区域外,2,0.5～3.0m未満,元安川・太田川・旧太田川
2391,132.453686,34.4019226,1852.7,地表面,5.24,旧太田川,229.3,00,想定区域外,2,0.5～3.0m未満,元安川・太田川・旧太田川
2392,132.4536724,34.402373,1902.6,地表面,4.34,旧太田川,242.3,00,想定区域外,3,3.0～5.0m未満,元安川・太田川・旧太田川
2393,132.4536587,34.4028235,1952.6,地表面,3.84,旧太田川,224.8,00,想定区域外,3,3.0～5.0m未満,元安川・太田川・旧太田川
2394,132.4552662,34.3676981,1950.6,内水面,0.24,元安川,25.7,00,想定区域外,0,想定区域外,
2395,132.4552526,34.3681485,1900.7,内水面,0.24,元安川,31.4,00,想定区域外,0,想定区域外,
2396,132.4552389,34.368599,1850.7,内水面,0.24,元安川,37.2,00,想定区域外,0,想定区域外,
2397,132.4552253,34.3690495,1800.7,内水面,0.24,元安川,44.4,00,想定区域外,0,想定区域外,
2398,132.4552117,34.3694999,1750.7,内水面,0.24,元安川,55.3,00,想定区域外,0,想定区域外,
2399,132.455198,34.3699504,1700.7,内水面,0.24,元安川,67.9,00,想定区域外,0,想定区域外,
2400,132.4551844,34.3704009,1650.8,内水面,0.24,元安川,81.4,00,想定区域外,0,想定区域外,
2401,132.4551708,34.3708514,1600.8,内水面,0.34,元安川,94.5,00,想定区域外,0,想定区域外,
2402,132.4551571,34.3713018,1550.8,地表面,4.04,元安川,107.4,00,想定区域外,2,0.5～3.0m未満,元安川・太田川・旧太田川
2403,132.4551435,34.3717523,1500.8,地表面,3.64,元安川,120.2,00,想定区域外,2,0.5～3.0m未満,元安川・太田川・旧太田川
2404,132.4551299,34.3722028,1450.9,地表面,3.04,元安川,133.1,00,想定区域外,2,0.5～3.0m未満,元安川・太田川・旧太田川
2405,132.4551162,34.3726533,1400.9,地表面,2.64,元安川,142.8,01,0.01～0.19m,2,0.5～3.0m未満,元安川・太田川・旧太田川
2406,132.4551026,34.3731037,1350.9,地表面,2.44,元安川,152.3,00,想定区域外,2,0.5～3.0m未満,太田川
2407,132.455089,34.3735542,1301.0,地表面,2.04,元安川,161.6,00,想定区域外,2,0.5～3.0m未満,元安川・太田川・旧太田川
2408,132.4550753,34.3740047,1251.0,地表面,0.84,元安川,168.6,00,想定区域外,3,3.0～5.0m未満,元安川・太田川・旧太田川
2409,132.4550617,34.3744551,1201.0,地表面,0.64,元安川,175.5,01,0.01～0.19m,3,3.0～5.0m未満,元安川・太田川・旧太田川
2410,132.4550481,34.3749056,1151.1,地表面,0.64,元安川,182.5,01,0.01～0.19m,3,3.0～5.0m未満,元安川・太田川・旧太田川
2411,132.4550344,34.3753561,1101.1,地表面,0.44,元安川,191.0,02,0.20～0.49m,3,3.0～5.0m未満,元安川・太田川・旧太田川
2412,132.4550208,34.3758066,1051.2,地表面,1.54,元安川,200.4,00,想定区域外,3,3.0～5.0m未満,元安川・太田川・旧太田川
2413,132.4550072,34.376257,1001.2,地表面,5.94,元安川,209.9,00,想定区域外,0,想定区域外,
2414,132.4549935,34.3767075,951.3,地表面,1.34,元安川,221.1,00,想定区域外,3,3.0～5.0m未満,元安川・太田川・旧太田川
2415,132.4549799,34.377158,901.4,地表面,1.24,元安川,233.1,00,想定区域外,3,3.0～5.0m未満,元安川・太田川・旧太田川
2416,132.4549663,34.3776085,851.5,地表面,0.84,元安川,245.1,00,想定区域外,3,3.0～5.0m未満,元安川・太田川・旧太田川
2417,132.4549526,34.3780589,801.6,地表面,0.94,元安川,257.0,01,0.01～0.19m,3,3.0～5.0m未満,元安川・太田川・旧太田川
2418,132.454939,34.3785094,751.7,地表面,0.54,元安川,269.3,01,0.01～0.19m,3,3.0～5.0m未満,元安川・太田川・旧太田川
2419,132.4549254,34.3789599,701.8,地表面,0.54,元安川,281.6,01,0.01～0.19m,3,3.0～5.0m未満,元安川・太田川・旧太田川
2420,132.4549117,34.3794103,651.9,地表面,0.64,元安川,294.0,01,0.01～0.19m,3,3.0～5.0m未満,元安川・太田川・旧太田川
2421,132.4548981,34.3798608,602.1,地表面,0.54,元安川,309.7,02,0.20～0.49m,3,3.0～5.0m未満,元安川・太田川・旧太田川
2422,132.4548844,34.3803113,552.3,地表面,1.04,元安川,325.9,00,想定区域外,3,3.0～5.0m未満,元安川・太田川・旧太田川
2423,132.4548708,34.3807618,502.5,地表面,1.64,元安川,342.1,00,想定区域外,3,3.0～5.0m未満,元安川・太田川・旧太田川
2424,132.4548572,34.3812122,452.8,地表面,1.94,元安川,356.7,00,想定区域外,3,3.0～5.0m未満,元安川・太田川・旧太田川
2425,132.4548435,34.3816627,403.1,地表面,0.74,元安川,370.1,02,0.20～0.49m,3,3.0～5.0m未満,元安川・太田川・旧太田川
2426,132.4548299,34.3821132,353.6,地表面,0.64,元安川,377.8,02,0.20～0.49m,3,3.0～5.0m未満,元安川・太田川・旧太田川
2427,132.4548163,34.3825636,304.1,地表面,0.74,元安川,381.0,01,0.01～0.19m,3,3.0～5.0m未満,元安川・太田川・旧太田川
2428,132.4548026,34.3830141,255.0,地表面,0.84,元安川,385.2,01,0.01～0.19m,3,3.0～5.0m未満,元安川・太田川・旧太田川
2429,132.454789,34.3834646,206.2,地表面,1.14,元安川,390.5,00,想定区域外,3,3.0～5.0m未満,元安川・太田川・旧太田川
2430,132.4547753,34.3839151,158.1,地表面,1.34,元安川,399.1,00,想定区域外,3,3.0～5.0m未満,元安川・太田川・旧太田川
2431,132.4547617,34.3843655,111.8,地表面,1.34,元安川,410.3,01,0.01～0.19m,3,3.0～5.0m未満,元安川・太田川・旧太田川
2432,132.4547481,34.384816,70.7,地表面,2.24,元安川,423.6,00,想定区域外,2,0.5～3.0m未満,元安川・太田川・旧太田川
2433,132.4547344,34.3852665,50.0,地表面,2.24,元安川,435.3,00,想定区域外,2,0.5～3.0m未満,元安川・太田川・旧太田川
2434,132.4547208,34.3857169,70.7,地表面,2.24,元安川,421.2,00,想定区域外,3,3.0～5.0m未満,元安川・太田川・旧太田川
2435,132.4547071,34.3861674,111.8,地表面,1.74,元安川,393.5,00,想定区域外,3,3.0～5.0m未満,元安川・太田川・旧太田川
2436,132.4546935,34.3866179,158.1,地表面,1.84,元安川,360.3,00,想定区域外,3,3.0～5.0m未満,元安川・太田川・旧太田川
2437,132.4546799,34.3870684,206.2,地表面,1.74,元安川,324.8,00,想定区域外,3,3.0～5.0m未満,元安川・太田川・旧太田川
2438,132.4546662,34.3875188,255.0,地表面,1.64,元安川,281.6,00,想定区域外,3,3.0～5.0m未満,元安川・太田川・旧太田川
2439,132.4546526,34.3879693,304.1,地表面,1.34,元安川,240.1,00,想定区域外,3,3.0～5.0m未満,元安川・太田川・旧太田川
2440,132.4546389,34.3884198,353.6,地表面,1.54,元安川,200.9,01,0.01～0.19m,3,3.0～5.0m未満,元安川・太田川・旧太田川
2441,132.4546253,34.3888702,403.1,地表面,2.04,元安川,165.8,01,0.01～0.19m,3,3.0～5.0m未満,元安川・太田川・旧太田川
2442,132.4546116,34.3893207,452.8,地表面,2.44,元安川,133.4,01,0.01～0.19m,3,3.0～5.0m未満,元安川・太田川・旧太田川
2443,132.454598,34.3897712,502.5,地表面,2.54,元安川,104.1,00,想定区域外,2,0.5～3.0m未満,元安川・太田川・旧太田川
2444,132.4545843,34.3902217,552.3,地表面,4.44,元安川,77.0,00,想定区域外,2,0.5～3.0m未満,元安川・太田川・旧太田川
2445,132.4545707,34.3906721,602.1,地表面,4.44,元安川,56.7,00,想定区域外,2,0.5～3.0m未満,元安川・太田川・旧太田川
2446,132.4545571,34.3911226,651.9,地表面,3.74,元安川,41.8,00,想定区域外,2,0.5～3.0m未満,元安川・太田川・旧太田川
2447,132.4545434,34.3915731,701.8,内水面,0.44,元安川,30.9,00,想定区域外,0,想定区域外,
2448,132.4545298,34.3920235,751.7,内水面,0.44,元安川,22.1,00,想定区域外,0,想定区域外,
2449,132.4545161,34.392474,801.6,内水面,0.44,元安川,18.0,00,想定区域外,0,想定区域外,
2450,132.4545025,34.3929245,851.5,内水面,0.44,元安川,21.1,00,想定区域外,0,想定区域外,
2451,132.4544888,34.3933749,901.4,内水面,0.54,元安川,31.1,00,想定区域外,0,想定区域外,
2452,132.4544752,34.3938254,951.3,地表面,3.74,元安川,49.6,00,想定区域外,2,0.5～3.0m未満,元安川・太田川・旧太田川
2453,132.4544615,34.3942759,1001.2,地表面,3.64,元安川,74.4,01,0.01～0.19m,3,3.0～5.0m未満,太田川・旧太田川
2454,132.4544479,34.3947264,1051.2,地表面,3.74,元安川,94.9,00,想定区域外,3,3.0～5.0m未満,元安川・太田川・旧太田川
2455,132.4544342,34.3951768,1101.1,地表面,4.04,元安川,115.5,00,想定区域外,3,3.0～5.0m未満,太田川・旧太田川
2456,132.4544206,34.3956273,1151.1,地表面,3.24,元安川,133.6,00,想定区域外,3,3.0～5.0m未満,元安川・太田川・旧太田川
2457,132.4544069,34.3960778,1201.0,地表面,2.94,元安川,147.3,00,想定区域外,3,3.0～5.0m未満,元安川・太田川・旧太田川
2458,132.4543933,34.3965282,1251.0,地表面,2.64,元安川,161.1,00,想定区域外,3,3.0～5.0m未満,元安川・太田川・旧太田川
2459,132.4543796,34.3969787,1301.0,地表面,2.94,旧太田川,167.2,00,想定区域外,3,3.0～5.0m未満,元安川・太田川・旧太田川
2460,132.454366,34.3974292,1350.9,地表面,2.64,旧太田川,165.2,01,0.01～0.19m,3,3.0～5.0m未満,元安川・太田川・旧太田川
2461,132.4543523,34.3978797,1400.9,地表面,3.14,旧太田川,167.8,01,0.01～0.19m,3,3.0～5.0m未満,元安川・太田川・旧太田川
2462,132.4543387,34.3983301,1450.9,地表面,2.64,旧太田川,170.3,02,0.20～0.49m,3,3.0～5.0m未満,元安川・太田川・旧太田川
2463,132.454325,34.3987806,1500.8,地表面,2.84,旧太田川,174.4,02,0.20～0.49m,3,3.0～5.0m未満,元安川・太田川・旧太田川
2464,132.4543114,34.3992311,1550.8,地表面,2.74,旧太田川,181.5,03,0.50～0.99m,3,3.0～5.0m未満,元安川・太田川・旧太田川
2465,132.4542977,34.3996815,1600.8,地表面,3.04,旧太田川,190.0,01,0.01～0.19m,3,3.0～5.0m未満,元安川・太田川・旧太田川
2466,132.4542841,34.400132,1650.8,地表面,3.04,旧太田川,199.6,01,0.01～0.19m,3,3.0～5.0m未満,元安川・太田川・旧太田川
2467,132.4542704,34.4005825,1700.7,地表面,3.04,旧太田川,212.1,00,想定区域外,3,3.0～5.0m未満,元安川・太田川・旧太田川
2468,132.4542568,34.4010329,1750.7,地表面,4.54,旧太田川,230.1,00,想定区域外,2,0.5～3.0m未満,元安川・太田川・旧太田川
2469,132.4542431,34.4014834,1800.7,地表面,5.24,旧太田川,249.8,00,想定区域外,2,0.5～3.0m未満,元安川・太田川・旧太田川
2470,132.4542295,34.4019339,1850.7,地表面,5.24,旧太田川,273.6,00,想定区域外,2,0.5～3.0m未満,元安川・太田川・旧太田川
2471,132.4542158,34.4023844,1900.7,地表面,3.84,旧太田川,291.1,01,0.01～0.19m,3,3.0～5.0m未満,元安川・太田川・旧太田川
2472,132.4542022,34.4028348,1950.6,地表面,3.84,旧太田川,269.8,00,想定区域外,3,3.0～5.0m未満,元安川・太田川・旧太田川
2473,132.4558231,34.3672589,2000.0,内水面,0.24,元安川,70.4,00,想定区域外,0,想定区域外,
2474,132.4558094,34.3677094,1950.0,内水面,0.24,元安川,75.4,00,想定区域外,0,想定区域外,
2475,132.4557958,34.3681598,1900.0,内水面,0.24,元安川,81.0,00,想定区域外,0,想定区域外,
2476,132.4557822,34.3686103,1850.0,内水面,0.24,元安川,86.9,00,想定区域外,0,想定区域外,
2477,132.4557686,34.3690608,1800.0,内水面,0.24,元安川,93.6,00,想定区域外,0,想定区域外,
2478,132.4557549,34.3695112,1750.0,内水面,0.24,元安川,103.7,00,想定区域外,0,想定区域外,
2479,132.4557413,34.3699617,1700.0,地表面,0.64,元安川,116.2,00,想定区域外,0,想定区域外,
2480,132.4557277,34.3704122,1650.0,地表面,3.34,元安川,129.5,00,想定区域外,2,0.5～3.0m未満,元安川・太田川・旧太田川
2481,132.455714,34.3708627,1600.0,地表面,5.44,元安川,142.9,00,想定区域外,2,0.5～3.0m未満,元安川・太田川・旧太田川
2482,132.4557004,34.3713131,1550.0,地表面,3.24,元安川,155.7,00,想定区域外,2,0.5～3.0m未満,元安川・太田川・旧太田川
2483,132.4556868,34.3717636,1500.0,地表面,2.34,元安川,168.6,00,想定区域外,2,0.5～3.0m未満,元安川・太田川・旧太田川
2484,132.4556732,34.3722141,1450.0,地表面,0.64,元安川,181.4,00,想定区域外,3,3.0～5.0m未満,元安川・太田川・旧太田川
2485,132.4556595,34.3726646,1400.0,地表面,1.14,元安川,191.9,01,0.01～0.19m,3,3.0～5.0m未満,元安川・太田川・旧太田川
2486,132.4556459,34.373115,1350.0,地表面,2.04,元安川,201.4,00,想定区域外,2,0.5～3.0m未満,元安川・太田川・旧太田川
2487,132.4556323,34.3735655,1300.0,地表面,1.34,元安川,210.9,00,想定区域外,2,0.5～3.0m未満,元安川・太田川・旧太田川
2488,132.4556186,34.374016,1250.0,地表面,0.74,元安川,218.1,00,想定区域外,3,3.0～5.0m未満,元安川・太田川・旧太田川
2489,132.455605,34.3744664,1200.0,地表面,0.74,元安川,225.1,00,想定区域外,3,3.0～5.0m未満,元安川・太田川・旧太田川
2490,132.4555914,34.3749169,1150.0,地表面,0.64,元安川,232.0,01,0.01～0.19m,3,3.0～5.0m未満,元安川・太田川・旧太田川
2491,132.4555777,34.3753674,1100.0,地表面,1.14,元安川,240.1,00,想定区域外,3,3.0～5.0m未満,元安川・太田川・旧太田川
2492,132.4555641,34.3758179,1050.0,地表面,1.24,元安川,249.5,00,想定区域外,3,3.0～5.0m未満,元安川・太田川・旧太田川
2493,132.4555505,34.3762683,1000.0,地表面,1.04,元安川,259.0,00,想定区域外,3,3.0～5.0m未満,元安川・太田川・旧太田川
2494,132.4555368,34.3767188,950.0,地表面,0.94,元安川,269.7,00,想定区域外,3,3.0～5.0m未満,元安川・太田川・旧太田川
2495,132.4555232,34.3771693,900.0,地表面,0.64,元安川,281.6,00,想定区域外,3,3.0～5.0m未満,元安川・太田川・旧太田川
2496,132.4555096,34.3776198,850.0,地表面,0.84,元安川,293.6,00,想定区域外,3,3.0～5.0m未満,元安川・太田川・旧太田川
2497,132.4554959,34.3780702,800.0,地表面,0.94,元安川,305.6,01,0.01～0.19m,3,3.0～5.0m未満,元安川・太田川・旧太田川
2498,132.4554823,34.3785207,750.0,地表面,0.54,元安川,317.7,02,0.20～0.49m,3,3.0～5.0m未満,元安川・太田川・旧太田川
2499,132.4554687,34.3789712,700.0,地表面,0.54,元安川,330.1,01,0.01～0.19m,3,3.0～5.0m未満,元安川・太田川・旧太田川
2500,132.455455,34.3794216,650.0,地表面,0.94,元安川,342.4,00,想定区域外,3,3.0～5.0m未満,元安川・太田川・旧太田川
2501,132.4554414,34.3798721,600.0,地表面,1.24,元安川,357.0,00,想定区域外,3,3.0～5.0m未満,元安川・太田川・旧太田川
2502,132.4554278,34.3803226,550.0,地表面,0.54,元安川,373.2,02,0.20～0.49m,3,3.0～5.0m未満,元安川・太田川・旧太田川
2503,132.4554141,34.3807731,500.0,地表面,0.84,元安川,389.4,01,0.01～0.19m,3,3.0～5.0m未満,元安川・太田川・旧太田川
2504,132.4554005,34.3812235,450.0,地表面,0.64,元安川,404.9,02,0.20～0.49m,3,3.0～5.0m未満,元安川・太田川・旧太田川
2505,132.4553869,34.381674,400.0,地表面,0.74,元安川,418.3,02,0.20～0.49m,3,3.0～5.0m未満,元安川・太田川・旧太田川
2506,132.4553732,34.3821245,350.0,地表面,1.04,元安川,427.7,00,想定区域外,3,3.0～5.0m未満,元安川・太田川・旧太田川
2507,132.4553596,34.3825749,300.0,地表面,1.04,元安川,430.9,01,0.01～0.19m,3,3.0～5.0m未満,元安川・太田川・旧太田川
2508,132.455346,34.3830254,250.0,地表面,0.94,元安川,434.9,02,0.20～0.49m,3,3.0～5.0m未満,元安川・太田川・旧太田川
2509,132.4553323,34.3834759,200.0,地表面,0.74,元安川,440.2,01,0.01～0.19m,3,3.0～5.0m未満,元安川・太田川・旧太田川
2510,132.4553187,34.3839264,150.0,地表面,0.94,元安川,447.9,01,0.01～0.19m,3,3.0～5.0m未満,元安川・太田川・旧太田川
2511,132.4553051,34.3843768,100.0,地表面,1.54,元安川,459.0,00,想定区域外,3,3.0～5.0m未満,元安川・太田川・旧太田川
2512,132.4552914,34.3848273,50.0,地表面,1.94,元安川,471.5,00,想定区域外,3,3.0～5.0m未満,元安川・太田川・旧太田川
2513,132.4552778,34.3852778,0.0,地表面,2.94,元安川,483.7,00,想定区域外,2,0.5～3.0m未満,元安川・太田川・旧太田川
2514,132.4552641,34.3857282,50.0,地表面,1.64,元安川,464.1,01,0.01～0.19m,3,3.0～5.0m未満,元安川・太田川・旧太田川
2515,132.4552505,34.3861787,100.0,地表面,1.24,元安川,430.9,00,想定区域外,3,3.0～5.0m未満,元安川・太田川・旧太田川
2516,132.4552369,34.3866292,150.0,地表面,1.54,元安川,393.0,01,0.01～0.19m,3,3.0～5.0m未満,元安川・太田川・旧太田川
2517,132.4552232,34.3870797,200.0,地表面,1.74,元安川,350.9,00,想定区域外,3,3.0～5.0m未満,元安川・太田川・旧太田川
2518,132.4552096,34.3875301,250.0,地表面,1.64,元安川,310.1,00,想定区域外,3,3.0～5.0m未満,元安川・太田川・旧太田川
2519,132.4551959,34.3879806,300.0,地表面,1.84,元安川,271.5,00,想定区域外,3,3.0～5.0m未満,元安川・太田川・旧太田川
2520,132.4551823,34.3884311,350.0,地表面,1.74,元安川,236.4,01,0.01～0.19m,3,3.0～5.0m未満,元安川・太田川・旧太田川
2521,132.4551687,34.3888815,400.0,地表面,2.04,元安川,203.4,01,0.01～0.19m,3,3.0～5.0m未満,元安川・太田川・旧太田川
2522,132.455155,34.389332,450.0,地表面,2.04,元安川,173.9,00,想定区域外,3,3.0～5.0m未満,元安川・太田川・旧太田川
2523,132.4551414,34.3897825,500.0,地表面,3.04,元安川,144.8,00,想定区域外,2,0.5～3.0m未満,元安川・太田川・旧太田川
2524,132.4551277,34.390233,550.0,地表面,2.94,元安川,121.7,00,想定区域外,2,0.5～3.0m未満,元安川・太田川・旧太田川
2525,132.4551141,34.3906834,600.0,地表面,2.94,元安川,104.1,00,想定区域外,2,0.5～3.0m未満,元安川・太田川・旧太田川
2526,132.4551005,34.3911339,650.0,地表面,2.74,元安川,90.6,01,0.01～0.19m,2,0.5～3.0m未満,元安川・太田川・旧太田川
2527,132.4550868,34.3915844,700.0,地表面,2.44,元安川,79.8,01,0.01～0.19m,3,3.0～5.0m未満,元安川・太田川・旧太田川
2528,132.4550732,34.3920348,750.0,地表面,2.84,元安川,71.8,00,想定区域外,3,3.0～5.0m未満,元安川・太田川・旧太田川
2529,132.4550595,34.3924853,800.0,地表面,3.24,元安川,67.9,00,想定区域外,3,3.0～5.0m未満,元安川・太田川・旧太田川
2530,132.4550459,34.3929358,850.0,地表面,3.44,元安川,70.7,00,想定区域外,2,0.5～3.0m未満,元安川・太田川・旧太田川
2531,132.4550322,34.3933863,900.0,地表面,3.34,元安川,79.0,00,想定区域外,2,0.5～3.0m未満,元安川・太田川・旧太田川
2532,132.4550186,34.3938367,950.0,地表面,3.64,元安川,95.3,00,想定区域外,2,0.5～3.0m未満,元安川・太田川・旧太田川
2533,132.455005,34.3942872,1000.0,地表面,3.44,元安川,117.3,01,0.01～0.19m,3,3.0～5.0m未満,元安川・太田川・旧太田川
2534,132.4549913,34.3947377,1050.0,地表面,3.74,元安川,140.5,00,想定区域外,3,3.0～5.0m未満,太田川・旧太田川
2535,132.4549777,34.3951881,1100.0,地表面,3.74,元安川,161.1,00,想定区域外,3,3.0～5.0m未満,元安川・太田川・旧太田川
2536,132.454964,34.3956386,1150.0,地表面,2.84,元安川,181.6,00,想定区域外,3,3.0～5.0m未満,元安川・太田川・旧太田川
2537,132.4549504,34.3960891,1200.0,地表面,2.84,元安川,195.3,01,0.01～0.19m,3,3.0～5.0m未満,元安川・太田川・旧太田川
2538,132.4549367,34.3965396,1250.0,地表面,2.54,元安川,209.2,01,0.01～0.19m,3,3.0～5.0m未満,元安川・太田川・旧太田川
2539,132.4549231,34.39699,1300.0,地表面,3.24,旧太田川,217.1,00,想定区域外,3,3.0～5.0m未満,元安川・太田川・旧太田川
2540,132.4549094,34.3974405,1350.0,地表面,3.04,旧太田川,215.2,01,0.01～0.19m,3,3.0～5.0m未満,元安川・太田川・旧太田川
2541,132.4548958,34.397891,1400.0,地表面,2.54,旧太田川,217.7,01,0.01～0.19m,3,3.0～5.0m未満,元安川・太田川・旧太田川
2542,132.4548821,34.3983414,1450.0,地表面,3.14,旧太田川,220.2,00,想定区域外,3,3.0～5.0m未満,元安川・太田川・旧太田川
2543,132.4548685,34.3987919,1500.0,地表面,3.34,旧太田川,223.9,00,想定区域外,3,3.0～5.0m未満,元安川・太田川・旧太田川
2544,132.4548549,34.3992424,1550.0,地表面,4.04,旧太田川,231.0,00,想定区域外,3,3.0～5.0m未満,元安川・太田川・旧太田川
2545,132.4548412,34.3996928,1600.0,地表面,4.34,旧太田川,239.3,00,想定区域外,3,3.0～5.0m未満,元安川・太田川・旧太田川
2546,132.4548276,34.4001433,1650.0,地表面,2.94,旧太田川,248.2,00,想定区域外,3,3.0～5.0m未満,元安川・太田川・旧太田川
2547,132.4548139,34.4005938,1700.0,地表面,3.74,旧太田川,260.4,01,0.01～0.19m,4,5.0～10.0m未満,元安川・太田川・旧太田川
2548,132.4548003,34.4010443,1750.0,地表面,4.44,旧太田川,276.3,00,想定区域外,3,3.0～5.0m未満,元安川・太田川・旧太田川
2549,132.4547866,34.4014947,1800.0,地表面,4.54,旧太田川,295.4,00,想定区域外,3,3.0～5.0m未満,元安川・太田川・旧太田川
2550,132.454773,34.4019452,1850.0,地表面,4.64,旧太田川,317.3,00,想定区域外,3,3.0～5.0m未満,元安川・太田川・旧太田川
2551,132.4547593,34.4023957,1900.0,地表面,3.24,旧太田川,336.6,02,0.20～0.49m,3,3.0～5.0m未満,元安川・太田川・旧太田川
2552,132.4547457,34.4028461,1950.0,地表面,3.34,旧太田川,314.9,02,0.20～0.49m,3,3.0～5.0m未満,元安川・太田川・旧太田川
2553,132.454732,34.4032966,2000.0,地表面,3.24,旧太田川,274.3,02,0.20～0.49m,3,3.0～5.0m未満,元安川・太田川・旧太田川
2554,132.4563527,34.3677207,1950.6,内水面,0.24,元安川,125.2,00,想定区域外,0,想定区域外,
2555,132.4563391,34.3681711,1900.7,地表面,4.34,元安川,130.7,00,想定区域外,0,想定区域外,
2556,132.4563254,34.3686216,1850.7,地表面,3.84,元安川,136.5,00,想定区域外,2,0.5～3.0m未満,元安川・太田川・旧太田川
2557,132.4563118,34.3690721,1800.7,地表面,2.54,元安川,142.8,00,想定区域外,2,0.5～3.0m未満,元安川・太田川・旧太田川
2558,132.4562982,34.3695225,1750.7,地表面,2.44,元安川,152.1,00,想定区域外,2,0.5～3.0m未満,元安川・太田川・旧太田川
2559,132.4562846,34.369973,1700.7,地表面,2.34,元安川,164.6,00,想定区域外,2,0.5～3.0m未満,元安川・太田川・旧太田川
2560,132.4562709,34.3704235,1650.8,地表面,3.34,元安川,177.6,00,想定区域外,2,0.5～3.0m未満,元安川・太田川・旧太田川
2561,132.4562573,34.370874,1600.8,地表面,3.34,元安川,191.2,00,想定区域外,2,0.5～3.0m未満,元安川・太田川・旧太田川
2562,132.4562437,34.3713244,1550.8,地表面,3.24,元安川,204.0,00,想定区域外,2,0.5～3.0m未満,元安川・太田川・旧太田川
2563,132.4562301,34.3717749,1500.8,地表面,3.54,元安川,216.9,00,想定区域外,2,0.5～3.0m未満,元安川・太田川・旧太田川
2564,132.4562164,34.3722254,1450.9,地表面,0.74,元安川,229.7,01,0.01～0.19m,3,3.0～5.0m未満,元安川・太田川・旧太田川
2565,132.4562028,34.3726759,1400.9,地表面,0.54,元安川,241.0,01,0.01～0.19m,3,3.0～5.0m未満,元安川・太田川・旧太田川
2566,132.4561892,34.3731263,1350.9,地表面,1.04,元安川,250.5,01,0.01～0.19m,3,3.0～5.0m未満,元安川・太田川・旧太田川
2567,132.4561756,34.3735768,1301.0,地表面,0.54,元安川,260.0,01,0.01～0.19m,3,3.0～5.0m未満,元安川・太田川・旧太田川
2568,132.4561619,34.3740273,1251.0,地表面,0.84,元安川,267.6,00,想定区域外,3,3.0～5.0m未満,元安川・太田川・旧太田川
2569,132.4561483,34.3744777,1201.0,地表面,0.14,元安川,274.6,02,0.20～0.49m,3,3.0～5.0m未満,元安川・太田川・旧太田川
2570,132.4561347,34.3749282,1151.1,地表面,1.14,元安川,281.5,01,0.01～0.19m,3,3.0～5.0m未満,元安川・太田川・旧太田川
2571,132.456121,34.3753787,1101.1,地表面,1.04,元安川,289.2,00,想定区域外,3,3.0～5.0m未満,元安川・太田川・旧太田川
2572,132.4561074,34.3758292,1051.2,地表面,1.24,元安川,298.6,00,想定区域外,3,3.0～5.0m未満,元安川・太田川・旧太田川
2573,132.4560938,34.3762796,1001.2,地表面,1.14,元安川,308.1,00,想定区域外,3,3.0～5.0m未満,元安川・太田川・旧太田川
2574,132.4560802,34.3767301,951.3,地表面,1.14,元安川,318.2,00,想定区域外,3,3.0～5.0m未満,元安川・太田川・旧太田川
2575,132.4560665,34.3771806,901.4,地表面,0.34,元安川,330.2,01,0.01～0.19m,3,3.0～5.0m未満,元安川・太田川・旧太田川
2576,132.4560529,34.3776311,851.5,地表面,0.84,元安川,342.2,01,0.01～0.19m,3,3.0～5.0m未満,元安川・太田川・旧太田川
2577,132.4560393,34.3780815,801.6,地表面,0.74,元安川,354.1,01,0.01～0.19m,3,3.0～5.0m未満,元安川・太田川・旧太田川
2578,132.4560256,34.378532,751.7,地表面,0.74,元安川,366.2,01,0.01～0.19m,3,3.0～5.0m未満,元安川・太田川・旧太田川
2579,132.456012,34.3789825,701.8,地表面,0.54,元安川,378.5,01,0.01～0.19m,3,3.0～5.0m未満,元安川・太田川・旧太田川
2580,132.4559984,34.3794329,651.9,地表面,0.34,元安川,390.9,02,0.20～0.49m,3,3.0～5.0m未満,元安川・太田川・旧太田川
2581,132.4559847,34.3798834,602.1,地表面,0.54,元安川,404.3,02,0.20～0.49m,3,3.0～5.0m未満,元安川・太田川・旧太田川
2582,132.4559711,34.3803339,552.3,地表面,0.54,元安川,420.5,02,0.20～0.49m,3,3.0～5.0m未満,元安川・太田川・旧太田川
2583,132.4559575,34.3807844,502.5,地表面,0.74,元安川,436.7,02,0.20～0.49m,3,3.0～5.0m未満,元安川・太田川・旧太田川
2584,132.4559438,34.3812348,452.8,地表面,1.14,元安川,452.9,00,想定区域外,3,3.0～5.0m未満,元安川・太田川・旧太田川
2585,132.4559302,34.3816853,403.1,地表面,1.44,元安川,466.4,00,想定区域外,3,3.0～5.0m未満,元安川・太田川・旧太田川
2586,132.4559166,34.3821358,353.6,地表面,1.44,元安川,477.6,01,0.01～0.19m,3,3.0～5.0m未満,元安川・太田川・旧太田川
2587,132.4559029,34.3825863,304.1,地表面,0.84,元安川,480.8,01,0.01～0.19m,3,3.0～5.0m未満,元安川・太田川・旧太田川
2588,132.4558893,34.3830367,255.0,地表面,0.94,元安川,484.6,02,0.20～0.49m,3,3.0～5.0m未満,元安川・太田川・旧太田川
2589,132.4558757,34.3834872,206.2,地表面,0.64,元安川,489.9,02,0.20～0.49m,3,3.0～5.0m未満,元安川・太田川・旧太田川
2590,132.455862,34.3839377,158.1,地表面,1.24,元安川,496.9,00,想定区域外,3,3.0～5.0m未満,元安川・太田川・旧太田川
2591,132.4558484,34.3843881,111.8,地表面,1.04,元安川,507.8,01,0.01～0.19m,3,3.0～5.0m未満,元安川・太田川・旧太田川
2592,132.4558348,34.3848386,70.7,地表面,0.74,元安川,519.5,03,0.50～0.99m,4,5.0～10.0m未満,元安川・太田川・旧太田川
2593,132.4558211,34.3852891,50.0,地表面,1.44,元安川,531.6,02,0.20～0.49m,3,3.0～5.0m未満,元安川・太田川・旧太田川
2594,132.4558075,34.3857396,70.7,地表面,0.74,元安川,501.5,02,0.20～0.49m,3,3.0～5.0m未満,元安川・太田川・旧太田川
2595,132.4557939,34.38619,111.8,地表面,1.04,元安川,461.8,00,想定区域外,3,3.0～5.0m未満,元安川・太田川・旧太田川
2596,132.4557802,34.3866405,158.1,地表面,1.14,元安川,420.3,01,0.01～0.19m,3,3.0～5.0m未満,元安川・太田川・旧太田川
2597,132.4557666,34.387091,206.2,地表面,1.14,元安川,380.2,01,0.01～0.19m,3,3.0～5.0m未満,元安川・太田川・旧太田川
2598,132.455753,34.3875414,255.0,地表面,1.34,元安川,342.2,01,0.01～0.19m,3,3.0～5.0m未満,元安川・太田川・旧太田川
2599,132.4557393,34.3879919,304.1,地表面,2.94,元安川,307.1,00,想定区域外,2,0.5～3.0m未満,元安川・太田川・旧太田川
2600,132.4557257,34.3884424,353.6,地表面,1.74,元安川,273.8,00,想定区域外,3,3.0～5.0m未満,元安川・太田川・旧太田川
2601,132.455712,34.3888929,403.1,地表面,1.94,元安川,243.7,00,想定区域外,3,3.0～5.0m未満,元安川・太田川・旧太田川
2602,132.4556984,34.3893433,452.8,地表面,2.24,元安川,214.4,00,想定区域外,3,3.0～5.0m未満,元安川・太田川・旧太田川
2603,132.4556848,34.3897938,502.5,地表面,2.44,元安川,188.8,00,想定区域外,3,3.0～5.0m未満,元安川・太田川・旧太田川
2604,132.4556711,34.3902443,552.3,地表面,2.24,元安川,167.4,01,0.01～0.19m,3,3.0～5.0m未満,元安川・太田川・旧太田川
2605,132.4556575,34.3906947,602.1,地表面,3.24,元安川,151.5,00,想定区域外,2,0.5～3.0m未満,元安川・太田川・旧太田川
2606,132.4556439,34.3911452,651.9,地表面,2.74,元安川,139.4,00,想定区域外,3,3.0～5.0m未満,元安川・太田川・旧太田川
2607,132.4556302,34.3915957,701.8,地表面,2.14,元安川,128.9,01,0.01～0.19m,3,3.0～5.0m未満,元安川・太田川・旧太田川
2608,132.4556166,34.3920462,751.7,地表面,2.44,元安川,121.4,00,想定区域外,3,3.0～5.0m未満,元安川・太田川・旧太田川
2609,132.4556029,34.3924966,801.6,地表面,2.84,元安川,117.9,00,想定区域外,3,3.0～5.0m未満,元安川・太田川・旧太田川
2610,132.4555893,34.3929471,851.5,地表面,2.54,元安川,120.3,00,想定区域外,3,3.0～5.0m未満,元安川・太田川・旧太田川
2611,132.4555757,34.3933976,901.4,地表面,3.04,元安川,127.9,00,想定区域外,3,3.0～5.0m未満,元安川・太田川・旧太田川
2612,132.455562,34.393848,951.3,地表面,2.94,元安川,141.8,00,想定区域外,3,3.0～5.0m未満,太田川・旧太田川
2613,132.4555484,34.3942985,1001.2,地表面,3.24,元安川,161.4,00,想定区域外,3,3.0～5.0m未満,元安川・太田川・旧太田川
2614,132.4555347,34.394749,1051.2,地表面,2.94,元安川,186.1,00,想定区域外,3,3.0～5.0m未満,元安川・太田川・旧太田川
2615,132.4555211,34.3951995,1101.1,地表面,2.94,元安川,206.7,01,0.01～0.19m,3,3.0～5.0m未満,元安川・太田川・旧太田川
2616,132.4555074,34.3956499,1151.1,地表面,2.64,元安川,227.2,00,想定区域外,3,3.0～5.0m未満,元安川・太田川・旧太田川
2617,132.4554938,34.3961004,1201.0,地表面,2.74,元安川,243.4,00,想定区域外,3,3.0～5.0m未満,元安川・太田川・旧太田川
2618,132.4554802,34.3965509,1251.0,地表面,2.54,元安川,257.2,01,0.01～0.19m,3,3.0～5.0m未満,元安川・太田川・旧太田川
2619,132.4554665,34.3970013,1301.0,地表面,3.04,旧太田川,267.0,01,0.01～0.19m,3,3.0～5.0m未満,元安川・太田川・旧太田川
2620,132.4554529,34.3974518,1350.9,地表面,2.94,旧太田川,265.2,01,0.01～0.19m,3,3.0～5.0m未満,元安川・太田川・旧太田川
2621,132.4554392,34.3979023,1400.9,地表面,3.14,旧太田川,267.5,01,0.01～0.19m,3,3.0～5.0m未満,元安川・太田川・旧太田川
2622,132.4554256,34.3983527,1450.9,地表面,4.94,旧太田川,270.1,01,0.01～0.19m,2,0.5～3.0m未満,元安川・太田川・旧太田川
2623,132.4554119,34.3988032,1500.8,地表面,-0.86,旧太田川,273.6,00,想定区域外,4,5.0～10.0m未満,元安川・太田川・旧太田川
2624,132.4553983,34.3992537,1550.8,地表面,4.14,旧太田川,280.5,00,想定区域外,3,3.0～5.0m未満,元安川・太田川・旧太田川
2625,132.4553847,34.3997042,1600.8,地表面,3.84,旧太田川,288.5,00,想定区域外,3,3.0～5.0m未満,元安川・太田川・旧太田川
2626,132.455371,34.4001546,1650.8,地表面,2.84,旧太田川,297.2,02,0.20～0.49m,3,3.0～5.0m未満,元安川・太田川・旧太田川
2627,132.4553574,34.4006051,1700.7,地表面,3.44,旧太田川,308.9,00,想定区域外,3,3.0～5.0m未満,元安川・太田川・旧太田川
2628,132.4553437,34.4010556,1750.7,地表面,4.24,旧太田川,322.8,00,想定区域外,3,3.0～5.0m未満,元安川・太田川・旧太田川
2629,132.4553301,34.401506,1800.7,地表面,4.34,旧太田川,341.6,00,想定区域外,3,3.0～5.0m未満,元安川・太田川・旧太田川
2630,132.4553164,34.4019565,1850.7,地表面,4.34,旧太田川,361.6,00,想定区域外,3,3.0～5.0m未満,元安川・太田川・旧太田川
2631,132.4553028,34.402407,1900.7,地表面,3.34,旧太田川,381.6,02,0.20～0.49m,3,3.0～5.0m未満,元安川・太田川・旧太田川
2632,132.4552891,34.4028575,1950.6,地表面,3.64,旧太田川,341.4,01,0.01～0.19m,3,3.0～5.0m未満,元安川・太田川・旧太田川
2633,132.4568959,34.367732,1952.6,地表面,4.44,京橋川,128.5,00,想定区域外,1,0.5m未満,元安川・太田川・旧太田川
2634,132.4568823,34.3681824,1902.6,地表面,4.34,京橋川,159.1,00,想定区域外,2,0.5～3.0m未満,元安川・太田川・旧太田川
2635,132.4568687,34.3686329,1852.7,地表面,4.74,元安川,186.1,00,想定区域外,2,0.5～3.0m未満,元安川・太田川・旧太田川
2636,132.4568551,34.3690834,1802.8,地表面,2.64,元安川,192.2,00,想定区域外,2,0.5～3.0m未満,元安川・太田川・旧太田川
2637,132.4568414,34.3695338,1752.9,地表面,2.44,元安川,200.9,00,想定区域外,2,0.5～3.0m未満,元安川・太田川・旧太田川
2638,132.4568278,34.3699843,1702.9,地表面,2.44,元安川,213.0,00,想定区域外,2,0.5～3.0m未満,元安川・太田川・旧太田川
2639,132.4568142,34.3704348,1653.0,地表面,3.04,元安川,225.7,00,想定区域外,2,0.5～3.0m未満,元安川・太田川・旧太田川
2640,132.4568006,34.3708853,1603.1,地表面,3.34,元安川,239.4,00,想定区域外,2,0.5～3.0m未満,元安川・太田川・旧太田川
2641,132.456787,34.3713357,1553.2,地表面,3.44,元安川,252.4,00,想定区域外,2,0.5～3.0m未満,元安川・太田川・旧太田川
2642,132.4567733,34.3717862,1503.3,地表面,2.74,元安川,265.2,00,想定区域外,2,0.5～3.0m未満,元安川・太田川・旧太田川
2643,132.4567597,34.3722367,1453.4,地表面,0.74,元安川,278.1,01,0.01～0.19m,3,3.0～5.0m未満,元安川・太田川・旧太田川
2644,132.4567461,34.3726872,1403.6,地表面,0.54,元安川,290.0,00,想定区域外,3,3.0～5.0m未満,元安川・太田川・旧太田川
2645,132.4567325,34.3731376,1353.7,地表面,1.14,元安川,299.6,00,想定区域外,3,3.0～5.0m未満,元安川・太田川・旧太田川
2646,132.4567188,34.3735881,1303.8,地表面,0.94,元安川,309.1,00,想定区域外,3,3.0～5.0m未満,元安川・太田川・旧太田川
2647,132.4567052,34.3740386,1254.0,地表面,0.84,元安川,317.1,00,想定区域外,3,3.0～5.0m未満,元安川・太田川・旧太田川
2648,132.4566916,34.374489,1204.2,地表面,0.44,元安川,324.1,01,0.01～0.19m,3,3.0～5.0m未満,元安川・太田川・旧太田川
2649,132.456678,34.3749395,1154.3,地表面,0.94,元安川,331.0,00,想定区域外,3,3.0～5.0m未満,元安川・太田川・旧太田川
2650,132.4566643,34.37539,1104.5,地表面,1.04,元安川,338.3,00,想定区域外,3,3.0～5.0m未満,元安川・太田川・旧太田川
2651,132.4566507,34.3758405,1054.8,地表面,0.64,元安川,347.7,00,想定区域外,3,3.0～5.0m未満,元安川・太田川・旧太田川
2652,132.4566371,34.3762909,1005.0,地表面,0.74,元安川,357.2,00,想定区域外,3,3.0～5.0m未満,元安川・太田川・旧太田川
2653,132.4566235,34.3767414,955.2,地表面,0.64,元安川,366.8,00,想定区域外,3,3.0～5.0m未満,元安川・太田川・旧太田川
2654,132.4566098,34.3771919,905.5,地表面,0.64,元安川,378.7,02,0.20～0.49m,3,3.0～5.0m未満,元安川・太田川・旧太田川
2655,132.4565962,34.3776424,855.9,地表面,0.84,元安川,390.7,01,0.01～0.19m,3,3.0～5.0m未満,元安川・太田川・旧太田川
2656,132.4565826,34.3780928,806.2,地表面,0.54,元安川,402.7,02,0.20～0.49m,3,3.0～5.0m未満,元安川・太田川・旧太田川
2657,132.456569,34.3785433,756.6,地表面,0.24,元安川,414.7,02,0.20～0.49m,3,3.0～5.0m未満,元安川・太田川・旧太田川
2658,132.4565553,34.3789938,707.1,地表面,0.64,元安川,427.0,02,0.20～0.49m,3,3.0～5.0m未満,元安川・太田川・旧太田川
2659,132.4565417,34.3794442,657.6,地表面,0.84,元安川,439.3,01,0.01～0.19m,3,3.0～5.0m未満,元安川・太田川・旧太田川
2660,132.4565281,34.3798947,608.3,地表面,0.64,元安川,452.0,01,0.01～0.19m,3,3.0～5.0m未満,元安川・太田川・旧太田川
2661,132.4565144,34.3803452,559.0,地表面,1.04,元安川,467.8,02,0.20～0.49m,3,3.0～5.0m未満,元安川・太田川・旧太田川
2662,132.4565008,34.3807957,509.9,地表面,1.24,元安川,484.0,01,0.01～0.19m,3,3.0～5.0m未満,元安川・太田川・旧太田川
2663,132.4564872,34.3812461,461.0,地表面,1.34,元安川,500.2,00,想定区域外,3,3.0～5.0m未満,元安川・太田川・旧太田川
2664,132.4564735,34.3816966,412.3,地表面,1.44,元安川,514.6,00,想定区域外,3,3.0～5.0m未満,元安川・太田川・旧太田川
2665,132.4564599,34.3821471,364.0,地表面,0.34,元安川,527.5,00,想定区域外,3,3.0～5.0m未満,元安川・太田川・旧太田川
2666,132.4564463,34.3825976,316.2,地表面,1.04,元安川,530.7,01,0.01～0.19m,3,3.0～5.0m未満,元安川・太田川・旧太田川
2667,132.4564327,34.383048,269.3,地表面,0.64,元安川,534.3,02,0.20～0.49m,3,3.0～5.0m未満,元安川・太田川・旧太田川
2668,132.456419,34.3834985,223.6,地表面,0.64,元安川,539.6,02,0.20～0.49m,3,3.0～5.0m未満,元安川・太田川・旧太田川
2669,132.4564054,34.383949,180.3,地表面,0.84,元安川,546.1,01,0.01～0.19m,3,3.0～5.0m未満,元安川・太田川・旧太田川
2670,132.4563918,34.3843994,141.4,地表面,1.14,元安川,556.5,01,0.01～0.19m,3,3.0～5.0m未満,元安川・太田川・旧太田川
2671,132.4563781,34.3848499,111.8,地表面,0.54,元安川,567.8,02,0.20～0.49m,3,3.0～5.0m未満,元安川・太田川・旧太田川
2672,132.4563645,34.3853004,100.0,地表面,1.14,元安川,572.0,01,0.01～0.19m,3,3.0～5.0m未満,元安川・太田川・旧太田川
2673,132.4563509,34.3857509,111.8,地表面,0.94,元安川,531.1,02,0.20～0.49m,3,3.0～5.0m未満,元安川・太田川・旧太田川
2674,132.4563372,34.3862013,141.4,地表面,0.84,元安川,490.0,02,0.20～0.49m,3,3.0～5.0m未満,元安川・太田川・旧太田川
2675,132.4563236,34.3866518,180.3,地表面,0.94,元安川,450.5,02,0.20～0.49m,3,3.0～5.0m未満,元安川・太田川・旧太田川
2676,132.45631,34.3871023,223.6,地表面,0.94,元安川,412.9,02,0.20～0.49m,3,3.0～5.0m未満,元安川・太田川・旧太田川
2677,132.4562963,34.3875527,269.3,地表面,1.14,元安川,377.7,02,0.20～0.49m,3,3.0～5.0m未満,元安川・太田川・旧太田川
2678,132.4562827,34.3880032,316.2,地表面,2.04,元安川,344.3,00,想定区域外,3,3.0～5.0m未満,元安川・太田川・旧太田川
2679,132.4562691,34.3884537,364.0,地表面,1.94,元安川,313.6,00,想定区域外,3,3.0～5.0m未満,元安川・太田川・旧太田川
2680,132.4562554,34.3889042,412.3,地表面,2.04,元安川,284.2,00,想定区域外,3,3.0～5.0m未満,元安川・太田川・旧太田川
2681,132.4562418,34.3893546,461.0,地表面,2.14,元安川,256.3,00,想定区域外,3,3.0～5.0m未満,元安川・太田川・旧太田川
2682,132.4562282,34.3898051,509.9,地表面,2.04,元安川,233.6,01,0.01～0.19m,3,3.0～5.0m未満,元安川・太田川・旧太田川
2683,132.4562145,34.3902556,559.0,地表面,2.44,元安川,214.8,00,想定区域外,3,3.0～5.0m未満,元安川・太田川・旧太田川
2684,132.4562009,34.390706,608.3,地表面,2.14,元安川,199.3,01,0.01～0.19m,3,3.0～5.0m未満,元安川・太田川・旧太田川
2685,132.4561873,34.3911565,657.6,地表面,2.24,元安川,188.1,01,0.01～0.19m,3,3.0～5.0m未満,元安川・太田川・旧太田川
2686,132.4561736,34.391607,707.1,地表面,2.14,元安川,178.1,00,想定区域外,3,3.0～5.0m未満,元安川・太田川・旧太田川
2687,132.45616,34.3920575,756.6,地表面,2.14,元安川,171.1,01,0.01～0.19m,3,3.0～5.0m未満,元安川・太田川・旧太田川
2688,132.4561463,34.3925079,806.2,地表面,2.34,元安川,167.8,00,想定区域外,3,3.0～5.0m未満,元安川・太田川・旧太田川
2689,132.4561327,34.3929584,855.9,地表面,2.44,元安川,170.1,00,想定区域外,3,3.0～5.0m未満,元安川・太田川・旧太田川
2690,132.4561191,34.3934089,905.5,地表面,2.64,元安川,176.8,00,想定区域外,3,3.0～5.0m未満,元安川・太田川・旧太田川
2691,132.4561054,34.3938593,955.2,地表面,2.94,元安川,189.2,00,想定区域外,3,3.0～5.0m未満,元安川・太田川・旧太田川
2692,132.4560918,34.3943098,1005.0,地表面,2.54,元安川,207.0,01,0.01～0.19m,3,3.0～5.0m未満,元安川・太田川・旧太田川
2693,132.4560782,34.3947603,1054.8,地表面,2.74,元安川,228.8,00,想定区域外,3,3.0～5.0m未満,元安川・太田川・旧太田川
2694,132.4560645,34.3952108,1104.5,地表面,2.64,元安川,252.3,02,0.20～0.49m,3,3.0～5.0m未満,元安川・太田川・旧太田川
2695,132.4560509,34.3956612,1154.3,地表面,2.54,元安川,272.8,01,0.01～0.19m,3,3.0～5.0m未満,元安川・太田川・旧太田川
2696,132.4560372,34.3961117,1204.2,地表面,2.64,元安川,291.5,00,想定区域外,3,3.0～5.0m未満,元安川・太田川・旧太田川
2697,132.4560236,34.3965622,1254.0,地表面,2.84,元安川,305.3,00,想定区域外,3,3.0～5.0m未満,元安川・太田川・旧太田川
2698,132.45601,34.3970126,1303.8,地表面,2.44,旧太田川,316.9,01,0.01～0.19m,3,3.0～5.0m未満,元安川・太田川・旧太田川
2699,132.4559963,34.3974631,1353.7,地表面,2.64,旧太田川,315.2,01,0.01～0.19m,3,3.0～5.0m未満,元安川・太田川・旧太田川
2700,132.4559827,34.3979136,1403.6,地表面,-0.56,旧太田川,317.4,03,0.50～0.99m,4,5.0～10.0m未満,元安川・太田川・旧太田川
2701,132.455969,34.3983641,1453.4,地表面,2.14,旧太田川,320.0,01,0.01～0.19m,3,3.0～5.0m未満,元安川・太田川・旧太田川
2702,132.4559554,34.3988145,1503.3,地表面,4.44,旧太田川,323.3,00,想定区域外,2,0.5～3.0m未満,元安川・太田川・旧太田川
2703,132.4559418,34.399265,1553.2,地表面,4.04,旧太田川,330.0,00,想定区域外,3,3.0～5.0m未満,元安川・太田川・旧太田川
2704,132.4559281,34.3997155,1603.1,地表面,0.44,旧太田川,337.8,02,0.20～0.49m,3,3.0～5.0m未満,元安川・太田川・旧太田川
2705,132.4559145,34.4001659,1653.0,地表面,2.84,旧太田川,346.4,02,0.20～0.49m,3,3.0～5.0m未満,元安川・太田川・旧太田川
2706,132.4559008,34.4006164,1702.9,地表面,4.94,旧太田川,357.3,00,想定区域外,3,3.0～5.0m未満,元安川・太田川・旧太田川
2707,132.4558872,34.4010669,1752.9,地表面,4.94,旧太田川,370.2,00,想定区域外,3,3.0～5.0m未満,元安川・太田川・旧太田川
2708,132.4558735,34.4015174,1802.8,地表面,3.74,旧太田川,387.8,00,想定区域外,3,3.0～5.0m未満,元安川・太田川・旧太田川
2709,132.4558599,34.4019678,1852.7,地表面,3.04,旧太田川,407.0,02,0.20～0.49m,3,3.0～5.0m未満,元安川・太田川・旧太田川
2710,132.4558463,34.4024183,1902.6,地表面,3.14,旧太田川,408.5,02,0.20～0.49m,3,3.0～5.0m未満,元安川・太田川・旧太田川
2711,132.4558326,34.4028688,1952.6,地表面,3.54,旧太田川,364.9,02,0.20～0.49m,3,3.0～5.0m未満,元安川・太田川・旧太田川
2712,132.4574392,34.3677432,1955.8,内水面,0.24,京橋川,89.0,00,想定区域外,0,想定区域外,
2713,132.4574256,34.3681937,1905.9,地表面,3.94,京橋川,119.6,00,想定区域外,2,0.5～3.0m未満,元安川・太田川・旧太田川
2714,132.4574119,34.3686442,1856.1,地表面,2.64,京橋川,150.3,00,想定区域外,2,0.5～3.0m未満,元安川・太田川・旧太田川
2715,132.4573983,34.3690947,1806.2,地表面,2.54,京橋川,180.9,00,想定区域外,2,0.5～3.0m未満,元安川・太田川・旧太田川
2716,132.4573847,34.3695451,1756.4,地表面,2.34,京橋川,211.5,00,想定区域外,2,0.5～3.0m未満,元安川・太田川・旧太田川
2717,132.4573711,34.3699956,1706.6,地表面,2.24,京橋川,237.5,00,想定区域外,2,0.5～3.0m未満,元安川・太田川・旧太田川
2718,132.4573575,34.3704461,1656.8,地表面,2.54,京橋川,262.6,00,想定区域外,2,0.5～3.0m未満,元安川・太田川・旧太田川
2719,132.4573438,34.3708966,1607.0,地表面,0.84,京橋川,285.5,00,想定区域外,3,3.0～5.0m未満,元安川・太田川・旧太田川
2720,132.4573302,34.371347,1557.2,地表面,0.94,元安川,300.7,00,想定区域外,2,0.5～3.0m未満,元安川・太田川・旧太田川
2721,132.4573166,34.3717975,1507.5,地表面,1.94,京橋川,312.1,00,想定区域外,2,0.5～3.0m未満,元安川・太田川・旧太田川
2722,132.457303,34.372248,1457.7,地表面,0.64,京橋川,316.0,01,0.01～0.19m,3,3.0～5.0m未満,元安川・太田川・旧太田川
2723,132.4572894,34.3726985,1408.0,地表面,0.84,京橋川,319.9,00,想定区域外,3,3.0～5.0m未満,元安川・太田川・旧太田川
2724,132.4572757,34.3731489,1358.3,地表面,0.94,京橋川,323.7,00,想定区域外,3,3.0～5.0m未満,元安川・太田川・旧太田川
2725,132.4572621,34.3735994,1308.6,地表面,0.94,京橋川,327.6,00,想定区域外,3,3.0～5.0m未満,元安川・太田川・旧太田川
2726,132.4572485,34.3740499,1259.0,地表面,0.94,京橋川,332.6,00,想定区域外,3,3.0～5.0m未満,元安川・太田川・旧太田川
2727,132.4572349,34.3745003,1209.3,地表面,0.24,京橋川,338.4,01,0.01～0.19m,3,3.0～5.0m未満,元安川・太田川・旧太田川
2728,132.4572213,34.3749508,1159.7,地表面,1.04,京橋川,345.0,00,想定区域外,3,3.0～5.0m未満,元安川・太田川・旧太田川
2729,132.4572076,34.3754013,1110.2,地表面,0.74,京橋川,356.8,00,想定区域外,3,3.0～5.0m未満,元安川・太田川・旧太田川
2730,132.457194,34.3758518,1060.7,地表面,1.04,京橋川,369.2,00,想定区域外,3,3.0～5.0m未満,元安川・太田川・旧太田川
2731,132.4571804,34.3763022,1011.2,地表面,1.04,京橋川,384.4,00,想定区域外,3,3.0～5.0m未満,元安川・太田川・旧太田川
2732,132.4571668,34.3767527,961.8,地表面,0.74,京橋川,405.1,00,想定区域外,3,3.0～5.0m未満,元安川・太田川・旧太田川
2733,132.4571531,34.3772032,912.4,地表面,0.34,京橋川,427.0,01,0.01～0.19m,3,3.0～5.0m未満,元安川・太田川・旧太田川
2734,132.4571395,34.3776537,863.1,地表面,0.24,元安川,439.3,02,0.20～0.49m,3,3.0～5.0m未満,元安川・太田川・旧太田川
2735,132.4571259,34.3781041,813.9,地表面,0.54,元安川,451.2,01,0.01～0.19m,3,3.0～5.0m未満,元安川・太田川・旧太田川
2736,132.4571123,34.3785546,764.9,地表面,0.64,元安川,463.2,01,0.01～0.19m,3,3.0～5.0m未満,元安川・太田川・旧太田川
2737,132.4570986,34.3790051,715.9,地表面,0.54,元安川,475.4,02,0.20～0.49m,3,3.0～5.0m未満,元安川・太田川・旧太田川
2738,132.457085,34.3794555,667.1,地表面,0.44,元安川,487.8,02,0.20～0.49m,3,3.0～5.0m未満,元安川・太田川・旧太田川
2739,132.4570714,34.379906,618.5,地表面,0.84,元安川,500.1,00,想定区域外,3,3.0～5.0m未満,元安川・太田川・旧太田川
2740,132.4570578,34.3803565,570.1,地表面,0.74,元安川,515.1,00,想定区域外,3,3.0～5.0m未満,元安川・太田川・旧太田川
2741,132.4570441,34.380807,522.0,地表面,1.24,元安川,531.3,00,想定区域外,3,3.0～5.0m未満,元安川・太田川・旧太田川
2742,132.4570305,34.3812574,474.3,地表面,1.34,元安川,547.5,00,想定区域外,3,3.0～5.0m未満,元安川・太田川・旧太田川
2743,132.4570169,34.3817079,427.2,地表面,1.54,元安川,562.8,00,想定区域外,3,3.0～5.0m未満,元安川・太田川・旧太田川
2744,132.4570033,34.3821584,380.8,地表面,1.24,元安川,576.2,00,想定区域外,3,3.0～5.0m未満,元安川・太田川・旧太田川
2745,132.4569896,34.3826089,335.4,地表面,1.14,元安川,580.6,00,想定区域外,3,3.0～5.0m未満,元安川・太田川・旧太田川
2746,132.456976,34.3830593,291.5,地表面,0.84,元安川,584.0,01,0.01～0.19m,3,3.0～5.0m未満,元安川・太田川・旧太田川
2747,132.4569624,34.3835098,250.0,地表面,0.94,元安川,589.4,00,想定区域外,3,3.0～5.0m未満,元安川・太田川・旧太田川
2748,132.4569487,34.3839603,212.1,地表面,1.24,元安川,595.5,00,想定区域外,3,3.0～5.0m未満,元安川・太田川・旧太田川
2749,132.4569351,34.3844107,180.3,地表面,1.34,元安川,605.3,00,想定区域外,3,3.0～5.0m未満,元安川・太田川・旧太田川
2750,132.4569215,34.3848612,158.1,地表面,0.84,元安川,616.4,02,0.20～0.49m,3,3.0～5.0m未満,元安川・太田川・旧太田川
2751,132.4569079,34.3853117,150.0,地表面,1.04,元安川,600.5,01,0.01～0.19m,3,3.0～5.0m未満,元安川・太田川・旧太田川
2752,132.4568942,34.3857622,158.1,地表面,0.94,元安川,560.1,01,0.01～0.19m,3,3.0～5.0m未満,元安川・太田川・旧太田川
2753,132.4568806,34.3862126,180.3,地表面,1.04,元安川,520.9,01,0.01～0.19m,3,3.0～5.0m未満,元安川・太田川・旧太田川
2754,132.456867,34.3866631,212.1,地表面,1.54,元安川,483.6,00,想定区域外,3,3.0～5.0m未満,元安川・太田川・旧太田川
2755,132.4568533,34.3871136,250.0,地表面,1.64,元安川,448.4,00,想定区域外,3,3.0～5.0m未満,元安川・太田川・旧太田川
2756,132.4568397,34.387564,291.5,地表面,1.84,元安川,414.8,01,0.01～0.19m,3,3.0～5.0m未満,元安川・太田川・旧太田川
2757,132.4568261,34.3880145,335.4,地表面,2.04,元安川,383.4,01,0.01～0.19m,3,3.0～5.0m未満,元安川・太田川・旧太田川
2758,132.4568124,34.388465,380.8,地表面,1.74,元安川,354.0,00,想定区域外,3,3.0～5.0m未満,元安川・太田川・旧太田川
2759,132.4567988,34.3889155,427.2,地表面,1.84,元安川,325.1,00,想定区域外,3,3.0～5.0m未満,元安川・太田川・旧太田川
2760,132.4567852,34.3893659,474.3,地表面,2.04,元安川,300.6,00,想定区域外,3,3.0～5.0m未満,元安川・太田川・旧太田川
2761,132.4567716,34.3898164,522.0,地表面,2.04,元安川,278.9,00,想定区域外,3,3.0～5.0m未満,元安川・太田川・旧太田川
2762,132.4567579,34.3902669,570.1,地表面,2.44,元安川,262.2,00,想定区域外,3,3.0～5.0m未満,元安川・太田川・旧太田川
2763,132.4567443,34.3907174,618.5,地表面,2.34,元安川,247.9,00,想定区域外,3,3.0～5.0m未満,元安川・太田川・旧太田川
2764,132.4567307,34.3911678,667.1,地表面,1.44,元安川,236.9,02,0.20～0.49m,3,3.0～5.0m未満,元安川・太田川・旧太田川
2765,132.456717,34.3916183,715.9,地表面,1.94,元安川,227.2,00,想定区域外,3,3.0～5.0m未満,元安川・太田川・旧太田川
2766,132.4567034,34.3920688,764.9,地表面,1.84,元安川,220.7,01,0.01～0.19m,3,3.0～5.0m未満,元安川・太田川・旧太田川
2767,132.4566898,34.3925192,813.9,地表面,2.04,元安川,217.8,01,0.01～0.19m,3,3.0～5.0m未満,元安川・太田川・旧太田川
2768,132.4566761,34.3929697,863.1,地表面,1.94,元安川,219.9,01,0.01～0.19m,3,3.0～5.0m未満,元安川・太田川・旧太田川
2769,132.4566625,34.3934202,912.4,地表面,2.64,元安川,225.9,01,0.01～0.19m,3,3.0～5.0m未満,元安川・太田川・旧太田川
2770,132.4566488,34.3938707,961.8,地表面,2.64,元安川,236.8,01,0.01～0.19m,3,3.0～5.0m未満,元安川・太田川・旧太田川
2771,132.4566352,34.3943211,1011.2,地表面,2.74,元安川,252.9,00,想定区域外,3,3.0～5.0m未満,元安川・太田川・旧太田川
2772,132.4566216,34.3947716,1060.7,地表面,2.74,元安川,273.2,00,想定区域外,3,3.0～5.0m未満,元安川・太田川・旧太田川
2773,132.4566079,34.3952221,1110.2,地表面,2.44,元安川,297.4,00,想定区域外,3,3.0～5.0m未満,元安川・太田川・旧太田川
2774,132.4565943,34.3956725,1159.7,地表面,2.24,元安川,318.4,01,0.01～0.19m,3,3.0～5.0m未満,元安川・太田川・旧太田川
2775,132.4565807,34.396123,1209.3,地表面,2.84,元安川,338.9,00,想定区域外,3,3.0～5.0m未満,元安川・太田川・旧太田川
2776,132.456567,34.3965735,1259.0,地表面,3.24,元安川,353.3,00,想定区域外,3,3.0～5.0m未満,元安川・太田川・旧太田川
2777,132.4565534,34.397024,1308.6,地表面,3.04,旧太田川,366.8,00,想定区域外,3,3.0～5.0m未満,元安川・太田川・旧太田川
2778,132.4565398,34.3974744,1358.3,地表面,2.84,旧太田川,365.2,00,想定区域外,3,3.0～5.0m未満,元安川・太田川・旧太田川
2779,132.4565261,34.3979249,1408.0,地表面,3.14,旧太田川,367.3,00,想定区域外,3,3.0～5.0m未満,元安川・太田川・旧太田川
2780,132.4565125,34.3983754,1457.7,地表面,2.94,旧太田川,369.9,00,想定区域外,3,3.0～5.0m未満,元安川・太田川・旧太田川
2781,132.4564988,34.3988258,1507.5,地表面,3.24,旧太田川,373.1,00,想定区域外,3,3.0～5.0m未満,元安川・太田川・旧太田川
2782,132.4564852,34.3992763,1557.2,地表面,2.84,旧太田川,379.5,02,0.20～0.49m,3,3.0～5.0m未満,元安川・太田川・旧太田川
2783,132.4564716,34.3997268,1607.0,地表面,2.94,旧太田川,387.0,02,0.20～0.49m,4,5.0～10.0m未満,元安川・太田川・旧太田川
2784,132.4564579,34.4001772,1656.8,地表面,3.74,旧太田川,395.7,00,想定区域外,3,3.0～5.0m未満,元安川・太田川・旧太田川
2785,132.4564443,34.4006277,1706.6,地表面,3.14,旧太田川,405.8,00,想定区域外,3,3.0～5.0m未満,元安川・太田川・旧太田川
2786,132.4564306,34.4010782,1756.4,地表面,3.24,旧太田川,418.2,00,想定区域外,3,3.0～5.0m未満,元安川・太田川・旧太田川
2787,132.456417,34.4015287,1806.2,地表面,3.44,旧太田川,434.1,00,想定区域外,3,3.0～5.0m未満,元安川・太田川・旧太田川
2788,132.4564034,34.4019791,1856.1,地表面,3.24,旧太田川,453.1,01,0.01～0.19m,3,3.0～5.0m未満,元安川・太田川・旧太田川
2789,132.4563897,34.4024296,1905.9,地表面,3.44,旧太田川,433.8,01,0.01～0.19m,3,3.0～5.0m未満,元安川・太田川・旧太田川
2790,132.4563761,34.4028801,1955.8,地表面,3.34,旧太田川,391.6,01,0.01～0.19m,3,3.0～5.0m未満,元安川・太田川・旧太田川
2791,132.4579824,34.3677545,1960.2,内水面,0.24,京橋川,49.5,00,想定区域外,0,想定区域外,
2792,132.4579688,34.368205,1910.5,内水面,0.24,京橋川,80.1,00,想定区域外,0,想定区域外,
2793,132.4579552,34.3686555,1860.8,地表面,2.84,京橋川,110.7,00,想定区域外,2,0.5～3.0m未満,元安川・太田川・旧太田川
2794,132.4579416,34.369106,1811.1,地表面,2.94,京橋川,141.4,00,想定区域外,2,0.5～3.0m未満,元安川・太田川・旧太田川
2795,132.457928,34.3695564,1761.4,地表面,2.44,京橋川,168.8,00,想定区域外,2,0.5～3.0m未満,元安川・太田川・旧太田川
2796,132.4579144,34.3700069,1711.7,地表面,2.44,京橋川,194.8,00,想定区域外,2,0.5～3.0m未満,元安川・太田川・旧太田川
2797,132.4579007,34.3704574,1662.1,地表面,2.74,京橋川,218.1,00,想定区域外,2,0.5～3.0m未満,元安川・太田川・旧太田川
2798,132.4578871,34.3709079,1612.5,地表面,3.04,京橋川,240.1,00,想定区域外,2,0.5～3.0m未満,元安川・太田川・旧太田川
2799,132.4578735,34.3713583,1562.8,地表面,0.74,京橋川,256.0,00,想定区域外,3,3.0～5.0m未満,元安川・太田川・旧太田川
2800,132.4578599,34.3718088,1513.3,地表面,0.74,京橋川,262.4,00,想定区域外,3,3.0～5.0m未満,元安川・太田川・旧太田川
2801,132.4578463,34.3722593,1463.7,地表面,0.54,京橋川,266.2,01,0.01～0.19m,3,3.0～5.0m未満,元安川・太田川・旧太田川
2802,132.4578326,34.3727097,1414.2,地表面,0.84,京橋川,270.0,00,想定区域外,3,3.0～5.0m未満,元安川・太田川・旧太田川
2803,132.457819,34.3731602,1364.7,地表面,0.54,京橋川,273.9,00,想定区域外,3,3.0～5.0m未満,元安川・太田川・旧太田川
2804,132.4578054,34.3736107,1315.3,地表面,0.64,京橋川,277.7,00,想定区域外,3,3.0～5.0m未満,元安川・太田川・旧太田川
2805,132.4577918,34.3740612,1265.9,地表面,0.64,京橋川,282.9,00,想定区域外,3,3.0～5.0m未満,元安川・太田川・旧太田川
2806,132.4577782,34.3745116,1216.6,地表面,0.24,京橋川,288.7,01,0.01～0.19m,3,3.0～5.0m未満,元安川・太田川・旧太田川
2807,132.4577646,34.3749621,1167.3,地表面,-0.06,京橋川,296.0,01,0.01～0.19m,3,3.0～5.0m未満,元安川・太田川・旧太田川
2808,132.4577509,34.3754126,1118.0,地表面,0.24,京橋川,308.3,01,0.01～0.19m,3,3.0～5.0m未満,元安川・太田川・旧太田川
2809,132.4577373,34.3758631,1068.9,地表面,0.34,京橋川,320.9,00,想定区域外,3,3.0～5.0m未満,元安川・太田川・旧太田川
2810,132.4577237,34.3763135,1019.8,地表面,0.54,京橋川,338.3,00,想定区域外,3,3.0～5.0m未満,元安川・太田川・旧太田川
2811,132.4577101,34.376764,970.8,地表面,0.44,京橋川,360.2,01,0.01～0.19m,3,3.0～5.0m未満,元安川・太田川・旧太田川
2812,132.4576965,34.3772145,922.0,地表面,0.54,京橋川,382.1,01,0.01～0.19m,3,3.0～5.0m未満,元安川・太田川・旧太田川
2813,132.4576828,34.3776649,873.2,地表面,0.94,京橋川,404.1,01,0.01～0.19m,3,3.0～5.0m未満,元安川・太田川・旧太田川
2814,132.4576692,34.3781154,824.6,地表面,0.44,京橋川,426.0,02,0.20～0.49m,3,3.0～5.0m未満,元安川・太田川・旧太田川
2815,132.4576556,34.3785659,776.2,地表面,0.54,京橋川,448.0,01,0.01～0.19m,3,3.0～5.0m未満,元安川・太田川・旧太田川
2816,132.457642,34.3790164,728.0,地表面,0.54,京橋川,470.2,02,0.20～0.49m,3,3.0～5.0m未満,元安川・太田川・旧太田川
2817,132.4576283,34.3794668,680.1,地表面,0.44,京橋川,495.1,01,0.01～0.19m,3,3.0～5.0m未満,元安川・太田川・旧太田川
2818,132.4576147,34.3799173,632.5,地表面,0.94,京橋川,520.5,00,想定区域外,3,3.0～5.0m未満,元安川・太田川・旧太田川
2819,132.4576011,34.3803678,585.2,地表面,1.04,京橋川,545.9,00,想定区域外,3,3.0～5.0m未満,元安川・太田川・旧太田川
2820,132.4575875,34.3808183,538.5,地表面,0.94,京橋川,571.3,00,想定区域外,3,3.0～5.0m未満,元安川・太田川・旧太田川
2821,132.4575739,34.3812687,492.4,地表面,0.94,元安川,594.8,00,想定区域外,3,3.0～5.0m未満,元安川・太田川・旧太田川
2822,132.4575602,34.3817192,447.2,地表面,1.44,元安川,610.9,00,想定区域外,3,3.0～5.0m未満,元安川・太田川・旧太田川
2823,132.4575466,34.3821697,403.1,地表面,1.34,元安川,624.4,00,想定区域外,3,3.0～5.0m未満,元安川・太田川・旧太田川
2824,132.457533,34.3826202,360.6,地表面,0.94,元安川,630.5,00,想定区域外,3,3.0～5.0m未満,元安川・太田川・旧太田川
2825,132.4575194,34.3830706,320.2,地表面,1.04,元安川,633.8,00,想定区域外,3,3.0～5.0m未満,元安川・太田川・旧太田川
2826,132.4575057,34.3835211,282.8,地表面,0.84,元安川,639.1,01,0.01～0.19m,3,3.0～5.0m未満,元安川・太田川・旧太田川
2827,132.4574921,34.3839716,250.0,地表面,0.94,元安川,644.9,01,0.01～0.19m,3,3.0～5.0m未満,元安川・太田川・旧太田川
2828,132.4574785,34.384422,223.6,地表面,0.94,元安川,654.0,01,0.01～0.19m,3,3.0～5.0m未満,元安川・太田川・旧太田川
2829,132.4574649,34.3848725,206.2,地表面,0.74,元安川,665.2,01,0.01～0.19m,3,3.0～5.0m未満,元安川・太田川・旧太田川
2830,132.4574512,34.385323,200.0,地表面,1.04,元安川,630.2,02,0.20～0.49m,3,3.0～5.0m未満,元安川・太田川・旧太田川
2831,132.4574376,34.3857735,206.2,地表面,1.04,元安川,591.3,01,0.01～0.19m,3,3.0～5.0m未満,元安川・太田川・旧太田川
2832,132.457424,34.3862239,223.6,地表面,1.04,元安川,554.3,01,0.01～0.19m,3,3.0～5.0m未満,元安川・太田川・旧太田川
2833,132.4574103,34.3866744,250.0,地表面,1.84,元安川,519.1,00,想定区域外,3,3.0～5.0m未満,元安川・太田川・旧太田川
2834,132.4573967,34.3871249,282.8,地表面,1.74,元安川,485.4,00,想定区域外,3,3.0～5.0m未満,元安川・太田川・旧太田川
2835,132.4573831,34.3875753,320.2,地表面,0.74,元安川,453.4,01,0.01～0.19m,3,3.0～5.0m未満,元安川・太田川・旧太田川
2836,132.4573695,34.3880258,360.6,地表面,0.94,元安川,423.9,01,0.01～0.19m,3,3.0～5.0m未満,元安川・太田川・旧太田川
2837,132.4573558,34.3884763,403.1,地表面,0.94,元安川,394.5,01,0.01～0.19m,3,3.0～5.0m未満,元安川・太田川・旧太田川
2838,132.4573422,34.3889268,447.2,地表面,1.54,元安川,367.9,00,想定区域外,3,3.0～5.0m未満,元安川・太田川・旧太田川
2839,132.4573286,34.3893772,492.4,地表面,1.64,元安川,345.4,01,0.01～0.19m,3,3.0～5.0m未満,元安川・太田川・旧太田川
2840,132.4573149,34.3898277,538.5,地表面,1.54,元安川,325.5,01,0.01～0.19m,3,3.0～5.0m未満,元安川・太田川・旧太田川
2841,132.4573013,34.3902782,585.2,地表面,1.74,元安川,309.6,00,想定区域外,3,3.0～5.0m未満,元安川・太田川・旧太田川
2842,132.4572877,34.3907287,632.5,地表面,1.84,元安川,296.7,00,想定区域外,3,3.0～5.0m未満,元安川・太田川・旧太田川
2843,132.4572741,34.3911791,680.1,地表面,1.44,元安川,285.7,01,0.01～0.19m,3,3.0～5.0m未満,元安川・太田川・旧太田川
2844,132.4572604,34.3916296,728.0,地表面,1.64,元安川,276.5,01,0.01～0.19m,3,3.0～5.0m未満,元安川・太田川・旧太田川
2845,132.4572468,34.3920801,776.2,地表面,1.64,元安川,270.5,01,0.01～0.19m,3,3.0～5.0m未満,元安川・太田川・旧太田川
2846,132.4572332,34.3925305,824.6,地表面,1.64,元安川,267.8,01,0.01～0.19m,3,3.0～5.0m未満,元安川・太田川・旧太田川
2847,132.4572195,34.392981,873.2,地表面,2.34,元安川,269.8,00,想定区域外,3,3.0～5.0m未満,元安川・太田川・旧太田川
2848,132.4572059,34.3934315,922.0,地表面,2.24,元安川,275.3,00,想定区域外,3,3.0～5.0m未満,元安川・太田川・旧太田川
2849,132.4571923,34.393882,970.8,地表面,2.64,元安川,285.1,00,想定区域外,3,3.0～5.0m未満,元安川・太田川・旧太田川
2850,132.4571786,34.3943324,1019.8,地表面,2.34,元安川,299.9,00,想定区域外,3,3.0～5.0m未満,元安川・太田川・旧太田川
2851,132.457165,34.3947829,1068.9,地表面,2.54,元安川,318.7,01,0.01～0.19m,3,3.0～5.0m未満,元安川・太田川・旧太田川
2852,132.4571514,34.3952334,1118.0,地表面,2.44,元安川,340.5,01,0.01～0.19m,3,3.0～5.0m未満,元安川・太田川・旧太田川
2853,132.4571377,34.3956838,1167.3,地表面,2.14,元安川,364.0,00,想定区域外,3,3.0～5.0m未満,元安川・太田川・旧太田川
2854,132.4571241,34.3961343,1216.6,地表面,3.14,元安川,384.5,00,想定区域外,3,3.0～5.0m未満,元安川・太田川・旧太田川
2855,132.4571105,34.3965848,1265.9,地表面,3.54,元安川,401.4,00,想定区域外,3,3.0～5.0m未満,元安川・太田川・旧太田川
2856,132.4570968,34.3970353,1315.3,地表面,3.64,元安川,415.2,00,想定区域外,3,3.0～5.0m未満,元安川・太田川・旧太田川
2857,132.4570832,34.3974857,1364.7,地表面,3.54,旧太田川,415.2,00,想定区域外,3,3.0～5.0m未満,元安川・太田川・旧太田川
2858,132.4570696,34.3979362,1414.2,地表面,2.64,旧太田川,417.1,01,0.01～0.19m,3,3.0～5.0m未満,元安川・太田川・旧太田川
2859,132.4570559,34.3983867,1463.7,地表面,3.34,旧太田川,419.8,00,想定区域外,3,3.0～5.0m未満,元安川・太田川・旧太田川
2860,132.4570423,34.3988371,1513.3,地表面,2.94,旧太田川,423.0,00,想定区域外,3,3.0～5.0m未満,元安川・太田川・旧太田川
2861,132.4570287,34.3992876,1562.8,地表面,3.64,旧太田川,429.0,00,想定区域外,3,3.0～5.0m未満,元安川・太田川・旧太田川
2862,132.457015,34.3997381,1612.5,地表面,2.94,旧太田川,436.3,02,0.20～0.49m,3,3.0～5.0m未満,元安川・太田川・旧太田川
2863,132.4570014,34.4001886,1662.1,地表面,3.24,旧太田川,444.9,01,0.01～0.19m,3,3.0～5.0m未満,元安川・太田川・旧太田川
2864,132.4569877,34.400639,1711.7,地表面,2.84,旧太田川,454.3,02,0.20～0.49m,3,3.0～5.0m未満,元安川・太田川・旧太田川
2865,132.4569741,34.4010895,1761.4,地表面,3.14,旧太田川,466.6,02,0.20～0.49m,3,3.0～5.0m未満,元安川・太田川・旧太田川
2866,132.4569605,34.40154,1811.1,地表面,3.04,旧太田川,480.9,01,0.01～0.19m,3,3.0～5.0m未満,元安川・太田川・旧太田川
2867,132.4569468,34.4019904,1860.8,地表面,3.44,旧太田川,499.3,00,想定区域外,3,3.0～5.0m未満,元安川・太田川・旧太田川
2868,132.4569332,34.4024409,1910.5,地表面,3.44,旧太田川,460.6,00,想定区域外,2,0.5～3.0m未満,元安川・太田川・旧太田川
2869,132.4569196,34.4028914,1960.2,地表面,3.24,旧太田川,418.4,01,0.01～0.19m,3,3.0～5.0m未満,元安川・太田川・旧太田川
2870,132.4585257,34.3677658,1966.0,内水面,0.24,京橋川,10.0,00,想定区域外,0,想定区域外,
2871,132.4585121,34.3682163,1916.4,内水面,0.24,京橋川,40.6,00,想定区域外,0,想定区域外,
2872,132.4584985,34.3686668,1866.8,地表面,1.64,京橋川,71.2,00,想定区域外,0,想定区域外,
2873,132.4584848,34.3691172,1817.3,地表面,2.74,京橋川,100.1,00,想定区域外,2,0.5～3.0m未満,元安川・太田川・旧太田川
2874,132.4584712,34.3695677,1767.8,地表面,2.14,京橋川,126.1,00,想定区域外,2,0.5～3.0m未満,元安川・太田川・旧太田川
2875,132.4584576,34.3700182,1718.3,地表面,3.04,京橋川,150.8,00,想定区域外,2,0.5～3.0m未満,元安川・太田川・旧太田川
2876,132.458444,34.3704687,1668.8,地表面,2.64,京橋川,173.7,00,想定区域外,2,0.5～3.0m未満,元安川・太田川・旧太田川
2877,132.4584304,34.3709191,1619.4,地表面,2.64,京橋川,192.8,00,想定区域外,2,0.5～3.0m未満,元安川・太田川・旧太田川
2878,132.4584168,34.3713696,1570.0,地表面,2.84,京橋川,206.5,00,想定区域外,2,0.5～3.0m未満,元安川・太田川・旧太田川
2879,132.4584032,34.3718201,1520.7,地表面,2.44,京橋川,212.5,00,想定区域外,2,0.5～3.0m未満,元安川・太田川・旧太田川
2880,132.4583895,34.3722706,1471.4,地表面,0.44,京橋川,216.3,01,0.01～0.19m,3,3.0～5.0m未満,元安川・太田川・旧太田川
2881,132.4583759,34.372721,1422.1,地表面,0.74,京橋川,220.2,01,0.01～0.19m,3,3.0～5.0m未満,元安川・太田川・旧太田川
2882,132.4583623,34.3731715,1373.0,地表面,0.54,京橋川,224.0,01,0.01～0.19m,3,3.0～5.0m未満,元安川・太田川・旧太田川
2883,132.4583487,34.373622,1323.8,地表面,0.64,京橋川,227.9,00,想定区域外,3,3.0～5.0m未満,元安川・太田川・旧太田川
2884,132.4583351,34.3740725,1274.8,地表面,0.24,京橋川,233.3,00,想定区域外,3,3.0～5.0m未満,元安川・太田川・旧太田川
2885,132.4583215,34.3745229,1225.8,地表面,0.34,京橋川,239.0,01,0.01～0.19m,3,3.0～5.0m未満,元安川・太田川・旧太田川
2886,132.4583078,34.3749734,1176.9,地表面,0.44,京橋川,247.5,00,想定区域外,3,3.0～5.0m未満,元安川・太田川・旧太田川
2887,132.4582942,34.3754239,1128.1,地表面,0.34,京橋川,259.9,01,0.01～0.19m,3,3.0～5.0m未満,元安川・太田川・旧太田川
2888,132.4582806,34.3758743,1079.4,地表面,0.74,京橋川,273.3,01,0.01～0.19m,3,3.0～5.0m未満,元安川・太田川・旧太田川
2889,132.458267,34.3763248,1030.8,地表面,0.44,京橋川,293.3,01,0.01～0.19m,3,3.0～5.0m未満,元安川・太田川・旧太田川
2890,132.4582534,34.3767753,982.3,地表面,0.74,京橋川,315.2,01,0.01～0.19m,3,3.0～5.0m未満,元安川・太田川・旧太田川
2891,132.4582398,34.3772258,934.1,地表面,0.34,京橋川,337.2,02,0.20～0.49m,3,3.0～5.0m未満,元安川・太田川・旧太田川
2892,132.4582261,34.3776762,886.0,地表面,0.74,京橋川,359.2,01,0.01～0.19m,3,3.0～5.0m未満,元安川・太田川・旧太田川
2893,132.4582125,34.3781267,838.2,地表面,0.54,京橋川,381.1,01,0.01～0.19m,3,3.0～5.0m未満,元安川・太田川・旧太田川
2894,132.4581989,34.3785772,790.6,地表面,0.44,京橋川,403.1,01,0.01～0.19m,3,3.0～5.0m未満,元安川・太田川・旧太田川
2895,132.4581853,34.3790277,743.3,地表面,0.54,京橋川,426.6,02,0.20～0.49m,3,3.0～5.0m未満,元安川・太田川・旧太田川
2896,132.4581717,34.3794781,696.4,地表面,0.44,京橋川,452.0,01,0.01～0.19m,3,3.0～5.0m未満,元安川・太田川・旧太田川
2897,132.458158,34.3799286,650.0,地表面,0.44,京橋川,477.4,02,0.20～0.49m,3,3.0～5.0m未満,元安川・太田川・旧太田川
2898,132.4581444,34.3803791,604.2,地表面,0.64,京橋川,502.8,01,0.01～0.19m,3,3.0～5.0m未満,元安川・太田川・旧太田川
2899,132.4581308,34.3808296,559.0,地表面,1.24,京橋川,528.7,00,想定区域外,3,3.0～5.0m未満,元安川・太田川・旧太田川
2900,132.4581172,34.38128,514.8,地表面,1.44,京橋川,557.2,00,想定区域外,3,3.0～5.0m未満,元安川・太田川・旧太田川
2901,132.4581036,34.3817305,471.7,地表面,1.14,京橋川,586.2,00,想定区域外,3,3.0～5.0m未満,元安川・太田川・旧太田川
2902,132.4580899,34.382181,430.1,地表面,0.94,京橋川,615.2,01,0.01～0.19m,3,3.0～5.0m未満,元安川・太田川・旧太田川
2903,132.4580763,34.3826314,390.5,地表面,1.14,京橋川,644.1,00,想定区域外,3,3.0～5.0m未満,元安川・太田川・旧太田川
2904,132.4580627,34.3830819,353.6,地表面,1.64,京橋川,674.1,00,想定区域外,3,3.0～5.0m未満,元安川・太田川・旧太田川
2905,132.4580491,34.3835324,320.2,地表面,1.04,元安川,688.8,01,0.01～0.19m,3,3.0～5.0m未満,元安川・太田川・旧太田川
2906,132.4580355,34.3839829,291.5,地表面,1.14,元安川,694.4,00,想定区域外,3,3.0～5.0m未満,元安川・太田川・旧太田川
2907,132.4580218,34.3844333,269.3,地表面,0.84,元安川,702.9,01,0.01～0.19m,3,3.0～5.0m未満,元安川・太田川・旧太田川
2908,132.4580082,34.3848838,255.0,地表面,1.04,元安川,700.4,01,0.01～0.19m,3,3.0～5.0m未満,元安川・太田川・旧太田川
2909,132.4579946,34.3853343,250.0,地表面,1.14,元安川,661.8,01,0.01～0.19m,3,3.0～5.0m未満,元安川・太田川・旧太田川
2910,132.457981,34.3857848,255.0,地表面,1.04,元安川,625.0,01,0.01～0.19m,3,3.0～5.0m未満,元安川・太田川・旧太田川
2911,132.4579673,34.3862352,269.3,地表面,0.94,元安川,589.8,01,0.01～0.19m,3,3.0～5.0m未満,元安川・太田川・旧太田川
2912,132.4579537,34.3866857,291.5,地表面,1.64,元安川,556.1,00,想定区域外,3,3.0～5.0m未満,元安川・太田川・旧太田川
2913,132.4579401,34.3871362,320.2,地表面,1.74,元安川,523.6,00,想定区域外,3,3.0～5.0m未満,元安川・太田川・旧太田川
2914,132.4579265,34.3875866,353.6,地表面,1.14,元安川,493.7,02,0.20～0.49m,3,3.0～5.0m未満,元安川・太田川・旧太田川
2915,132.4579128,34.3880371,390.5,地表面,1.04,元安川,464.3,02,0.20～0.49m,3,3.0～5.0m未満,元安川・太田川・旧太田川
2916,132.4578992,34.3884876,430.1,地表面,1.04,元安川,436.3,00,想定区域外,3,3.0～5.0m未満,元安川・太田川・旧太田川
2917,132.4578856,34.3889381,471.7,地表面,1.34,元安川,412.4,01,0.01～0.19m,3,3.0～5.0m未満,元安川・太田川・旧太田川
2918,132.457872,34.3893885,514.8,地表面,1.64,元安川,390.5,00,想定区域外,3,3.0～5.0m未満,元安川・太田川・旧太田川
2919,132.4578583,34.389839,559.0,地表面,1.84,元安川,372.9,00,想定区域外,3,3.0～5.0m未満,元安川・太田川・旧太田川
2920,132.4578447,34.3902895,604.2,地表面,1.54,元安川,357.2,01,0.01～0.19m,3,3.0～5.0m未満,元安川・太田川・旧太田川
2921,132.4578311,34.3907399,650.0,地表面,1.34,元安川,345.4,02,0.20～0.49m,3,3.0～5.0m未満,元安川・太田川・旧太田川
2922,132.4578175,34.3911904,696.4,地表面,1.74,元安川,334.7,01,0.01～0.19m,3,3.0～5.0m未満,元安川・太田川・旧太田川
2923,132.4578038,34.3916409,743.3,地表面,1.64,元安川,325.9,01,0.01～0.19m,3,3.0～5.0m未満,元安川・太田川・旧太田川
2924,132.4577902,34.3920914,790.6,地表面,1.64,元安川,320.3,01,0.01～0.19m,3,3.0～5.0m未満,元安川・太田川・旧太田川
2925,132.4577766,34.3925418,838.2,地表面,1.44,元安川,317.8,01,0.01～0.19m,3,3.0～5.0m未満,元安川・太田川・旧太田川
2926,132.4577629,34.3929923,886.0,地表面,1.94,元安川,319.8,00,想定区域外,3,3.0～5.0m未満,元安川・太田川・旧太田川
2927,132.4577493,34.3934428,934.1,地表面,2.04,元安川,324.9,00,想定区域外,3,3.0～5.0m未満,元安川・太田川・旧太田川
2928,132.4577357,34.3938933,982.3,地表面,2.54,元安川,333.9,00,想定区域外,3,3.0～5.0m未満,元安川・太田川・旧太田川
2929,132.4577221,34.3943437,1030.8,地表面,2.44,元安川,347.3,00,想定区域外,3,3.0～5.0m未満,元安川・太田川・旧太田川
2930,132.4577084,34.3947942,1079.4,地表面,2.14,元安川,364.4,01,0.01～0.19m,3,3.0～5.0m未満,元安川・太田川・旧太田川
2931,132.4576948,34.3952447,1128.1,地表面,2.44,元安川,385.0,00,想定区域外,3,3.0～5.0m未満,元安川・太田川・旧太田川
2932,132.4576812,34.3956951,1176.9,地表面,1.94,元安川,408.8,01,0.01～0.19m,3,3.0～5.0m未満,元安川・太田川・旧太田川
2933,132.4576675,34.3961456,1225.8,地表面,2.34,元安川,430.1,01,0.01～0.19m,3,3.0～5.0m未満,元安川・太田川・旧太田川
2934,132.4576539,34.3965961,1274.8,地表面,3.44,元安川,449.5,00,想定区域外,3,3.0～5.0m未満,元安川・太田川・旧太田川
2935,132.4576403,34.3970466,1323.8,地表面,3.24,元安川,463.2,00,想定区域外,3,3.0～5.0m未満,元安川・太田川・旧太田川
2936,132.4576266,34.397497,1373.0,地表面,2.94,旧太田川,465.2,00,想定区域外,3,3.0～5.0m未満,元安川・太田川・旧太田川
2937,132.457613,34.3979475,1422.1,地表面,2.94,旧太田川,467.0,00,想定区域外,3,3.0～5.0m未満,元安川・太田川・旧太田川
2938,132.4575994,34.398398,1471.4,地表面,2.74,旧太田川,469.7,00,想定区域外,3,3.0～5.0m未満,元安川・太田川・旧太田川
2939,132.4575857,34.3988484,1520.7,地表面,3.64,旧太田川,472.9,00,想定区域外,3,3.0～5.0m未満,元安川・太田川・旧太田川
2940,132.4575721,34.3992989,1570.0,地表面,3.54,旧太田川,478.5,00,想定区域外,3,3.0～5.0m未満,元安川・太田川・旧太田川
2941,132.4575585,34.3997494,1619.4,地表面,2.64,旧太田川,485.6,02,0.20～0.49m,3,3.0～5.0m未満,元安川・太田川・旧太田川
2942,132.4575448,34.4001999,1668.8,地表面,2.94,旧太田川,494.1,00,想定区域外,3,3.0～5.0m未満,元安川・太田川・旧太田川
2943,132.4575312,34.4006503,1718.3,内水面,1.44,旧太田川,503.1,00,想定区域外,4,5.0～10.0m未満,元安川・太田川・旧太田川
2944,132.4575176,34.4011008,1767.8,内水面,1.44,旧太田川,515.0,00,想定区域外,0,想定区域外,
2945,132.4575039,34.4015513,1817.3,地表面,2.84,旧太田川,528.3,02,0.20～0.49m,3,3.0～5.0m未満,元安川・太田川・旧太田川
2946,132.4574903,34.4020017,1866.8,地表面,2.94,旧太田川,529.6,02,0.20～0.49m,3,3.0～5.0m未満,元安川・太田川・旧太田川
2947,132.4574767,34.4024522,1916.4,地表面,3.24,旧太田川,487.6,01,0.01～0.19m,3,3.0～5.0m未満,元安川・太田川・旧太田川
2948,132.457463,34.4029027,1966.0,地表面,3.44,旧太田川,447.0,00,想定区域外,3,3.0～5.0m未満,元安川・太田川・旧太田川
2949,132.4590689,34.3677771,1972.9,内水面,0.24,京橋川,29.6,00,想定区域外,0,想定区域外,
2950,132.4590553,34.3682276,1923.5,内水面,0.24,京橋川,1.1,00,想定区域外,0,想定区域外,
2951,132.4590417,34.3686781,1874.2,内水面,0.24,京橋川,31.4,00,想定区域外,0,想定区域外,
2952,132.4590281,34.3691285,1824.8,内水面,0.24,京橋川,57.4,00,想定区域外,0,想定区域外,
2953,132.4590145,34.369579,1775.5,地表面,4.64,京橋川,83.3,00,想定区域外,0,想定区域外,
2954,132.4590009,34.3700295,1726.3,地表面,2.54,京橋川,106.3,00,想定区域外,2,0.5～3.0m未満,元安川・太田川・旧太田川
2955,132.4589873,34.37048,1677.1,地表面,2.24,京橋川,129.3,01,0.01～0.19m,2,0.5～3.0m未満,元安川・太田川・旧太田川
2956,132.4589737,34.3709304,1627.9,地表面,2.74,京橋川,145.4,00,想定区域外,2,0.5～3.0m未満,元安川・太田川・旧太田川
2957,132.45896,34.3713809,1578.8,地表面,2.64,京橋川,156.9,00,想定区域外,2,0.5～3.0m未満,元安川・太田川・旧太田川
2958,132.4589464,34.3718314,1529.7,地表面,2.64,京橋川,162.7,01,0.01～0.19m,2,0.5～3.0m未満,元安川・太田川・旧太田川
2959,132.4589328,34.3722818,1480.7,地表面,2.34,京橋川,166.5,01,0.01～0.19m,2,0.5～3.0m未満,元安川・太田川・旧太田川
2960,132.4589192,34.3727323,1431.8,地表面,2.24,京橋川,170.3,01,0.01～0.19m,2,0.5～3.0m未満,元安川・太田川・旧太田川
2961,132.4589056,34.3731828,1382.9,地表面,2.04,京橋川,174.2,01,0.01～0.19m,2,0.5～3.0m未満,元安川・太田川・旧太田川
2962,132.458892,34.3736333,1334.2,地表面,2.34,京橋川,178.0,00,想定区域外,2,0.5～3.0m未満,元安川・太田川・旧太田川
2963,132.4588784,34.3740837,1285.5,地表面,0.84,京橋川,183.6,01,0.01～0.19m,3,3.0～5.0m未満,元安川・太田川・旧太田川
2964,132.4588648,34.3745342,1236.9,地表面,0.74,京橋川,189.4,01,0.01～0.19m,3,3.0～5.0m未満,元安川・太田川・旧太田川
2965,132.4588511,34.3749847,1188.5,地表面,0.54,京橋川,199.0,01,0.01～0.19m,3,3.0～5.0m未満,元安川・太田川・旧太田川
2966,132.4588375,34.3754352,1140.2,地表面,0.34,京橋川,211.5,02,0.20～0.49m,3,3.0～5.0m未満,元安川・太田川・旧太田川
2967,132.4588239,34.3758856,1092.0,地表面,0.54,京橋川,226.6,01,0.01～0.19m,3,3.0～5.0m未満,元安川・太田川・旧太田川
2968,132.4588103,34.3763361,1044.0,地表面,0.34,京橋川,248.4,02,0.20～0.49m,3,3.0～5.0m未満,元安川・太田川・旧太田川
2969,132.4587967,34.3767866,996.2,地表面,0.24,京橋川,270.3,02,0.20～0.49m,3,3.0～5.0m未満,元安川・太田川・旧太田川
2970,132.4587831,34.3772371,948.7,地表面,0.34,京橋川,292.3,02,0.20～0.49m,3,3.0～5.0m未満,元安川・太田川・旧太田川
2971,132.4587695,34.3776875,901.4,地表面,0.54,京橋川,314.2,01,0.01～0.19m,3,3.0～5.0m未満,元安川・太田川・旧太田川
2972,132.4587558,34.378138,854.4,地表面,0.54,京橋川,336.2,01,0.01～0.19m,3,3.0～5.0m未満,元安川・太田川・旧太田川
2973,132.4587422,34.3785885,807.8,地表面,0.74,京橋川,358.4,01,0.01～0.19m,3,3.0～5.0m未満,元安川・太田川・旧太田川
2974,132.4587286,34.379039,761.6,地表面,0.64,京橋川,383.6,01,0.01～0.19m,3,3.0～5.0m未満,元安川・太田川・旧太田川
2975,132.458715,34.3794894,715.9,地表面,0.74,京橋川,409.0,01,0.01～0.19m,3,3.0～5.0m未満,元安川・太田川・旧太田川
2976,132.4587014,34.3799399,670.8,地表面,0.54,京橋川,434.3,01,0.01～0.19m,3,3.0～5.0m未満,元安川・太田川・旧太田川
2977,132.4586878,34.3803904,626.5,地表面,1.54,京橋川,459.8,01,0.01～0.19m,3,3.0～5.0m未満,元安川・太田川・旧太田川
2978,132.4586741,34.3808408,583.1,地表面,1.44,京橋川,487.5,00,想定区域外,3,3.0～5.0m未満,元安川・太田川・旧太田川
2979,132.4586605,34.3812913,540.8,地表面,1.24,京橋川,516.5,01,0.01～0.19m,3,3.0～5.0m未満,元安川・太田川・旧太田川
2980,132.4586469,34.3817418,500.0,地表面,1.14,京橋川,545.4,00,想定区域外,3,3.0～5.0m未満,元安川・太田川・旧太田川
2981,132.4586333,34.3821923,461.0,地表面,1.04,京橋川,574.4,01,0.01～0.19m,3,3.0～5.0m未満,元安川・太田川・旧太田川
2982,132.4586197,34.3826427,424.3,地表面,1.04,京橋川,603.9,01,0.01～0.19m,3,3.0～5.0m未満,元安川・太田川・旧太田川
2983,132.458606,34.3830932,390.5,地表面,1.24,京橋川,635.8,00,想定区域外,3,3.0～5.0m未満,元安川・太田川・旧太田川
2984,132.4585924,34.3835437,360.6,地表面,1.24,京橋川,668.8,01,0.01～0.19m,3,3.0～5.0m未満,元安川・太田川・旧太田川
2985,132.4585788,34.3839942,335.4,地表面,1.34,京橋川,701.7,00,想定区域外,3,3.0～5.0m未満,元安川・太田川・旧太田川
2986,132.4585652,34.3844446,316.2,地表面,1.54,京橋川,734.7,00,想定区域外,3,3.0～5.0m未満,元安川・太田川・旧太田川
2987,132.4585516,34.3848951,304.1,地表面,1.14,元安川,732.4,01,0.01～0.19m,3,3.0～5.0m未満,元安川・太田川・旧太田川
2988,132.4585379,34.3853456,300.0,地表面,1.04,元安川,695.7,01,0.01～0.19m,3,3.0～5.0m未満,元安川・太田川・旧太田川
2989,132.4585243,34.385796,304.1,地表面,0.84,元安川,660.5,00,想定区域外,3,3.0～5.0m未満,元安川・太田川・旧太田川
2990,132.4585107,34.3862465,316.2,地表面,1.04,元安川,626.7,01,0.01～0.19m,3,3.0～5.0m未満,元安川・太田川・旧太田川
2991,132.4584971,34.386697,335.4,地表面,0.84,元安川,593.9,02,0.20～0.49m,3,3.0～5.0m未満,元安川・太田川・旧太田川
2992,132.4584835,34.3871475,360.6,地表面,1.14,元安川,563.5,02,0.20～0.49m,3,3.0～5.0m未満,元安川・太田川・旧太田川
2993,132.4584698,34.3875979,390.5,地表面,0.94,元安川,534.2,02,0.20～0.49m,3,3.0～5.0m未満,元安川・太田川・旧太田川
2994,132.4584562,34.3880484,424.3,地表面,1.04,元安川,505.3,02,0.20～0.49m,3,3.0～5.0m未満,元安川・太田川・旧太田川
2995,132.4584426,34.3884989,461.0,地表面,1.64,元安川,479.7,01,0.01～0.19m,3,3.0～5.0m未満,元安川・太田川・旧太田川
2996,132.458429,34.3889494,500.0,地表面,1.54,元安川,457.2,01,0.01～0.19m,3,3.0～5.0m未満,元安川・太田川・旧太田川
2997,132.4584154,34.3893998,540.8,地表面,1.74,元安川,436.7,00,想定区域外,3,3.0～5.0m未満,元安川・太田川・旧太田川
2998,132.4584017,34.3898503,583.1,地表面,1.74,元安川,420.3,00,想定区域外,3,3.0～5.0m未満,元安川・太田川・旧太田川
2999,132.4583881,34.3903008,626.5,地表面,1.34,元安川,405.4,01,0.01～0.19m,3,3.0～5.0m未満,元安川・太田川・旧太田川
3000,132.4583745,34.3907512,670.8,地表面,1.74,元安川,394.2,02,0.20～0.49m,3,3.0～5.0m未満,元安川・太田川・旧太田川
3001,132.4583609,34.3912017,715.9,地表面,1.44,元安川,383.9,01,0.01～0.19m,3,3.0～5.0m未満,元安川・太田川・旧太田川
3002,132.4583472,34.3916522,761.6,地表面,1.44,元安川,375.5,02,0.20～0.49m,3,3.0～5.0m未満,元安川・太田川・旧太田川
3003,132.4583336,34.3921027,807.8,地表面,1.24,元安川,370.2,02,0.20～0.49m,3,3.0～5.0m未満,元安川・太田川・旧太田川
3004,132.45832,34.3925531,854.4,地表面,1.44,元安川,367.8,01,0.01～0.19m,3,3.0～5.0m未満,元安川・太田川・旧太田川
3005,132.4583064,34.3930036,901.4,地表面,1.64,元安川,369.7,00,想定区域外,3,3.0～5.0m未満,元安川・太田川・旧太田川
3006,132.4582927,34.3934541,948.7,地表面,2.04,元安川,374.6,00,想定区域外,3,3.0～5.0m未満,元安川・太田川・旧太田川
3007,132.4582791,34.3939045,996.2,地表面,2.14,元安川,382.8,00,想定区域外,3,3.0～5.0m未満,元安川・太田川・旧太田川
3008,132.4582655,34.394355,1044.0,地表面,2.34,元安川,394.9,00,想定区域外,3,3.0～5.0m未満,元安川・太田川・旧太田川
3009,132.4582518,34.3948055,1092.0,地表面,1.94,元安川,410.9,01,0.01～0.19m,3,3.0～5.0m未満,元安川・太田川・旧太田川
3010,132.4582382,34.395256,1140.2,地表面,2.04,元安川,430.3,01,0.01～0.19m,3,3.0～5.0m未満,元安川・太田川・旧太田川
3011,132.4582246,34.3957064,1188.5,地表面,2.44,元安川,452.3,01,0.01～0.19m,3,3.0～5.0m未満,元安川・太田川・旧太田川
3012,132.458211,34.3961569,1236.9,地表面,2.14,元安川,475.7,01,0.01～0.19m,4,5.0～10.0m未満,元安川・太田川・旧太田川
3013,132.4581973,34.3966074,1285.5,地表面,2.24,元安川,496.2,01,0.01～0.19m,3,3.0～5.0m未満,元安川・太田川・旧太田川
3014,132.4581837,34.3970579,1334.2,地表面,2.24,元安川,511.3,01,0.01～0.19m,3,3.0～5.0m未満,元安川・太田川・旧太田川
3015,132.4581701,34.3975083,1382.9,地表面,2.54,旧太田川,515.2,00,想定区域外,3,3.0～5.0m未満,元安川・太田川・旧太田川
3016,132.4581565,34.3979588,1431.8,地表面,3.64,旧太田川,516.9,00,想定区域外,3,3.0～5.0m未満,元安川・太田川・旧太田川
3017,132.4581428,34.3984093,1480.7,地表面,3.24,旧太田川,519.7,00,想定区域外,3,3.0～5.0m未満,元安川・太田川・旧太田川
3018,132.4581292,34.3988597,1529.7,地表面,3.54,旧太田川,522.8,00,想定区域外,3,3.0～5.0m未満,元安川・太田川・旧太田川
3019,132.4581156,34.3993102,1578.8,地表面,3.44,旧太田川,528.0,00,想定区域外,3,3.0～5.0m未満,元安川・太田川・旧太田川
3020,132.4581019,34.3997607,1627.9,地表面,3.14,旧太田川,535.1,01,0.01～0.19m,3,3.0～5.0m未満,元安川・太田川・旧太田川
3021,132.4580883,34.4002112,1677.1,地表面,2.84,旧太田川,543.4,01,0.01～0.19m,3,3.0～5.0m未満,元安川・太田川・旧太田川
3022,132.4580747,34.4006616,1726.3,内水面,1.44,旧太田川,552.1,00,想定区域外,0,想定区域外,
3023,132.458061,34.4011121,1775.5,内水面,1.44,旧太田川,563.5,00,想定区域外,0,想定区域外,
3024,132.4580474,34.4015626,1824.8,内水面,1.44,旧太田川,576.1,00,想定区域外,0,想定区域外,
3025,132.4580338,34.402013,1874.2,内水面,1.44,旧太田川,557.2,00,想定区域外,0,想定区域外,
3026,132.4580201,34.4024635,1923.5,内水面,1.44,旧太田川,517.2,00,想定区域外,4,5.0～10.0m未満,元安川・太田川・旧太田川
3027,132.4580065,34.402914,1972.9,地表面,3.04,旧太田川,478.8,02,0.20～0.49m,3,3.0～5.0m未満,元安川・太田川・旧太田川
3028,132.4596122,34.3677884,1981.2,地表面,1.94,京橋川,69.1,00,想定区域外,0,想定区域外,
3029,132.4595986,34.3682389,1932.0,内水面,0.24,京橋川,38.4,00,想定区域外,0,想定区域外,
3030,132.459585,34.3686893,1882.8,内水面,0.24,京橋川,11.3,00,想定区域外,0,想定区域外,
3031,132.4595714,34.3691398,1833.7,内水面,0.24,京橋川,14.6,00,想定区域外,0,想定区域外,
3032,132.4595578,34.3695903,1784.7,内水面,0.24,京橋川,39.0,00,想定区域外,0,想定区域外,
3033,132.4595441,34.3700408,1735.7,内水面,0.24,京橋川,61.9,00,想定区域外,0,想定区域外,
3034,132.4595305,34.3704912,1686.7,地表面,3.14,京橋川,82.0,00,想定区域外,2,0.5～3.0m未満,元安川・太田川・旧太田川
3035,132.4595169,34.3709417,1637.8,地表面,3.44,京橋川,98.0,00,想定区域外,2,0.5～3.0m未満,元安川・太田川・旧太田川
3036,132.4595033,34.3713922,1589.0,地表面,2.74,京橋川,107.3,00,想定区域外,2,0.5～3.0m未満,元安川・太田川・旧太田川
3037,132.4594897,34.3718427,1540.3,地表面,2.64,京橋川,112.8,00,想定区域外,2,0.5～3.0m未満,元安川・太田川・旧太田川
3038,132.4594761,34.3722931,1491.6,地表面,2.34,京橋川,116.6,00,想定区域外,2,0.5～3.0m未満,元安川・太田川・旧太田川
3039,132.4594625,34.3727436,1443.1,地表面,2.34,京橋川,120.5,00,想定区域外,2,0.5～3.0m未満,元安川・太田川・旧太田川
3040,132.4594489,34.3731941,1394.6,地表面,2.44,京橋川,124.3,00,想定区域外,2,0.5～3.0m未満,元安川・太田川・旧太田川
3041,132.4594353,34.3736446,1346.3,地表面,2.34,京橋川,128.2,00,想定区域外,2,0.5～3.0m未満,元安川・太田川・旧太田川
3042,132.4594217,34.374095,1298.1,地表面,2.14,京橋川,133.9,01,0.01～0.19m,2,0.5～3.0m未満,元安川・太田川・旧太田川
3043,132.4594081,34.3745455,1250.0,地表面,1.74,京橋川,139.7,01,0.01～0.19m,2,0.5～3.0m未満,元安川・太田川・旧太田川
3044,132.4593944,34.374996,1202.1,地表面,1.74,京橋川,150.6,00,想定区域外,2,0.5～3.0m未満,元安川・太田川・旧太田川
3045,132.4593808,34.3754465,1154.3,地表面,1.24,京橋川,163.0,00,想定区域外,3,3.0～5.0m未満,元安川・太田川・旧太田川
3046,132.4593672,34.3758969,1106.8,地表面,0.54,京橋川,181.5,00,想定区域外,3,3.0～5.0m未満,元安川・太田川・旧太田川
3047,132.4593536,34.3763474,1059.5,地表面,0.84,京橋川,203.4,00,想定区域外,3,3.0～5.0m未満,元安川・太田川・旧太田川
3048,132.45934,34.3767979,1012.4,地表面,0.54,京橋川,225.4,01,0.01～0.19m,3,3.0～5.0m未満,元安川・太田川・旧太田川
3049,132.4593264,34.3772483,965.7,地表面,0.64,京橋川,247.4,01,0.01～0.19m,3,3.0～5.0m未満,元安川・太田川・旧太田川
3050,132.4593128,34.3776988,919.2,地表面,0.64,京橋川,269.3,01,0.01～0.19m,3,3.0～5.0m未満,元安川・太田川・旧太田川
3051,132.4592992,34.3781493,873.2,地表面,0.64,京橋川,291.3,01,0.01～0.19m,3,3.0～5.0m未満,元安川・太田川・旧太田川
3052,132.4592855,34.3785998,827.6,地表面,0.84,京橋川,315.1,00,想定区域外,3,3.0～5.0m未満,元安川・太田川・旧太田川
3053,132.4592719,34.3790502,782.6,地表面,0.54,京橋川,340.5,01,0.01～0.19m,3,3.0～5.0m未満,元安川・太田川・旧太田川
3054,132.4592583,34.3795007,738.2,地表面,1.84,京橋川,365.9,00,想定区域外,3,3.0～5.0m未満,元安川・太田川・旧太田川
3055,132.4592447,34.3799512,694.6,地表面,0.94,京橋川,391.3,00,想定区域外,3,3.0～5.0m未満,元安川・太田川・旧太田川
3056,132.4592311,34.3804017,651.9,地表面,0.94,京橋川,417.8,01,0.01～0.19m,3,3.0～5.0m未満,元安川・太田川・旧太田川
3057,132.4592175,34.3808521,610.3,地表面,1.64,京橋川,446.8,00,想定区域外,3,3.0～5.0m未満,元安川・太田川・旧太田川
3058,132.4592039,34.3813026,570.1,地表面,1.34,京橋川,475.7,00,想定区域外,3,3.0～5.0m未満,元安川・太田川・旧太田川
3059,132.4591902,34.3817531,531.5,地表面,1.34,京橋川,504.7,01,0.01～0.19m,3,3.0～5.0m未満,元安川・太田川・旧太田川
3060,132.4591766,34.3822036,495.0,地表面,1.44,京橋川,533.8,00,想定区域外,3,3.0～5.0m未満,元安川・太田川・旧太田川
3061,132.459163,34.382654,461.0,地表面,1.54,京橋川,565.2,00,想定区域外,3,3.0～5.0m未満,元安川・太田川・旧太田川
3062,132.4591494,34.3831045,430.1,地表面,1.24,京橋川,598.2,01,0.01～0.19m,3,3.0～5.0m未満,元安川・太田川・旧太田川
3063,132.4591358,34.383555,403.1,地表面,1.04,京橋川,631.2,01,0.01～0.19m,3,3.0～5.0m未満,元安川・太田川・旧太田川
3064,132.4591222,34.3840054,380.8,地表面,1.94,京橋川,664.1,00,想定区域外,3,3.0～5.0m未満,元安川・太田川・旧太田川
3065,132.4591085,34.3844559,364.0,地表面,1.74,京橋川,697.1,00,想定区域外,3,3.0～5.0m未満,元安川・太田川・旧太田川
3066,132.4590949,34.3849064,353.6,地表面,1.44,京橋川,730.0,00,想定区域外,3,3.0～5.0m未満,元安川・太田川・旧太田川
3067,132.4590813,34.3853569,350.0,地表面,1.64,元安川,731.2,00,想定区域外,3,3.0～5.0m未満,元安川・太田川・旧太田川
3068,132.4590677,34.3858073,353.6,地表面,1.04,元安川,697.3,01,0.01～0.19m,3,3.0～5.0m未満,元安川・太田川・旧太田川
3069,132.4590541,34.3862578,364.0,地表面,1.54,元安川,664.3,00,想定区域外,3,3.0～5.0m未満,元安川・太田川・旧太田川
3070,132.4590405,34.3867083,380.8,地表面,1.74,元安川,633.4,00,想定区域外,3,3.0～5.0m未満,元安川・太田川・旧太田川
3071,132.4590268,34.3871588,403.1,地表面,1.34,元安川,604.0,00,想定区域外,3,3.0～5.0m未満,元安川・太田川・旧太田川
3072,132.4590132,34.3876092,430.1,地表面,0.84,元安川,574.8,02,0.20～0.49m,3,3.0～5.0m未満,元安川・太田川・旧太田川
3073,132.4589996,34.3880597,461.0,地表面,0.64,元安川,547.8,02,0.20～0.49m,3,3.0～5.0m未満,元安川・太田川・旧太田川
3074,132.458986,34.3885102,495.0,地表面,0.94,元安川,524.2,01,0.01～0.19m,3,3.0～5.0m未満,元安川・太田川・旧太田川
3075,132.4589724,34.3889606,531.5,地表面,1.54,元安川,502.2,01,0.01～0.19m,3,3.0～5.0m未満,元安川・太田川・旧太田川
3076,132.4589587,34.3894111,570.1,地表面,1.44,元安川,483.6,01,0.01～0.19m,3,3.0～5.0m未満,元安川・太田川・旧太田川
3077,132.4589451,34.3898616,610.3,地表面,1.24,元安川,467.7,01,0.01～0.19m,3,3.0～5.0m未満,元安川・太田川・旧太田川
3078,132.4589315,34.3903121,651.9,地表面,1.54,元安川,454.0,00,想定区域外,3,3.0～5.0m未満,元安川・太田川・旧太田川
3079,132.4589179,34.3907625,694.6,地表面,1.24,元安川,443.0,01,0.01～0.19m,3,3.0～5.0m未満,元安川・太田川・旧太田川
3080,132.4589043,34.391213,738.2,地表面,1.54,元安川,433.0,01,0.01～0.19m,3,3.0～5.0m未満,元安川・太田川・旧太田川
3081,132.4588906,34.3916635,782.6,地表面,1.64,元安川,425.2,01,0.01～0.19m,3,3.0～5.0m未満,元安川・太田川・旧太田川
3082,132.458877,34.392114,827.6,地表面,1.64,元安川,420.2,01,0.01～0.19m,3,3.0～5.0m未満,元安川・太田川・旧太田川
3083,132.4588634,34.3925644,873.2,地表面,1.64,元安川,417.8,01,0.01～0.19m,3,3.0～5.0m未満,元安川・太田川・旧太田川
3084,132.4588498,34.3930149,919.2,地表面,1.74,元安川,419.6,01,0.01～0.19m,3,3.0～5.0m未満,元安川・太田川・旧太田川
3085,132.4588361,34.3934654,965.7,地表面,1.84,元安川,424.2,01,0.01～0.19m,3,3.0～5.0m未満,元安川・太田川・旧太田川
3086,132.4588225,34.3939158,1012.4,地表面,1.74,元安川,431.8,01,0.01～0.19m,3,3.0～5.0m未満,元安川・太田川・旧太田川
3087,132.4588089,34.3943663,1059.5,地表面,1.64,元安川,442.9,02,0.20～0.49m,3,3.0～5.0m未満,元安川・太田川・旧太田川
3088,132.4587953,34.3948168,1106.8,地表面,1.94,元安川,458.1,01,0.01～0.19m,3,3.0～5.0m未満,元安川・太田川・旧太田川
3089,132.4587816,34.3952673,1154.3,地表面,2.44,元安川,476.0,01,0.01～0.19m,3,3.0～5.0m未満,元安川・太田川・旧太田川
3090,132.458768,34.3957177,1202.1,地表面,2.84,元安川,496.8,00,想定区域外,3,3.0～5.0m未満,元安川・太田川・旧太田川
3091,132.4587544,34.3961682,1250.0,地表面,2.74,元安川,520.4,00,想定区域外,3,3.0～5.0m未満,元安川・太田川・旧太田川
3092,132.4587408,34.3966187,1298.1,地表面,2.54,元安川,541.8,00,想定区域外,3,3.0～5.0m未満,元安川・太田川・旧太田川
3093,132.4587271,34.3970691,1346.3,地表面,2.64,元安川,559.4,00,想定区域外,3,3.0～5.0m未満,元安川・太田川・旧太田川
3094,132.4587135,34.3975196,1394.6,地表面,2.24,旧太田川,565.2,02,0.20～0.49m,3,3.0～5.0m未満,元安川・太田川・旧太田川
3095,132.4586999,34.3979701,1443.1,地表面,2.44,旧太田川,566.8,01,0.01～0.19m,3,3.0～5.0m未満,元安川・太田川・旧太田川
3096,132.4586863,34.3984206,1491.6,地表面,2.44,旧太田川,569.7,01,0.01～0.19m,3,3.0～5.0m未満,元安川・太田川・旧太田川
3097,132.4586726,34.398871,1540.3,地表面,3.24,旧太田川,572.7,00,想定区域外,3,3.0～5.0m未満,元安川・太田川・旧太田川
3098,132.458659,34.3993215,1589.0,地表面,2.64,旧太田川,577.5,01,0.01～0.19m,3,3.0～5.0m未満,元安川・太田川・旧太田川
3099,132.4586454,34.399772,1637.8,内水面,1.44,旧太田川,584.6,00,想定区域外,0,想定区域外,
3100,132.4586318,34.4002225,1686.7,地表面,2.84,旧太田川,592.6,01,0.01～0.19m,3,3.0～5.0m未満,元安川・太田川・旧太田川
3101,132.4586181,34.4006729,1735.7,内水面,1.44,旧太田川,601.3,00,想定区域外,0,想定区域外,
3102,132.4586045,34.4011234,1784.7,地表面,5.14,旧太田川,611.9,00,想定区域外,2,0.5～3.0m未満,元安川・太田川・旧太田川
3103,132.4585909,34.4015739,1833.7,地表面,4.44,旧太田川,624.3,00,想定区域外,2,0.5～3.0m未満,元安川・太田川・旧太田川
3104,132.4585772,34.4020243,1882.8,内水面,1.44,旧太田川,587.6,00,想定区域外,0,想定区域外,
3105,132.4585636,34.4024748,1932.0,内水面,1.44,旧太田川,549.2,00,想定区域外,0,想定区域外,
3106,132.45855,34.4029253,1981.2,内水面,1.44,旧太田川,510.8,00,想定区域外,0,想定区域外,
3107,132.4601554,34.3677997,1990.6,地表面,1.84,京橋川,108.6,00,想定区域外,2,0.5～3.0m未満,元安川
3108,132.4601418,34.3682501,1941.6,地表面,4.34,京橋川,80.0,00,想定区域外,0,想定区域外,
3109,132.4601282,34.3687006,1892.7,内水面,0.24,京橋川,54.1,00,想定区域外,0,想定区域外,
3110,132.4601146,34.3691511,1843.9,内水面,0.24,京橋川,28.4,00,想定区域外,0,想定区域外,
3111,132.460101,34.3696016,1795.1,内水面,0.24,京橋川,5.4,00,想定区域外,0,想定区域外,
3112,132.4600874,34.370052,1746.4,内水面,0.24,京橋川,17.5,00,想定区域外,0,想定区域外,
3113,132.4600738,34.3705025,1697.8,内水面,0.34,京橋川,34.6,00,想定区域外,0,想定区域外,
3114,132.4600602,34.370953,1649.2,内水面,0.24,京橋川,50.6,00,想定区域外,0,想定区域外,
3115,132.4600466,34.3714035,1600.8,内水面,0.24,京橋川,57.7,00,想定区域外,0,想定区域外,
3116,132.460033,34.3718539,1552.4,内水面,0.24,京橋川,63.0,00,想定区域外,0,想定区域外,
3117,132.4600194,34.3723044,1504.2,内水面,0.24,京橋川,66.8,00,想定区域外,0,想定区域外,
3118,132.4600058,34.3727549,1456.0,内水面,0.24,京橋川,70.6,00,想定区域外,0,想定区域外,
3119,132.4599922,34.3732054,1408.0,地表面,4.14,京橋川,74.5,00,想定区域外,0,想定区域外,
3120,132.4599786,34.3736558,1360.1,地表面,4.04,京橋川,78.5,00,想定区域外,0,想定区域外,
3121,132.459965,34.3741063,1312.4,地表面,2.04,京橋川,84.3,00,想定区域外,2,0.5～3.0m未満,元安川・太田川・旧太田川
3122,132.4599513,34.3745568,1264.9,地表面,2.24,京橋川,90.1,00,想定区域外,2,0.5～3.0m未満,元安川・太田川・旧太田川
3123,132.4599377,34.3750073,1217.6,地表面,3.44,京橋川,102.2,00,想定区域外,0,想定区域外,
3124,132.4599241,34.3754577,1170.5,地表面,1.94,京橋川,115.2,00,想定区域外,2,0.5～3.0m未満,元安川・太田川・旧太田川
3125,132.4599105,34.3759082,1123.6,地表面,1.14,京橋川,136.6,01,0.01～0.19m,3,3.0～5.0m未満,元安川・太田川・旧太田川
3126,132.4598969,34.3763587,1077.0,地表面,0.84,京橋川,158.5,01,0.01～0.19m,3,3.0～5.0m未満,元安川・太田川・旧太田川
3127,132.4598833,34.3768092,1030.8,地表面,0.54,京橋川,180.5,01,0.01～0.19m,3,3.0～5.0m未満,元安川・太田川・旧太田川
3128,132.4598697,34.3772596,984.9,地表面,1.34,京橋川,202.4,00,想定区域外,3,3.0～5.0m未満,元安川・太田川・旧太田川
3129,132.4598561,34.3777101,939.4,地表面,1.14,京橋川,224.4,00,想定区域外,3,3.0～5.0m未満,元安川・太田川・旧太田川
3130,132.4598425,34.3781606,894.4,地表面,0.64,京橋川,246.7,01,0.01～0.19m,3,3.0～5.0m未満,元安川・太田川・旧太田川
3131,132.4598289,34.3786111,850.0,地表面,0.94,京橋川,272.0,00,想定区域外,3,3.0～5.0m未満,元安川・太田川・旧太田川
3132,132.4598153,34.3790615,806.2,地表面,0.74,京橋川,297.4,01,0.01～0.19m,3,3.0～5.0m未満,元安川・太田川・旧太田川
3133,132.4598016,34.379512,763.2,地表面,1.04,京橋川,322.8,00,想定区域外,3,3.0～5.0m未満,元安川・太田川・旧太田川
3134,132.459788,34.3799625,721.1,地表面,1.04,京橋川,348.5,00,想定区域外,3,3.0～5.0m未満,元安川・太田川・旧太田川
3135,132.4597744,34.3804129,680.1,地表面,1.14,京橋川,377.1,01,0.01～0.19m,3,3.0～5.0m未満,元安川・太田川・旧太田川
3136,132.4597608,34.3808634,640.3,地表面,1.34,京橋川,406.0,00,想定区域外,3,3.0～5.0m未満,元安川・太田川・旧太田川
3137,132.4597472,34.3813139,602.1,地表面,1.44,京橋川,435.0,00,想定区域外,3,3.0～5.0m未満,元安川・太田川・旧太田川
3138,132.4597336,34.3817644,565.7,地表面,1.34,京橋川,463.9,00,想定区域外,3,3.0～5.0m未満,元安川・太田川・旧太田川
3139,132.45972,34.3822148,531.5,地表面,1.24,京橋川,494.7,00,想定区域外,3,3.0～5.0m未満,元安川・太田川・旧太田川
3140,132.4597064,34.3826653,500.0,地表面,1.04,京橋川,527.6,02,0.20～0.49m,3,3.0～5.0m未満,元安川・太田川・旧太田川
3141,132.4596927,34.3831158,471.7,地表面,1.24,京橋川,560.6,00,想定区域外,3,3.0～5.0m未満,元安川・太田川・旧太田川
3142,132.4596791,34.3835663,447.2,地表面,1.44,京橋川,593.6,00,想定区域外,3,3.0～5.0m未満,元安川・太田川・旧太田川
3143,132.4596655,34.3840167,427.2,地表面,1.34,京橋川,626.5,00,想定区域外,3,3.0～5.0m未満,元安川・太田川・旧太田川
3144,132.4596519,34.3844672,412.3,地表面,1.64,京橋川,659.5,01,0.01～0.19m,3,3.0～5.0m未満,元安川・太田川・旧太田川
3145,132.4596383,34.3849177,403.1,地表面,1.74,京橋川,692.4,00,想定区域外,3,3.0～5.0m未満,元安川・太田川・旧太田川
3146,132.4596247,34.3853682,400.0,地表面,1.34,京橋川,725.4,01,0.01～0.19m,3,3.0～5.0m未満,元安川・太田川・旧太田川
3147,132.4596111,34.3858186,403.1,地表面,1.24,元安川,734.7,00,想定区域外,3,3.0～5.0m未満,元安川・太田川・旧太田川
3148,132.4595974,34.3862691,412.3,地表面,1.14,元安川,703.4,00,想定区域外,3,3.0～5.0m未満,元安川・太田川・旧太田川
3149,132.4595838,34.3867196,427.2,地表面,1.24,元安川,673.8,00,想定区域外,3,3.0～5.0m未満,元安川・太田川・旧太田川
3150,132.4595702,34.38717,447.2,地表面,1.54,元安川,644.5,00,想定区域外,3,3.0～5.0m未満,元安川・太田川・旧太田川
3151,132.4595566,34.3876205,471.7,地表面,1.44,元安川,616.5,00,想定区域外,3,3.0～5.0m未満,元安川・太田川・旧太田川
3152,132.459543,34.388071,500.0,地表面,1.44,元安川,591.4,00,想定区域外,3,3.0～5.0m未満,元安川・太田川・旧太田川
3153,132.4595294,34.3885215,531.5,地表面,1.54,元安川,569.0,00,想定区域外,3,3.0～5.0m未満,元安川・太田川・旧太田川
3154,132.4595157,34.3889719,565.7,地表面,1.64,元安川,548.1,00,想定区域外,3,3.0～5.0m未満,元安川・太田川・旧太田川
3155,132.4595021,34.3894224,602.1,地表面,1.34,元安川,531.0,00,想定区域外,3,3.0～5.0m未満,元安川・太田川・旧太田川
3156,132.4594885,34.3898729,640.3,地表面,1.64,元安川,515.3,01,0.01～0.19m,3,3.0～5.0m未満,元安川・太田川・旧太田川
3157,132.4594749,34.3903234,680.1,地表面,1.84,元安川,502.7,00,想定区域外,3,3.0～5.0m未満,元安川・太田川・旧太田川
3158,132.4594613,34.3907738,721.1,地表面,1.74,元安川,491.8,01,0.01～0.19m,3,3.0～5.0m未満,元安川・太田川・旧太田川
3159,132.4594477,34.3912243,763.2,地表面,1.44,元安川,482.2,01,0.01～0.19m,3,3.0～5.0m未満,元安川・太田川・旧太田川
3160,132.459434,34.3916748,806.2,地表面,1.64,元安川,474.9,01,0.01～0.19m,3,3.0～5.0m未満,元安川・太田川・旧太田川
3161,132.4594204,34.3921252,850.0,地表面,1.54,元安川,470.1,01,0.01～0.19m,3,3.0～5.0m未満,元安川・太田川・旧太田川
3162,132.4594068,34.3925757,894.4,地表面,1.94,元安川,467.8,01,0.01～0.19m,3,3.0～5.0m未満,元安川・太田川・旧太田川
3163,132.4593932,34.3930262,939.4,地表面,2.24,元安川,469.5,00,想定区域外,3,3.0～5.0m未満,元安川・太田川・旧太田川
3164,132.4593796,34.3934767,984.9,地表面,2.24,元安川,473.8,01,0.01～0.19m,3,3.0～5.0m未満,元安川・太田川・旧太田川
3165,132.4593659,34.3939271,1030.8,地表面,2.14,元安川,480.8,00,想定区域外,3,3.0～5.0m未満,元安川・太田川・旧太田川
3166,132.4593523,34.3943776,1077.0,地表面,1.94,元安川,491.3,01,0.01～0.19m,3,3.0～5.0m未満,元安川・太田川・旧太田川
3167,132.4593387,34.3948281,1123.6,地表面,1.94,元安川,505.5,01,0.01～0.19m,3,3.0～5.0m未満,元安川・太田川・旧太田川
3168,132.4593251,34.3952786,1170.5,地表面,1.74,元安川,522.1,01,0.01～0.19m,3,3.0～5.0m未満,元安川・太田川・旧太田川
3169,132.4593115,34.395729,1217.6,地表面,2.64,元安川,542.0,00,想定区域外,3,3.0～5.0m未満,元安川・太田川・旧太田川
3170,132.4592978,34.3961795,1264.9,地表面,3.04,元安川,564.0,00,想定区域外,3,3.0～5.0m未満,元安川・太田川・旧太田川
3171,132.4592842,34.39663,1312.4,地表面,4.04,元安川,587.4,00,想定区域外,2,0.5～3.0m未満,元安川・太田川・旧太田川
3172,132.4592706,34.3970804,1360.1,地表面,2.64,元安川,607.4,00,想定区域外,3,3.0～5.0m未満,元安川・太田川・旧太田川
3173,132.459257,34.3975309,1408.0,地表面,2.64,旧太田川,615.2,01,0.01～0.19m,3,3.0～5.0m未満,元安川・太田川・旧太田川
3174,132.4592433,34.3979814,1456.0,地表面,3.04,旧太田川,616.7,00,想定区域外,3,3.0～5.0m未満,元安川・太田川・旧太田川
3175,132.4592297,34.3984319,1504.2,地表面,2.54,旧太田川,619.6,00,想定区域外,3,3.0～5.0m未満,元安川・太田川・旧太田川
3176,132.4592161,34.3988823,1552.4,地表面,2.74,旧太田川,622.6,01,0.01～0.19m,3,3.0～5.0m未満,元安川・太田川・旧太田川
3177,132.4592025,34.3993328,1600.8,地表面,2.54,旧太田川,627.0,02,0.20～0.49m,3,3.0～5.0m未満,元安川・太田川・旧太田川
3178,132.4591888,34.3997833,1649.2,地表面,1.84,旧太田川,634.1,00,想定区域外,2,0.5～3.0m未満,元安川・太田川・旧太田川
3179,132.4591752,34.4002337,1697.8,地表面,3.04,旧太田川,641.9,00,想定区域外,3,3.0～5.0m未満,元安川・太田川・旧太田川
3180,132.4591616,34.4006842,1746.4,地表面,4.04,旧太田川,650.5,00,想定区域外,2,0.5～3.0m未満,元安川・太田川・旧太田川
3181,132.459148,34.4011347,1795.1,地表面,4.34,旧太田川,660.4,00,想定区域外,2,0.5～3.0m未満,元安川・太田川・旧太田川
3182,132.4591343,34.4015852,1843.9,地表面,7.34,旧太田川,658.0,00,想定区域外,0,想定区域外,
3183,132.4591207,34.4020356,1892.7,地表面,7.54,旧太田川,619.6,00,想定区域外,0,想定区域外,
3184,132.4591071,34.4024861,1941.6,地表面,9.74,旧太田川,581.3,00,想定区域外,0,想定区域外,
3185,132.4590935,34.4029366,1990.6,地表面,3.74,旧太田川,542.7,00,想定区域外,3,3.0～5.0m未満,元安川・太田川・旧太田川
3186,132.4606851,34.3682614,1952.6,地表面,2.34,京橋川,122.8,00,想定区域外,2,0.5～3.0m未満,元安川
3187,132.4606715,34.3687119,1903.9,地表面,2.14,京橋川,96.8,00,想定区域外,0,想定区域外,
3188,132.4606579,34.3691624,1855.4,内水面,0.24,京橋川,72.8,00,想定区域外,0,想定区域外,
3189,132.4606443,34.3696129,1806.9,内水面,0.24,京橋川,49.9,00,想定区域外,0,想定区域外,
3190,132.4606307,34.3700633,1758.6,内水面,0.24,京橋川,28.7,00,想定区域外,0,想定区域外,
3191,132.4606171,34.3705138,1710.3,内水面,0.24,京橋川,12.7,00,想定区域外,0,想定区域外,
3192,132.4606035,34.3709643,1662.1,内水面,0.24,京橋川,1.7,00,想定区域外,0,想定区域外,
3193,132.4605899,34.3714147,1614.0,内水面,0.24,京橋川,8.1,00,想定区域外,0,想定区域外,
3194,132.4605763,34.3718652,1566.0,内水面,0.24,京橋川,13.1,00,想定区域外,0,想定区域外,
3195,132.4605627,34.3723157,1518.2,内水面,0.24,京橋川,16.9,00,想定区域外,0,想定区域外,
3196,132.4605491,34.3727662,1470.5,内水面,0.24,京橋川,20.8,00,想定区域外,0,想定区域外,
3197,132.4605355,34.3732166,1423.0,内水面,0.24,京橋川,24.6,00,想定区域外,0,想定区域外,
3198,132.4605218,34.3736671,1375.7,内水面,0.24,京橋川,28.9,00,想定区域外,0,想定区域外,
3199,132.4605082,34.3741176,1328.5,内水面,0.24,京橋川,34.6,00,想定区域外,0,想定区域外,
3200,132.4604946,34.3745681,1281.6,内水面,0.14,京橋川,41.3,00,想定区域外,0,想定区域外,
3201,132.460481,34.3750185,1234.9,内水面,0.24,京橋川,53.7,00,想定区域外,0,想定区域外,
3202,132.4604674,34.375469,1188.5,内水面,0.34,京橋川,69.7,00,想定区域外,0,想定区域外,
3203,132.4604538,34.3759195,1142.4,地表面,3.94,京橋川,91.6,00,想定区域外,2,0.5～3.0m未満,元安川・太田川・旧太田川
3204,132.4604402,34.37637,1096.6,地表面,1.34,京橋川,113.6,00,想定区域外,3,3.0～5.0m未満,元安川・太田川・旧太田川
3205,132.4604266,34.3768204,1051.2,地表面,1.04,京橋川,135.6,01,0.01～0.19m,3,3.0～5.0m未満,元安川・太田川・旧太田川
3206,132.460413,34.3772709,1006.2,地表面,1.34,京橋川,157.5,00,想定区域外,3,3.0～5.0m未満,元安川・太田川・旧太田川
3207,132.4603994,34.3777214,961.8,地表面,1.14,京橋川,179.5,00,想定区域外,3,3.0～5.0m未満,元安川・太田川・旧太田川
3208,132.4603858,34.3781719,917.9,地表面,1.14,京橋川,203.6,00,想定区域外,3,3.0～5.0m未満,元安川・太田川・旧太田川
3209,132.4603722,34.3786223,874.6,地表面,1.34,京橋川,229.0,00,想定区域外,3,3.0～5.0m未満,元安川・太田川・旧太田川
3210,132.4603586,34.3790728,832.2,地表面,1.14,京橋川,254.3,00,想定区域外,3,3.0～5.0m未満,元安川・太田川・旧太田川
3211,132.460345,34.3795233,790.6,地表面,0.84,京橋川,279.7,01,0.01～0.19m,3,3.0～5.0m未満,元安川・太田川・旧太田川
3212,132.4603314,34.3799738,750.0,地表面,1.24,京橋川,307.3,01,0.01～0.19m,3,3.0～5.0m未満,元安川・太田川・旧太田川
3213,132.4603178,34.3804242,710.6,地表面,1.24,京橋川,336.3,00,想定区域外,3,3.0～5.0m未満,元安川・太田川・旧太田川
3214,132.4603041,34.3808747,672.7,地表面,1.04,京橋川,365.2,00,想定区域外,3,3.0～5.0m未満,元安川・太田川・旧太田川
3215,132.4602905,34.3813252,636.4,地表面,1.04,京橋川,394.2,01,0.01～0.19m,3,3.0～5.0m未満,元安川・太田川・旧太田川
3216,132.4602769,34.3817757,602.1,地表面,1.14,京橋川,424.3,01,0.01～0.19m,3,3.0～5.0m未満,元安川・太田川・旧太田川
3217,132.4602633,34.3822261,570.1,地表面,1.84,京橋川,457.1,00,想定区域外,3,3.0～5.0m未満,元安川・太田川・旧太田川
3218,132.4602497,34.3826766,540.8,地表面,1.24,京橋川,490.0,00,想定区域外,3,3.0～5.0m未満,元安川・太田川・旧太田川
3219,132.4602361,34.3831271,514.8,地表面,0.84,京橋川,523.0,01,0.01～0.19m,3,3.0～5.0m未満,元安川・太田川・旧太田川
3220,132.4602225,34.3835775,492.4,地表面,1.14,京橋川,556.0,00,想定区域外,3,3.0～5.0m未満,元安川・太田川・旧太田川
3221,132.4602089,34.384028,474.3,地表面,0.84,京橋川,588.9,00,想定区域外,3,3.0～5.0m未満,元安川・太田川・旧太田川
3222,132.4601953,34.3844785,461.0,地表面,1.04,京橋川,621.9,01,0.01～0.19m,3,3.0～5.0m未満,元安川・太田川・旧太田川
3223,132.4601817,34.384929,452.8,地表面,0.94,京橋川,654.8,01,0.01～0.19m,3,3.0～5.0m未満,元安川・太田川・旧太田川
3224,132.460168,34.3853794,450.0,地表面,1.24,京橋川,687.8,00,想定区域外,3,3.0～5.0m未満,元安川・太田川・旧太田川
3225,132.4601544,34.3858299,452.8,地表面,1.04,京橋川,720.8,00,想定区域外,3,3.0～5.0m未満,元安川・太田川・旧太田川
3226,132.4601408,34.3862804,461.0,地表面,0.84,元安川,743.7,01,0.01～0.19m,3,3.0～5.0m未満,元安川・太田川・旧太田川
3227,132.4601272,34.3867309,474.3,地表面,1.14,元安川,714.3,00,想定区域外,3,3.0～5.0m未満,元安川・太田川・旧太田川
3228,132.4601136,34.3871813,492.4,地表面,1.14,元安川,685.6,01,0.01～0.19m,3,3.0～5.0m未満,元安川・太田川・旧太田川
3229,132.4601,34.3876318,514.8,地表面,1.04,元安川,659.4,01,0.01～0.19m,3,3.0～5.0m未満,元安川・太田川・旧太田川
3230,132.4600864,34.3880823,540.8,地表面,1.24,元安川,636.0,00,想定区域外,3,3.0～5.0m未満,元安川・太田川・旧太田川
3231,132.4600727,34.3885328,570.1,地表面,1.64,元安川,614.0,00,想定区域外,3,3.0～5.0m未満,元安川・太田川・旧太田川
3232,132.4600591,34.3889832,602.1,地表面,1.64,元安川,594.6,01,0.01～0.19m,3,3.0～5.0m未満,元安川・太田川・旧太田川
3233,132.4600455,34.3894337,636.4,地表面,1.34,元安川,578.4,01,0.01～0.19m,3,3.0～5.0m未満,元安川・太田川・旧太田川
3234,132.4600319,34.3898842,672.7,地表面,1.74,元安川,563.2,00,想定区域外,3,3.0～5.0m未満,元安川・太田川・旧太田川
3235,132.4600183,34.3903346,710.6,地表面,1.94,元安川,551.5,01,0.01～0.19m,3,3.0～5.0m未満,元安川・太田川・旧太田川
3236,132.4600047,34.3907851,750.0,地表面,1.74,元安川,540.7,00,想定区域外,3,3.0～5.0m未満,元安川・太田川・旧太田川
3237,132.4599911,34.3912356,790.6,地表面,1.84,元安川,531.3,01,0.01～0.19m,3,3.0～5.0m未満,元安川・太田川・旧太田川
3238,132.4599774,34.3916861,832.2,地表面,2.14,元安川,524.5,00,想定区域外,3,3.0～5.0m未満,元安川・太田川・旧太田川
3239,132.4599638,34.3921365,874.6,地表面,1.74,元安川,520.0,00,想定区域外,3,3.0～5.0m未満,元安川・太田川・旧太田川
3240,132.4599502,34.392587,917.9,地表面,1.94,元安川,517.8,00,想定区域外,3,3.0～5.0m未満,元安川・太田川・旧太田川
3241,132.4599366,34.3930375,961.8,地表面,2.44,元安川,519.5,00,想定区域外,3,3.0～5.0m未満,元安川・太田川・旧太田川
3242,132.459923,34.393488,1006.2,地表面,2.44,元安川,523.4,00,想定区域外,3,3.0～5.0m未満,元安川・太田川・旧太田川
3243,132.4599094,34.3939384,1051.2,地表面,2.24,元安川,530.0,01,0.01～0.19m,3,3.0～5.0m未満,元安川・太田川・旧太田川
3244,132.4598957,34.3943889,1096.6,地表面,1.74,元安川,540.0,01,0.01～0.19m,3,3.0～5.0m未満,元安川・太田川・旧太田川
3245,132.4598821,34.3948394,1142.4,地表面,1.54,元安川,552.9,01,0.01～0.19m,3,3.0～5.0m未満,元安川・太田川・旧太田川
3246,132.4598685,34.3952898,1188.5,地表面,2.24,元安川,568.9,01,0.01～0.19m,3,3.0～5.0m未満,元安川・太田川・旧太田川
3247,132.4598549,34.3957403,1234.9,地表面,2.54,元安川,587.7,00,想定区域外,3,3.0～5.0m未満,元安川・太田川・旧太田川
3248,132.4598413,34.3961908,1281.6,地表面,3.14,元安川,608.6,00,想定区域外,3,3.0～5.0m未満,元安川・太田川・旧太田川
3249,132.4598276,34.3966413,1328.5,地表面,3.94,元安川,632.0,00,想定区域外,3,3.0～5.0m未満,元安川・太田川・旧太田川
3250,132.459814,34.3970917,1375.7,地表面,2.64,元安川,653.5,01,0.01～0.19m,3,3.0～5.0m未満,元安川・太田川・旧太田川
3251,132.4598004,34.3975422,1423.0,地表面,2.94,旧太田川,665.2,00,想定区域外,3,3.0～5.0m未満,元安川・太田川・旧太田川
3252,132.4597868,34.3979927,1470.5,地表面,2.54,旧太田川,666.7,01,0.01～0.19m,3,3.0～5.0m未満,元安川・太田川・旧太田川
3253,132.4597732,34.3984431,1518.2,地表面,2.44,旧太田川,669.6,01,0.01～0.19m,3,3.0～5.0m未満,元安川・太田川・旧太田川
3254,132.4597595,34.3988936,1566.0,地表面,2.84,旧太田川,672.5,00,想定区域外,3,3.0～5.0m未満,元安川・太田川・旧太田川
3255,132.4597459,34.3993441,1614.0,地表面,2.84,旧太田川,676.7,02,0.20～0.49m,3,3.0～5.0m未満,元安川・太田川・旧太田川
3256,132.4597323,34.3997946,1662.1,地表面,3.44,旧太田川,683.6,00,想定区域外,3,3.0～5.0m未満,元安川・太田川・旧太田川
3257,132.4597187,34.400245,1710.3,内水面,1.44,旧太田川,691.1,00,想定区域外,0,想定区域外,
3258,132.4597051,34.4006955,1758.6,地表面,4.04,旧太田川,699.8,00,想定区域外,3,3.0～5.0m未満,元安川・太田川・旧太田川
3259,132.4596914,34.401146,1806.9,地表面,4.34,旧太田川,709.1,00,想定区域外,2,0.5～3.0m未満,元安川・太田川・旧太田川
3260,132.4596778,34.4015965,1855.4,地表面,7.24,旧太田川,690.0,00,想定区域外,0,想定区域外,
3261,132.4596642,34.4020469,1903.9,地表面,7.24,旧太田川,651.7,00,想定区域外,0,想定区域外,
3262,132.4596506,34.4024974,1952.6,地表面,7.54,旧太田川,613.0,00,想定区域外,0,想定区域外,
3263,132.4612283,34.3682727,1964.7,地表面,2.14,京橋川,165.5,00,想定区域外,2,0.5～3.0m未満,元安川
3264,132.4612147,34.3687232,1916.4,地表面,2.14,京橋川,140.2,00,想定区域外,1,0.5m未満,元安川
3265,132.4612011,34.3691737,1868.2,地表面,1.84,京橋川,117.2,00,想定区域外,2,0.5～3.0m未満,元安川
3266,132.4611875,34.3696241,1820.0,地表面,1.94,京橋川,94.3,00,想定区域外,0,想定区域外,
3267,132.4611739,34.3700746,1772.0,地表面,3.24,京橋川,76.1,00,想定区域外,0,想定区域外,
3268,132.4611603,34.3705251,1724.1,内水面,0.24,京橋川,60.1,00,想定区域外,0,想定区域外,
3269,132.4611467,34.3709756,1676.3,内水面,0.24,京橋川,47.9,00,想定区域外,0,想定区域外,
3270,132.4611331,34.371426,1628.6,内水面,0.24,京橋川,41.4,00,想定区域外,0,想定区域外,
3271,132.4611195,34.3718765,1581.1,内水面,0.24,京橋川,36.8,00,想定区域外,0,想定区域外,
3272,132.4611059,34.372327,1533.8,内水面,0.24,京橋川,32.9,00,想定区域外,0,想定区域外,
3273,132.4610923,34.3727775,1486.6,内水面,0.24,京橋川,29.1,00,想定区域外,0,想定区域外,
3274,132.4610787,34.3732279,1439.6,内水面,0.14,京橋川,25.2,00,想定区域外,0,想定区域外,
3275,132.4610651,34.3736784,1392.8,内水面,0.24,京橋川,20.8,00,想定区域外,0,想定区域外,
3276,132.4610515,34.3741289,1346.3,内水面,0.24,京橋川,15.1,00,想定区域外,0,想定区域外,
3277,132.4610379,34.3745793,1300.0,内水面,0.34,京橋川,7.1,00,想定区域外,0,想定区域外,
3278,132.4610243,34.3750298,1254.0,内水面,0.24,京橋川,5.3,00,想定区域外,0,想定区域外,
3279,132.4610107,34.3754803,1208.3,内水面,0.24,京橋川,24.8,00,想定区域外,0,想定区域外,
3280,132.4609971,34.3759308,1163.0,内水面,0.24,京橋川,46.7,00,想定区域外,0,想定区域外,
3281,132.4609835,34.3763812,1118.0,内水面,0.34,京橋川,68.7,00,想定区域外,0,想定区域外,
3282,132.4609699,34.3768317,1073.5,地表面,3.94,京橋川,90.6,00,想定区域外,2,0.5～3.0m未満,元安川・太田川・旧太田川
3283,132.4609563,34.3772822,1029.6,地表面,1.94,京橋川,112.6,00,想定区域外,2,0.5～3.0m未満,元安川・太田川・旧太田川
3284,132.4609427,34.3777327,986.2,地表面,1.74,京橋川,135.1,00,想定区域外,2,0.5～3.0m未満,元安川・太田川・旧太田川
3285,132.4609291,34.3781831,943.4,地表面,1.14,京橋川,160.5,01,0.01～0.19m,3,3.0～5.0m未満,元安川・太田川・旧太田川
3286,132.4609155,34.3786336,901.4,地表面,1.34,京橋川,185.9,00,想定区域外,3,3.0～5.0m未満,元安川・太田川・旧太田川
3287,132.4609019,34.3790841,860.2,地表面,1.14,京橋川,211.3,00,想定区域外,3,3.0～5.0m未満,元安川・太田川・旧太田川
3288,132.4608883,34.3795346,820.1,地表面,1.04,京橋川,237.6,00,想定区域外,3,3.0～5.0m未満,元安川・太田川・旧太田川
3289,132.4608747,34.379985,781.0,地表面,1.44,京橋川,266.6,00,想定区域外,3,3.0～5.0m未満,元安川・太田川・旧太田川
3290,132.4608611,34.3804355,743.3,地表面,1.04,京橋川,295.5,00,想定区域外,3,3.0～5.0m未満,元安川・太田川・旧太田川
3291,132.4608475,34.380886,707.1,地表面,1.44,京橋川,324.5,01,0.01～0.19m,3,3.0～5.0m未満,元安川・太田川・旧太田川
3292,132.4608339,34.3813365,672.7,地表面,1.44,京橋川,354.0,00,想定区域外,3,3.0～5.0m未満,元安川・太田川・旧太田川
3293,132.4608203,34.3817869,640.3,地表面,1.44,京橋川,386.5,00,想定区域外,3,3.0～5.0m未満,元安川・太田川・旧太田川
3294,132.4608067,34.3822374,610.3,地表面,0.74,京橋川,419.5,01,0.01～0.19m,3,3.0～5.0m未満,元安川・太田川・旧太田川
3295,132.4607931,34.3826879,583.1,地表面,0.64,京橋川,452.4,01,0.01～0.19m,3,3.0～5.0m未満,元安川・太田川・旧太田川
3296,132.4607794,34.3831384,559.0,地表面,0.84,京橋川,485.4,01,0.01～0.19m,3,3.0～5.0m未満,元安川・太田川・旧太田川
3297,132.4607658,34.3835888,538.5,地表面,1.44,京橋川,518.4,00,想定区域外,3,3.0～5.0m未満,元安川・太田川・旧太田川
3298,132.4607522,34.3840393,522.0,地表面,1.74,京橋川,551.3,00,想定区域外,3,3.0～5.0m未満,元安川・太田川・旧太田川
3299,132.4607386,34.3844898,509.9,地表面,0.54,京橋川,584.3,01,0.01～0.19m,3,3.0～5.0m未満,元安川・太田川・旧太田川
3300,132.460725,34.3849403,502.5,地表面,0.74,京橋川,617.2,01,0.01～0.19m,3,3.0～5.0m未満,元安川・太田川・旧太田川
3301,132.4607114,34.3853907,500.0,地表面,0.94,京橋川,650.2,01,0.01～0.19m,3,3.0～5.0m未満,元安川・太田川・旧太田川
3302,132.4606978,34.3858412,502.5,地表面,0.64,京橋川,683.2,02,0.20～0.49m,3,3.0～5.0m未満,元安川・太田川・旧太田川
3303,132.4606842,34.3862917,509.9,地表面,0.74,京橋川,716.1,02,0.20～0.49m,3,3.0～5.0m未満,元安川・太田川・旧太田川
3304,132.4606706,34.3867421,522.0,地表面,0.74,京橋川,749.1,01,0.01～0.19m,3,3.0～5.0m未満,元安川・太田川・旧太田川
3305,132.460657,34.3871926,538.5,地表面,0.84,元安川,727.9,01,0.01～0.19m,3,3.0～5.0m未満,元安川・太田川・旧太田川
3306,132.4606434,34.3876431,559.0,地表面,0.94,元安川,703.2,01,0.01～0.19m,3,3.0～5.0m未満,元安川・太田川・旧太田川
3307,132.4606297,34.3880936,583.1,地表面,0.94,元安川,680.8,01,0.01～0.19m,3,3.0～5.0m未満,元安川・太田川・旧太田川
3308,132.4606161,34.388544,610.3,地表面,1.44,元安川,659.6,00,想定区域外,3,3.0～5.0m未満,元安川・太田川・旧太田川
3309,132.4606025,34.3889945,640.3,地表面,1.44,元安川,641.7,00,想定区域外,3,3.0～5.0m未満,元安川・太田川・旧太田川
3310,132.4605889,34.389445,672.7,地表面,1.34,元安川,625.8,01,0.01～0.19m,3,3.0～5.0m未満,元安川・太田川・旧太田川
3311,132.4605753,34.3898955,707.1,地表面,1.74,元安川,611.5,00,想定区域外,3,3.0～5.0m未満,元安川・太田川・旧太田川
3312,132.4605617,34.3903459,743.3,地表面,1.44,元安川,600.3,00,想定区域外,3,3.0～5.0m未満,元安川・太田川・旧太田川
3313,132.4605481,34.3907964,781.0,地表面,2.14,元安川,589.7,00,想定区域外,3,3.0～5.0m未満,元安川・太田川・旧太田川
3314,132.4605345,34.3912469,820.1,地表面,2.14,元安川,580.6,00,想定区域外,3,3.0～5.0m未満,元安川・太田川・旧太田川
3315,132.4605208,34.3916973,860.2,地表面,2.24,元安川,574.2,00,想定区域外,3,3.0～5.0m未満,元安川・太田川・旧太田川
3316,132.4605072,34.3921478,901.4,地表面,2.24,元安川,569.9,00,想定区域外,3,3.0～5.0m未満,元安川・太田川・旧太田川
3317,132.4604936,34.3925983,943.4,地表面,2.24,元安川,567.8,00,想定区域外,3,3.0～5.0m未満,元安川・太田川・旧太田川
3318,132.46048,34.3930488,986.2,地表面,2.24,元安川,569.4,00,想定区域外,3,3.0～5.0m未満,元安川・太田川・旧太田川
3319,132.4604664,34.3934992,1029.6,地表面,2.24,元安川,573.1,00,想定区域外,3,3.0～5.0m未満,元安川・太田川・旧太田川
3320,132.4604528,34.3939497,1073.5,地表面,1.94,元安川,579.4,00,想定区域外,3,3.0～5.0m未満,元安川・太田川・旧太田川
3321,132.4604392,34.3944002,1118.0,地表面,1.74,元安川,588.9,01,0.01～0.19m,3,3.0～5.0m未満,元安川・太田川・旧太田川
3322,132.4604255,34.3948507,1163.0,地表面,1.94,元安川,600.8,01,0.01～0.19m,3,3.0～5.0m未満,元安川・太田川・旧太田川
3323,132.4604119,34.3953011,1208.3,地表面,1.84,元安川,616.2,01,0.01～0.19m,3,3.0～5.0m未満,元安川・太田川・旧太田川
3324,132.4603983,34.3957516,1254.0,地表面,1.94,元安川,633.6,01,0.01～0.19m,3,3.0～5.0m未満,元安川・太田川・旧太田川
3325,132.4603847,34.3962021,1300.0,地表面,2.64,元安川,653.7,01,0.01～0.19m,3,3.0～5.0m未満,元安川・太田川・旧太田川
3326,132.4603711,34.3966525,1346.3,地表面,2.54,元安川,675.8,00,想定区域外,3,3.0～5.0m未満,元安川・太田川・旧太田川
3327,132.4603575,34.397103,1392.8,地表面,2.14,元安川,699.1,02,0.20～0.49m,3,3.0～5.0m未満,元安川・太田川・旧太田川
3328,132.4603438,34.3975535,1439.6,地表面,2.94,旧太田川,715.2,00,想定区域外,3,3.0～5.0m未満,元安川・太田川・旧太田川
3329,132.4603302,34.398004,1486.6,地表面,2.34,旧太田川,716.6,01,0.01～0.19m,3,3.0～5.0m未満,元安川・太田川・旧太田川
3330,132.4603166,34.3984544,1533.8,地表面,2.54,旧太田川,719.5,01,0.01～0.19m,3,3.0～5.0m未満,元安川・太田川・旧太田川
3331,132.460303,34.3989049,1581.1,地表面,2.74,旧太田川,722.4,01,0.01～0.19m,3,3.0～5.0m未満,元安川・太田川・旧太田川
3332,132.4602894,34.3993554,1628.6,地表面,3.14,旧太田川,726.3,00,想定区域外,3,3.0～5.0m未満,元安川・太田川・旧太田川
3333,132.4602758,34.3998059,1676.3,内水面,1.44,京橋川,714.5,00,想定区域外,0,想定区域外,
3334,132.4602621,34.4002563,1724.1,内水面,1.44,京橋川,699.1,00,想定区域外,3,3.0～5.0m未満,元安川・太田川・旧太田川
3335,132.4602485,34.4007068,1772.0,地表面,4.04,京橋川,686.2,00,想定区域外,3,3.0～5.0m未満,元安川・太田川・旧太田川
3336,132.4602349,34.4011573,1820.0,地表面,5.44,京橋川,676.7,00,想定区域外,2,0.5～3.0m未満,元安川・太田川・旧太田川
3337,132.4602213,34.4016077,1868.2,地表面,6.94,京橋川,669.3,00,想定区域外,0,想定区域外,
3338,132.4602077,34.4020582,1916.4,地表面,6.94,京橋川,663.4,00,想定区域外,0,想定区域外,
3339,132.460194,34.4025087,1964.7,地表面,3.74,旧太田川,640.7,00,想定区域外,3,3.0～5.0m未満,元安川・太田川・旧太田川
3340,132.4617716,34.368284,1978.0,地表面,0.74,京橋川,208.2,01,0.01～0.19m,2,0.5～3.0m未満,元安川・太田川
3341,132.461758,34.3687345,1930.0,地表面,0.54,京橋川,184.6,01,0.01～0.19m,2,0.5～3.0m未満,元安川・太田川
3342,132.4617444,34.3691849,1882.2,地表面,0.04,京橋川,161.7,02,0.20～0.49m,2,0.5～3.0m未満,元安川・太田川
3343,132.4617308,34.3696354,1834.4,地表面,-0.06,京橋川,139.6,00,想定区域外,2,0.5～3.0m未満,元安川・太田川
3344,132.4617172,34.3700859,1786.8,地表面,2.24,京橋川,123.5,00,想定区域外,2,0.5～3.0m未満,元安川・太田川
3345,132.4617036,34.3705364,1739.3,地表面,2.24,京橋川,107.5,00,想定区域外,2,0.5～3.0m未満,元安川・太田川
3346,132.46169,34.3709868,1691.9,地表面,2.44,京橋川,97.5,00,想定区域外,0,想定区域外,
3347,132.4616764,34.3714373,1644.7,地表面,2.04,京橋川,91.0,00,想定区域外,1,0.5m未満,元安川・太田川
3348,132.4616628,34.3718878,1597.7,地表面,2.04,京橋川,86.6,01,0.01～0.19m,1,0.5m未満,元安川・太田川
3349,132.4616492,34.3723383,1550.8,地表面,2.14,京橋川,82.8,00,想定区域外,1,0.5m未満,元安川・太田川
3350,132.4616356,34.3727887,1504.2,地表面,4.24,京橋川,78.9,00,想定区域外,0,想定区域外,
3351,132.461622,34.3732392,1457.7,地表面,4.04,京橋川,75.1,00,想定区域外,0,想定区域外,
3352,132.4616084,34.3736897,1411.6,内水面,0.24,京橋川,70.5,00,想定区域外,0,想定区域外,
3353,132.4615948,34.3741402,1365.7,内水面,0.24,京橋川,64.7,00,想定区域外,0,想定区域外,
3354,132.4615812,34.3745906,1320.0,内水面,0.34,京橋川,55.6,00,想定区域外,0,想定区域外,
3355,132.4615676,34.3750411,1274.8,内水面,0.24,京橋川,42.1,00,想定区域外,0,想定区域外,
3356,132.461554,34.3754916,1229.8,内水面,0.24,京橋川,20.2,00,想定区域外,0,想定区域外,
3357,132.4615404,34.375942,1185.3,内水面,0.24,京橋川,1.8,00,想定区域外,0,想定区域外,
3358,132.4615268,34.3763925,1141.3,内水面,0.24,京橋川,23.8,00,想定区域外,0,想定区域外,
3359,132.4615132,34.376843,1097.7,内水面,0.34,京橋川,45.7,00,想定区域外,0,想定区域外,
3360,132.4614996,34.3772935,1054.8,内水面,0.34,京橋川,67.7,00,想定区域外,0,想定区域外,
3361,132.461486,34.3777439,1012.4,地表面,1.74,京橋川,92.0,00,想定区域外,2,0.5～3.0m未満,元安川・太田川・旧太田川
3362,132.4614724,34.3781944,970.8,地表面,1.54,京橋川,117.4,00,想定区域外,3,3.0～5.0m未満,元安川・太田川・旧太田川
3363,132.4614588,34.3786449,930.1,地表面,1.44,京橋川,142.8,00,想定区域外,3,3.0～5.0m未満,元安川・太田川・旧太田川
3364,132.4614452,34.3790954,890.2,地表面,2.04,京橋川,168.2,00,想定区域外,2,0.5～3.0m未満,元安川・太田川・旧太田川
3365,132.4614316,34.3795458,851.5,地表面,1.64,京橋川,196.9,00,想定区域外,3,3.0～5.0m未満,元安川・太田川・旧太田川
3366,132.461418,34.3799963,813.9,地表面,1.34,京橋川,225.8,00,想定区域外,3,3.0～5.0m未満,元安川・太田川・旧太田川
3367,132.4614044,34.3804468,777.8,地表面,1.04,京橋川,254.8,00,想定区域外,3,3.0～5.0m未満,元安川・太田川・旧太田川
3368,132.4613908,34.3808973,743.3,地表面,0.74,京橋川,283.8,02,0.20～0.49m,3,3.0～5.0m未満,元安川・太田川・旧太田川
3369,132.4613772,34.3813477,710.6,地表面,0.94,京橋川,316.0,01,0.01～0.19m,3,3.0～5.0m未満,元安川・太田川・旧太田川
3370,132.4613636,34.3817982,680.1,地表面,0.84,京橋川,348.9,01,0.01～0.19m,3,3.0～5.0m未満,元安川・太田川・旧太田川
3371,132.46135,34.3822487,651.9,地表面,1.04,京橋川,381.9,02,0.20～0.49m,3,3.0～5.0m未満,元安川・太田川・旧太田川
3372,132.4613364,34.3826992,626.5,地表面,0.74,京橋川,414.8,02,0.20～0.49m,3,3.0～5.0m未満,元安川・太田川・旧太田川
3373,132.4613228,34.3831496,604.2,地表面,0.94,京橋川,447.8,01,0.01～0.19m,3,3.0～5.0m未満,元安川・太田川・旧太田川
3374,132.4613092,34.3836001,585.2,地表面,1.14,京橋川,480.8,01,0.01～0.19m,3,3.0～5.0m未満,元安川・太田川・旧太田川
3375,132.4612956,34.3840506,570.1,地表面,0.54,京橋川,513.7,00,想定区域外,3,3.0～5.0m未満,元安川・太田川・旧太田川
3376,132.461282,34.3845011,559.0,地表面,0.74,京橋川,546.7,02,0.20～0.49m,3,3.0～5.0m未満,元安川・太田川・旧太田川
3377,132.4612684,34.3849515,552.3,地表面,0.64,京橋川,579.6,02,0.20～0.49m,3,3.0～5.0m未満,元安川・太田川・旧太田川
3378,132.4612548,34.385402,550.0,地表面,1.04,京橋川,612.6,01,0.01～0.19m,3,3.0～5.0m未満,元安川・太田川・旧太田川
3379,132.4612412,34.3858525,552.3,地表面,0.64,京橋川,645.6,01,0.01～0.19m,3,3.0～5.0m未満,元安川・太田川・旧太田川
3380,132.4612276,34.386303,559.0,地表面,0.74,京橋川,678.5,01,0.01～0.19m,3,3.0～5.0m未満,元安川・太田川・旧太田川
3381,132.4612139,34.3867534,570.1,地表面,0.74,京橋川,711.5,02,0.20～0.49m,3,3.0～5.0m未満,元安川・太田川・旧太田川
3382,132.4612003,34.3872039,585.2,地表面,0.94,京橋川,744.4,01,0.01～0.19m,3,3.0～5.0m未満,元安川・太田川・旧太田川
3383,132.4611867,34.3876544,604.2,地表面,1.04,元安川,747.8,00,想定区域外,3,3.0～5.0m未満,元安川・太田川・旧太田川
3384,132.4611731,34.3881048,626.5,地表面,1.24,元安川,725.7,01,0.01～0.19m,3,3.0～5.0m未満,元安川・太田川・旧太田川
3385,132.4611595,34.3885553,651.9,地表面,1.24,元安川,705.9,00,想定区域外,3,3.0～5.0m未満,元安川・太田川・旧太田川
3386,132.4611459,34.3890058,680.1,地表面,1.54,元安川,689.1,00,想定区域外,3,3.0～5.0m未満,元安川・太田川・旧太田川
3387,132.4611323,34.3894563,710.6,地表面,1.44,元安川,673.4,00,想定区域外,3,3.0～5.0m未満,元安川・太田川・旧太田川
3388,132.4611187,34.3899067,743.3,地表面,1.44,元安川,660.1,00,想定区域外,3,3.0～5.0m未満,元安川・太田川・旧太田川
3389,132.4611051,34.3903572,777.8,地表面,1.54,元安川,649.1,00,想定区域外,3,3.0～5.0m未満,元安川・太田川・旧太田川
3390,132.4610915,34.3908077,813.9,地表面,1.64,元安川,638.8,00,想定区域外,3,3.0～5.0m未満,元安川・太田川・旧太田川
3391,132.4610779,34.3912582,851.5,地表面,2.04,元安川,630.0,00,想定区域外,3,3.0～5.0m未満,元安川・太田川・旧太田川
3392,132.4610643,34.3917086,890.2,地表面,1.74,元安川,623.8,00,想定区域外,3,3.0～5.0m未満,元安川・太田川・旧太田川
3393,132.4610506,34.3921591,930.1,地表面,2.24,元安川,619.8,00,想定区域外,3,3.0～5.0m未満,元安川・太田川・旧太田川
3394,132.461037,34.3926096,970.8,地表面,2.24,元安川,617.8,00,想定区域外,3,3.0～5.0m未満,元安川・太田川・旧太田川
3395,132.4610234,34.3930601,1012.4,地表面,2.34,元安川,619.3,00,想定区域外,3,3.0～5.0m未満,元安川・太田川・旧太田川
3396,132.4610098,34.3935105,1054.8,地表面,2.04,元安川,622.8,00,想定区域外,3,3.0～5.0m未満,元安川・太田川・旧太田川
3397,132.4609962,34.393961,1097.7,地表面,1.94,元安川,628.9,01,0.01～0.19m,3,3.0～5.0m未満,元安川・太田川・旧太田川
3398,132.4609826,34.3944115,1141.3,地表面,1.84,元安川,637.8,01,0.01～0.19m,3,3.0～5.0m未満,元安川・太田川・旧太田川
3399,132.460969,34.3948619,1185.3,地表面,1.74,元安川,649.0,02,0.20～0.49m,3,3.0～5.0m未満,元安川・太田川・旧太田川
3400,132.4609554,34.3953124,1229.8,地表面,2.04,元安川,663.6,00,想定区域外,3,3.0～5.0m未満,元安川・太田川・旧太田川
3401,132.4609417,34.3957629,1274.8,地表面,2.14,元安川,680.1,00,想定区域外,3,3.0～5.0m未満,元安川・太田川・旧太田川
3402,132.4609281,34.3962134,1320.0,地表面,2.14,元安川,699.4,00,想定区域外,3,3.0～5.0m未満,元安川・太田川・旧太田川
3403,132.4609145,34.3966638,1365.7,地表面,2.04,元安川,720.4,01,0.01～0.19m,3,3.0～5.0m未満,元安川・太田川・旧太田川
3404,132.4609009,34.3971143,1411.6,地表面,2.14,元安川,743.6,01,0.01～0.19m,3,3.0～5.0m未満,元安川・太田川・旧太田川
3405,132.4608873,34.3975648,1457.7,地表面,2.44,旧太田川,765.2,01,0.01～0.19m,3,3.0～5.0m未満,元安川・太田川・旧太田川
3406,132.4608737,34.3980153,1504.2,地表面,2.24,京橋川,752.3,02,0.20～0.49m,3,3.0～5.0m未満,元安川・太田川・旧太田川
3407,132.4608601,34.3984657,1550.8,地表面,2.44,京橋川,726.7,00,想定区域外,3,3.0～5.0m未満,元安川・太田川・旧太田川
3408,132.4608464,34.3989162,1597.7,地表面,2.64,京橋川,703.8,01,0.01～0.19m,3,3.0～5.0m未満,元安川・太田川・旧太田川
3409,132.4608328,34.3993667,1644.7,地表面,2.74,京橋川,683.8,01,0.01～0.19m,3,3.0～5.0m未満,元安川・太田川・旧太田川
3410,132.4608192,34.3998171,1691.9,地表面,3.04,京橋川,666.9,00,想定区域外,3,3.0～5.0m未満,元安川・太田川・旧太田川
3411,132.4608056,34.4002676,1739.3,地表面,3.54,京橋川,651.4,01,0.01～0.19m,3,3.0～5.0m未満,元安川・太田川・旧太田川
3412,132.460792,34.4007181,1786.8,内水面,1.44,京橋川,637.5,00,想定区域外,0,想定区域外,
3413,132.4607784,34.4011686,1834.4,内水面,1.44,京橋川,627.4,00,想定区域外,0,想定区域外,
3414,132.4607647,34.401619,1882.2,地表面,3.74,京橋川,619.9,00,想定区域外,3,3.0～5.0m未満,元安川・太田川・旧太田川
3415,132.4607511,34.4020695,1930.0,地表面,4.64,京橋川,613.5,00,想定区域外,2,0.5～3.0m未満,元安川・太田川・旧太田川
3416,132.4607375,34.40252,1978.0,内水面,1.44,京橋川,611.1,00,想定区域外,0,想定区域外,
3417,132.4623148,34.3682952,1992.5,地表面,0.24,京橋川,252.0,02,0.20～0.49m,2,0.5～3.0m未満,元安川・太田川
3418,132.4623012,34.3687457,1944.9,地表面,0.04,京橋川,229.0,01,0.01～0.19m,2,0.5～3.0m未満,元安川・太田川
3419,132.4622877,34.3691962,1897.4,地表面,0.14,京橋川,206.1,02,0.20～0.49m,2,0.5～3.0m未満,元安川・太田川
3420,132.4622741,34.3696467,1850.0,地表面,0.04,京橋川,186.8,02,0.20～0.49m,2,0.5～3.0m未満,元安川・太田川
3421,132.4622605,34.3700972,1802.8,地表面,0.04,京橋川,170.9,01,0.01～0.19m,2,0.5～3.0m未満,元安川・太田川
3422,132.4622469,34.3705476,1755.7,地表面,-0.16,京橋川,155.1,03,0.50～0.99m,2,0.5～3.0m未満,元安川・太田川
3423,132.4622333,34.3709981,1708.8,地表面,0.14,京橋川,147.1,03,0.50～0.99m,2,0.5～3.0m未満,元安川・太田川
3424,132.4622197,34.3714486,1662.1,地表面,-0.26,京橋川,140.6,03,0.50～0.99m,2,0.5～3.0m未満,元安川・太田川
3425,132.4622061,34.3718991,1615.5,地表面,0.04,京橋川,136.5,02,0.20～0.49m,2,0.5～3.0m未満,元安川・太田川
3426,132.4621925,34.3723495,1569.2,地表面,0.04,京橋川,132.6,02,0.20～0.49m,2,0.5～3.0m未満,元安川・太田川
3427,132.4621789,34.3728,1523.2,地表面,2.74,京橋川,128.8,00,想定区域外,1,0.5m未満,元安川・太田川
3428,132.4621653,34.3732505,1477.3,地表面,0.34,京橋川,125.0,00,想定区域外,1,0.5m未満,元安川・太田川
3429,132.4621517,34.373701,1431.8,地表面,0.24,京橋川,120.1,00,想定区域外,3,3.0～5.0m未満,元安川・太田川
3430,132.4621381,34.3741514,1386.5,地表面,2.84,京橋川,114.4,00,想定区域外,2,0.5～3.0m未満,元安川・太田川
3431,132.4621245,34.3746019,1341.6,地表面,3.44,京橋川,104.0,00,想定区域外,1,0.5m未満,元安川・太田川
3432,132.4621109,34.3750524,1297.1,地表面,2.94,京橋川,87.0,00,想定区域外,0,想定区域外,
3433,132.4620973,34.3755028,1253.0,内水面,0.24,京橋川,65.1,00,想定区域外,0,想定区域外,
3434,132.4620837,34.3759533,1209.3,内水面,0.24,京橋川,43.1,00,想定区域外,0,想定区域外,
3435,132.4620701,34.3764038,1166.2,内水面,0.24,京橋川,21.2,00,想定区域外,0,想定区域外,
3436,132.4620565,34.3768543,1123.6,内水面,0.34,京橋川,0.8,00,想定区域外,0,想定区域外,
3437,132.4620429,34.3773047,1081.7,内水面,0.24,京橋川,23.6,00,想定区域外,0,想定区域外,
3438,132.4620293,34.3777552,1040.4,内水面,0.34,京橋川,49.0,00,想定区域外,0,想定区域外,
3439,132.4620157,34.3782057,1000.0,内水面,0.24,京橋川,74.3,00,想定区域外,0,想定区域外,
3440,132.4620021,34.3786562,960.5,地表面,2.24,京橋川,99.7,00,想定区域外,2,0.5～3.0m未満,元安川・太田川・旧太田川
3441,132.4619885,34.3791066,922.0,地表面,1.84,京橋川,127.1,00,想定区域外,3,3.0～5.0m未満,元安川・太田川
3442,132.4619749,34.3795571,884.6,地表面,1.44,京橋川,156.1,01,0.01～0.19m,3,3.0～5.0m未満,元安川・太田川・旧太田川
3443,132.4619613,34.3800076,848.5,地表面,2.24,京橋川,185.0,00,想定区域外,2,0.5～3.0m未満,元安川・太田川・旧太田川
3444,132.4619477,34.3804581,813.9,地表面,0.84,京橋川,214.0,00,想定区域外,3,3.0～5.0m未満,元安川・太田川・旧太田川
3445,132.4619341,34.3809085,781.0,地表面,0.74,京橋川,245.4,02,0.20～0.49m,3,3.0～5.0m未満,元安川・太田川・旧太田川
3446,132.4619205,34.381359,750.0,地表面,0.74,京橋川,278.4,02,0.20～0.49m,3,3.0～5.0m未満,元安川・太田川・旧太田川
3447,132.4619069,34.3818095,721.1,地表面,0.54,京橋川,311.3,01,0.01～0.19m,3,3.0～5.0m未満,元安川・太田川・旧太田川
3448,132.4618933,34.38226,694.6,地表面,0.54,京橋川,344.3,02,0.20～0.49m,3,3.0～5.0m未満,元安川・太田川・旧太田川
3449,132.4618797,34.3827104,670.8,地表面,0.54,京橋川,377.2,02,0.20～0.49m,3,3.0～5.0m未満,元安川・太田川・旧太田川
3450,132.4618661,34.3831609,650.0,地表面,0.64,京橋川,410.2,02,0.20～0.49m,3,3.0～5.0m未満,元安川・太田川・旧太田川
3451,132.4618525,34.3836114,632.5,地表面,0.84,京橋川,443.2,01,0.01～0.19m,3,3.0～5.0m未満,元安川・太田川・旧太田川
3452,132.4618389,34.3840619,618.5,地表面,0.84,京橋川,476.1,00,想定区域外,3,3.0～5.0m未満,元安川・太田川・旧太田川
3453,132.4618253,34.3845123,608.3,地表面,0.74,京橋川,509.1,01,0.01～0.19m,3,3.0～5.0m未満,元安川・太田川・旧太田川
3454,132.4618117,34.3849628,602.1,地表面,0.64,京橋川,542.0,02,0.20～0.49m,3,3.0～5.0m未満,元安川・太田川・旧太田川
3455,132.4617981,34.3854133,600.0,地表面,1.04,京橋川,575.0,01,0.01～0.19m,3,3.0～5.0m未満,元安川・太田川・旧太田川
3456,132.4617845,34.3858638,602.1,地表面,0.54,京橋川,608.0,01,0.01～0.19m,3,3.0～5.0m未満,元安川・太田川・旧太田川
3457,132.4617709,34.3863142,608.3,地表面,1.04,京橋川,640.9,00,想定区域外,3,3.0～5.0m未満,元安川・太田川・旧太田川
3458,132.4617573,34.3867647,618.5,地表面,1.14,京橋川,673.9,01,0.01～0.19m,3,3.0～5.0m未満,元安川・太田川・旧太田川
3459,132.4617437,34.3872152,632.5,地表面,0.84,京橋川,706.8,01,0.01～0.19m,3,3.0～5.0m未満,元安川・太田川・旧太田川
3460,132.4617301,34.3876657,650.0,地表面,0.64,京橋川,737.0,02,0.20～0.49m,3,3.0～5.0m未満,元安川・太田川・旧太田川
3461,132.4617165,34.3881161,670.8,地表面,1.04,京橋川,761.6,01,0.01～0.19m,3,3.0～5.0m未満,元安川・太田川・旧太田川
3462,132.4617029,34.3885666,694.6,地表面,1.14,元安川,752.7,01,0.01～0.19m,3,3.0～5.0m未満,元安川・太田川・旧太田川
3463,132.4616893,34.3890171,721.1,地表面,1.24,元安川,736.5,01,0.01～0.19m,3,3.0～5.0m未満,元安川・太田川・旧太田川
3464,132.4616757,34.3894675,750.0,地表面,1.44,元安川,721.2,00,想定区域外,3,3.0～5.0m未満,元安川・太田川・旧太田川
3465,132.4616621,34.389918,781.0,地表面,0.94,元安川,708.8,01,0.01～0.19m,3,3.0～5.0m未満,元安川・太田川・旧太田川
3466,132.4616485,34.3903685,813.9,地表面,1.24,元安川,697.9,00,想定区域外,3,3.0～5.0m未満,元安川・太田川・旧太田川
3467,132.4616349,34.390819,848.5,地表面,1.74,元安川,688.0,00,想定区域外,3,3.0～5.0m未満,元安川・太田川・旧太田川
3468,132.4616213,34.3912694,884.6,地表面,1.44,元安川,679.5,00,想定区域外,3,3.0～5.0m未満,元安川・太田川・旧太田川
3469,132.4616077,34.3917199,922.0,地表面,1.94,元安川,673.5,00,想定区域外,3,3.0～5.0m未満,元安川・太田川・旧太田川
3470,132.461594,34.3921704,960.5,地表面,2.04,元安川,669.8,00,想定区域外,3,3.0～5.0m未満,元安川・太田川・旧太田川
3471,132.4615804,34.3926209,1000.0,地表面,2.34,元安川,667.8,00,想定区域外,3,3.0～5.0m未満,元安川・太田川・旧太田川
3472,132.4615668,34.3930713,1040.4,地表面,2.44,元安川,669.2,00,想定区域外,3,3.0～5.0m未満,元安川・太田川・旧太田川
3473,132.4615532,34.3935218,1081.7,地表面,2.54,元安川,672.6,00,想定区域外,3,3.0～5.0m未満,元安川・太田川・旧太田川
3474,132.4615396,34.3939723,1123.6,地表面,2.04,元安川,678.4,00,想定区域外,3,3.0～5.0m未満,元安川・太田川・旧太田川
3475,132.461526,34.3944228,1166.2,地表面,1.34,元安川,686.7,02,0.20～0.49m,3,3.0～5.0m未満,元安川・太田川・旧太田川
3476,132.4615124,34.3948732,1209.3,地表面,1.94,元安川,697.4,02,0.20～0.49m,3,3.0～5.0m未満,元安川・太田川・旧太田川
3477,132.4614988,34.3953237,1253.0,地表面,2.14,元安川,711.0,01,0.01～0.19m,3,3.0～5.0m未満,元安川・太田川・旧太田川
3478,132.4614852,34.3957742,1297.1,地表面,2.34,元安川,727.0,00,想定区域外,3,3.0～5.0m未満,元安川・太田川・旧太田川
3479,132.4614716,34.3962246,1341.6,地表面,2.34,元安川,745.2,00,想定区域外,3,3.0～5.0m未満,元安川・太田川・旧太田川
3480,132.461458,34.3966751,1386.5,地表面,2.14,元安川,765.5,01,0.01～0.19m,3,3.0～5.0m未満,元安川・太田川・旧太田川
3481,132.4614443,34.3971256,1431.8,地表面,2.74,京橋川,770.9,00,想定区域外,3,3.0～5.0m未満,元安川・太田川・旧太田川
3482,132.4614307,34.3975761,1477.3,地表面,2.24,京橋川,740.0,00,想定区域外,3,3.0～5.0m未満,元安川・太田川・旧太田川
3483,132.4614171,34.3980265,1523.2,地表面,2.04,京橋川,710.5,02,0.20～0.49m,3,3.0～5.0m未満,元安川・太田川・旧太田川
3484,132.4614035,34.398477,1569.2,地表面,2.74,京橋川,683.4,00,想定区域外,3,3.0～5.0m未満,元安川・太田川・旧太田川
3485,132.4613899,34.3989275,1615.5,地表面,3.14,京橋川,659.0,00,想定区域外,3,3.0～5.0m未満,元安川・太田川・旧太田川
3486,132.4613763,34.399378,1662.1,地表面,3.24,京橋川,637.6,00,想定区域外,3,3.0～5.0m未満,元安川・太田川・旧太田川
3487,132.4613627,34.3998284,1708.8,地表面,3.44,京橋川,619.5,00,想定区域外,3,3.0～5.0m未満,元安川・太田川・旧太田川
3488,132.4613491,34.4002789,1755.7,地表面,2.94,京橋川,603.9,01,0.01～0.19m,3,3.0～5.0m未満,元安川・太田川・旧太田川
3489,132.4613354,34.4007294,1802.8,地表面,2.74,京橋川,589.1,01,0.01～0.19m,3,3.0～5.0m未満,元安川・太田川・旧太田川
3490,132.4613218,34.4011798,1850.0,地表面,3.04,京橋川,578.1,01,0.01～0.19m,3,3.0～5.0m未満,元安川・太田川・旧太田川
3491,132.4613082,34.4016303,1897.4,地表面,3.04,京橋川,570.4,00,想定区域外,3,3.0～5.0m未満,元安川・太田川・旧太田川
3492,132.4612946,34.4020808,1944.9,内水面,1.44,京橋川,563.8,00,想定区域外,0,想定区域外,
3493,132.461281,34.4025313,1992.5,内水面,1.44,京橋川,561.1,00,想定区域外,0,想定区域外,
3494,132.4628445,34.368757,1960.9,地表面,1.34,京橋川,273.5,00,想定区域外,2,0.5～3.0m未満,元安川・太田川
3495,132.4628309,34.3692075,1913.8,地表面,0.34,京橋川,251.1,00,想定区域外,2,0.5～3.0m未満,元安川・太田川
3496,132.4628173,34.3696579,1866.8,地表面,0.24,京橋川,234.2,00,想定区域外,2,0.5～3.0m未満,元安川・太田川
3497,132.4628037,34.3701084,1820.0,地表面,0.44,京橋川,218.2,00,想定区域外,2,0.5～3.0m未満,元安川・太田川
3498,132.4627901,34.3705589,1773.4,地表面,-0.36,京橋川,203.7,02,0.20～0.49m,2,0.5～3.0m未満,元安川・太田川
3499,132.4627766,34.3710094,1727.0,地表面,-0.26,京橋川,196.6,02,0.20～0.49m,2,0.5～3.0m未満,元安川・太田川
3500,132.462763,34.3714598,1680.8,地表面,1.74,京橋川,190.2,01,0.01～0.19m,2,0.5～3.0m未満,元安川・太田川
3501,132.4627494,34.3719103,1634.8,地表面,1.74,京橋川,186.3,00,想定区域外,0,想定区域外,
3502,132.4627358,34.3723608,1589.0,地表面,0.14,京橋川,182.5,01,0.01～0.19m,2,0.5～3.0m未満,元安川・太田川
3503,132.4627222,34.3728113,1543.5,地表面,0.04,京橋川,178.6,00,想定区域外,2,0.5～3.0m未満,元安川・太田川
3504,132.4627086,34.3732617,1498.3,地表面,0.04,京橋川,174.8,01,0.01～0.19m,2,0.5～3.0m未満,元安川・太田川
3505,132.462695,34.3737122,1453.4,地表面,0.14,京橋川,169.8,01,0.01～0.19m,2,0.5～3.0m未満,元安川・太田川
3506,132.4626814,34.3741627,1408.9,地表面,0.04,京橋川,164.1,00,想定区域外,2,0.5～3.0m未満,元安川・太田川
3507,132.4626678,34.3746132,1364.7,地表面,1.74,京橋川,152.4,00,想定区域外,1,0.5m未満,元安川・太田川
3508,132.4626542,34.3750636,1321.0,地表面,0.84,京橋川,132.0,03,0.50～0.99m,2,0.5～3.0m未満,元安川・太田川
3509,132.4626406,34.3755141,1277.7,地表面,2.34,京橋川,110.0,01,0.01～0.19m,2,0.5～3.0m未満,元安川・太田川
3510,132.462627,34.3759646,1234.9,地表面,2.74,京橋川,88.0,00,想定区域外,2,0.5～3.0m未満,元安川・太田川
3511,132.4626134,34.3764151,1192.7,内水面,0.34,京橋川,66.1,00,想定区域外,0,想定区域外,
3512,132.4625998,34.3768655,1151.1,内水面,0.24,京橋川,44.1,00,想定区域外,0,想定区域外,
3513,132.4625863,34.377316,1110.2,内水面,0.34,京橋川,19.5,00,想定区域外,0,想定区域外,
3514,132.4625727,34.3777665,1070.0,内水面,0.24,京橋川,5.9,00,想定区域外,0,想定区域外,
3515,132.4625591,34.378217,1030.8,内水面,0.34,京橋川,31.3,00,想定区域外,0,想定区域外,
3516,132.4625455,34.3786674,992.5,内水面,0.34,京橋川,57.4,00,想定区域外,0,想定区域外,
3517,132.4625319,34.3791179,955.2,地表面,4.14,京橋川,86.4,00,想定区域外,2,0.5～3.0m未満,元安川・太田川・旧太田川
3518,132.4625183,34.3795684,919.2,地表面,1.94,京橋川,115.3,00,想定区域外,2,0.5～3.0m未満,元安川・太田川・旧太田川
3519,132.4625047,34.3800189,884.6,地表面,0.94,京橋川,144.3,02,0.20～0.49m,3,3.0～5.0m未満,元安川・太田川・旧太田川
3520,132.4624911,34.3804693,851.5,地表面,2.24,京橋川,174.8,00,想定区域外,3,3.0～5.0m未満,元安川・太田川・旧太田川
3521,132.4624775,34.3809198,820.1,地表面,0.84,京橋川,207.8,00,想定区域外,3,3.0～5.0m未満,元安川・太田川・旧太田川
3522,132.4624639,34.3813703,790.6,地表面,0.94,京橋川,240.8,01,0.01～0.19m,3,3.0～5.0m未満,元安川・太田川・旧太田川
3523,132.4624503,34.3818208,763.2,地表面,0.54,京橋川,273.7,02,0.20～0.49m,3,3.0～5.0m未満,元安川・太田川・旧太田川
3524,132.4624367,34.3822712,738.2,地表面,0.64,京橋川,306.7,02,0.20～0.49m,3,3.0～5.0m未満,元安川・太田川・旧太田川
3525,132.4624231,34.3827217,715.9,地表面,0.74,京橋川,339.6,01,0.01～0.19m,3,3.0～5.0m未満,元安川・太田川・旧太田川
3526,132.4624095,34.3831722,696.4,地表面,0.84,京橋川,372.6,01,0.01～0.19m,3,3.0～5.0m未満,元安川・太田川・旧太田川
3527,132.4623959,34.3836227,680.1,地表面,0.64,京橋川,405.6,02,0.20～0.49m,3,3.0～5.0m未満,元安川・太田川・旧太田川
3528,132.4623823,34.3840731,667.1,地表面,0.84,京橋川,438.5,01,0.01～0.19m,3,3.0～5.0m未満,元安川・太田川・旧太田川
3529,132.4623687,34.3845236,657.6,地表面,0.74,京橋川,471.5,01,0.01～0.19m,3,3.0～5.0m未満,元安川・太田川・旧太田川
3530,132.4623551,34.3849741,651.9,地表面,0.84,京橋川,504.4,01,0.01～0.19m,3,3.0～5.0m未満,元安川・太田川・旧太田川
3531,132.4623415,34.3854246,650.0,地表面,0.84,京橋川,537.4,01,0.01～0.19m,3,3.0～5.0m未満,元安川・太田川・旧太田川
3532,132.4623279,34.385875,651.9,地表面,0.54,京橋川,570.4,01,0.01～0.19m,3,3.0～5.0m未満,元安川・太田川・旧太田川
3533,132.4623143,34.3863255,657.6,地表面,0.64,京橋川,603.3,00,想定区域外,3,3.0～5.0m未満,元安川・太田川・旧太田川
3534,132.4623007,34.386776,667.1,地表面,0.74,京橋川,636.3,00,想定区域外,3,3.0～5.0m未満,元安川・太田川・旧太田川
3535,132.4622871,34.3872265,680.1,地表面,1.14,京橋川,667.3,01,0.01～0.19m,3,3.0～5.0m未満,元安川・太田川・旧太田川
3536,132.4622735,34.3876769,696.4,地表面,0.74,京橋川,694.2,01,0.01～0.19m,3,3.0～5.0m未満,元安川・太田川・旧太田川
3537,132.4622599,34.3881274,715.9,地表面,0.94,京橋川,717.2,01,0.01～0.19m,3,3.0～5.0m未満,元安川・太田川・旧太田川
3538,132.4622463,34.3885779,738.2,地表面,1.04,京橋川,713.2,01,0.01～0.19m,3,3.0～5.0m未満,元安川・太田川・旧太田川
3539,132.4622327,34.3890284,763.2,地表面,0.84,京橋川,703.5,01,0.01～0.19m,3,3.0～5.0m未満,元安川・太田川・旧太田川
3540,132.4622191,34.3894788,790.6,地表面,0.84,京橋川,696.6,02,0.20～0.49m,3,3.0～5.0m未満,元安川・太田川・旧太田川
3541,132.4622055,34.3899293,820.1,地表面,0.84,京橋川,690.0,02,0.20～0.49m,3,3.0～5.0m未満,元安川・太田川・旧太田川
3542,132.4621919,34.3903798,851.5,地表面,0.84,京橋川,684.4,00,想定区域外,3,3.0～5.0m未満,元安川・太田川・旧太田川
3543,132.4621783,34.3908302,884.6,地表面,1.14,京橋川,681.9,01,0.01～0.19m,3,3.0～5.0m未満,元安川・太田川・旧太田川
3544,132.4621647,34.3912807,919.2,地表面,1.64,京橋川,679.8,00,想定区域外,3,3.0～5.0m未満,元安川・太田川・旧太田川
3545,132.4621511,34.3917312,955.2,地表面,1.64,京橋川,679.4,00,想定区域外,3,3.0～5.0m未満,元安川・太田川・旧太田川
3546,132.4621375,34.3921817,992.5,地表面,1.94,京橋川,681.6,00,想定区域外,3,3.0～5.0m未満,元安川・太田川・旧太田川
3547,132.4621239,34.3926321,1030.8,地表面,1.84,京橋川,684.2,00,想定区域外,3,3.0～5.0m未満,元安川・太田川・旧太田川
3548,132.4621102,34.3930826,1070.0,地表面,1.74,京橋川,689.6,00,想定区域外,3,3.0～5.0m未満,元安川・太田川・旧太田川
3549,132.4620966,34.3935331,1110.2,地表面,1.74,京橋川,698.6,00,想定区域外,3,3.0～5.0m未満,元安川・太田川・旧太田川
3550,132.462083,34.3939836,1151.1,地表面,1.64,京橋川,709.0,01,0.01～0.19m,3,3.0～5.0m未満,元安川・太田川・旧太田川
3551,132.4620694,34.394434,1192.7,地表面,1.74,京橋川,719.1,01,0.01～0.19m,3,3.0～5.0m未満,元安川・太田川・旧太田川
3552,132.4620558,34.3948845,1234.9,地表面,1.94,京橋川,729.0,00,想定区域外,3,3.0～5.0m未満,元安川・太田川・旧太田川
3553,132.4620422,34.395335,1277.7,地表面,1.74,京橋川,740.2,02,0.20～0.49m,3,3.0～5.0m未満,元安川・太田川・旧太田川
3554,132.4620286,34.3957855,1321.0,地表面,1.84,京橋川,752.8,01,0.01～0.19m,3,3.0～5.0m未満,元安川・太田川・旧太田川
3555,132.462015,34.3962359,1364.7,地表面,2.14,京橋川,765.5,01,0.01～0.19m,3,3.0～5.0m未満,元安川・太田川・旧太田川
3556,132.4620014,34.3966864,1408.9,地表面,2.04,京橋川,764.4,02,0.20～0.49m,3,3.0～5.0m未満,元安川・太田川・旧太田川
3557,132.4619878,34.3971369,1453.4,地表面,2.24,京橋川,731.8,01,0.01～0.19m,3,3.0～5.0m未満,元安川・太田川・旧太田川
3558,132.4619742,34.3975873,1498.3,地表面,2.14,京橋川,700.7,02,0.20～0.49m,3,3.0～5.0m未満,元安川・太田川・旧太田川
3559,132.4619606,34.3980378,1543.5,地表面,2.14,京橋川,669.9,01,0.01～0.19m,3,3.0～5.0m未満,元安川・太田川・旧太田川
3560,132.461947,34.3984883,1589.0,地表面,2.34,京橋川,641.1,01,0.01～0.19m,3,3.0～5.0m未満,元安川・太田川・旧太田川
3561,132.4619334,34.3989388,1634.8,地表面,2.94,京橋川,615.0,00,想定区域外,3,3.0～5.0m未満,元安川・太田川・旧太田川
3562,132.4619197,34.3993892,1680.8,地表面,3.14,京橋川,592.0,00,想定区域外,3,3.0～5.0m未満,元安川・太田川・旧太田川
3563,132.4619061,34.3998397,1727.0,地表面,3.14,京橋川,572.5,00,想定区域外,3,3.0～5.0m未満,元安川・太田川・旧太田川
3564,132.4618925,34.4002902,1773.4,地表面,3.04,京橋川,556.4,00,想定区域外,3,3.0～5.0m未満,元安川・太田川・旧太田川
3565,132.4618789,34.4007407,1820.0,地表面,2.64,京橋川,541.0,01,0.01～0.19m,3,3.0～5.0m未満,元安川・太田川・旧太田川
3566,132.4618653,34.4011911,1866.8,地表面,2.84,京橋川,529.0,00,想定区域外,3,3.0～5.0m未満,元安川・太田川・旧太田川
3567,132.4618517,34.4016416,1913.8,地表面,3.14,京橋川,521.0,01,0.01～0.19m,3,3.0～5.0m未満,元安川・太田川・旧太田川
3568,132.4618381,34.4020921,1960.9,地表面,2.94,京橋川,514.0,01,0.01～0.19m,3,3.0～5.0m未満,元安川・太田川・旧太田川
3569,132.4633878,34.3687683,1978.0,地表面,-0.16,京橋川,317.9,01,0.01～0.19m,2,0.5～3.0m未満,元安川・太田川
3570,132.4633742,34.3692187,1931.3,地表面,0.04,京橋川,297.6,00,想定区域外,2,0.5～3.0m未満,元安川・太田川
3571,132.4633606,34.3696692,1884.8,地表面,0.84,京橋川,281.6,00,想定区域外,2,0.5～3.0m未満,元安川・太田川
3572,132.463347,34.3701197,1838.5,地表面,1.24,京橋川,265.6,00,想定区域外,2,0.5～3.0m未満,元安川・太田川
3573,132.4633334,34.3705702,1792.3,地表面,2.84,京橋川,252.9,00,想定区域外,0,想定区域外,
3574,132.4633198,34.3710206,1746.4,地表面,1.24,京橋川,246.2,01,0.01～0.19m,2,0.5～3.0m未満,元安川・太田川
3575,132.4633062,34.3714711,1700.7,地表面,0.54,京橋川,240.0,00,想定区域外,2,0.5～3.0m未満,元安川・太田川
3576,132.4632927,34.3719216,1655.3,地表面,-0.06,京橋川,236.2,01,0.01～0.19m,2,0.5～3.0m未満,元安川・太田川
3577,132.4632791,34.3723721,1610.1,地表面,0.24,京橋川,232.3,01,0.01～0.19m,2,0.5～3.0m未満,元安川・太田川
3578,132.4632655,34.3728225,1565.2,地表面,0.14,京橋川,228.5,01,0.01～0.19m,2,0.5～3.0m未満,元安川・太田川
3579,132.4632519,34.373273,1520.7,地表面,0.24,京橋川,224.7,01,0.01～0.19m,2,0.5～3.0m未満,元安川・太田川
3580,132.4632383,34.3737235,1476.5,地表面,0.14,京橋川,219.5,01,0.01～0.19m,2,0.5～3.0m未満,元安川・太田川
3581,132.4632247,34.374174,1432.7,地表面,0.14,京橋川,213.3,01,0.01～0.19m,2,0.5～3.0m未満,元安川・太田川
3582,132.4632111,34.3746244,1389.2,地表面,0.84,京橋川,198.8,00,想定区域外,1,0.5m未満,元安川・太田川
3583,132.4631975,34.3750749,1346.3,地表面,1.24,京橋川,176.9,01,0.01～0.19m,2,0.5～3.0m未満,元安川・太田川
3584,132.4631839,34.3755254,1303.8,地表面,2.34,京橋川,154.9,01,0.01～0.19m,1,0.5m未満,元安川・太田川
3585,132.4631703,34.3759759,1261.9,地表面,2.04,京橋川,133.0,00,想定区域外,1,0.5m未満,元安川・太田川
3586,132.4631568,34.3764263,1220.7,地表面,1.84,京橋川,111.0,00,想定区域外,2,0.5～3.0m未満,元安川・太田川
3587,132.4631432,34.3768768,1180.0,地表面,3.04,京橋川,88.0,03,0.50～0.99m,1,0.5m未満,元安川・太田川
3588,132.4631296,34.3773273,1140.2,地表面,0.44,京橋川,62.6,00,想定区域外,0,想定区域外,
3589,132.463116,34.3777778,1101.1,内水面,0.24,京橋川,37.2,00,想定区域外,0,想定区域外,
3590,132.4631024,34.3782282,1063.0,内水面,0.34,京橋川,11.8,00,想定区域外,0,想定区域外,
3591,132.4630888,34.3786787,1025.9,内水面,0.34,京橋川,16.7,00,想定区域外,0,想定区域外,
3592,132.4630752,34.3791292,989.9,内水面,0.34,京橋川,45.6,00,想定区域外,0,想定区域外,
3593,132.4630616,34.3795797,955.2,内水面,0.24,京橋川,74.6,00,想定区域外,0,想定区域外,
3594,132.463048,34.3800301,922.0,地表面,1.94,京橋川,104.3,01,0.01～0.19m,3,3.0～5.0m未満,元安川・太田川・旧太田川
3595,132.4630344,34.3804806,890.2,地表面,0.54,京橋川,137.2,02,0.20～0.49m,3,3.0～5.0m未満,元安川・太田川・旧太田川
3596,132.4630208,34.3809311,860.2,地表面,1.74,京橋川,170.2,00,想定区域外,3,3.0～5.0m未満,元安川・太田川・旧太田川
3597,132.4630072,34.3813816,832.2,地表面,2.34,京橋川,203.2,00,想定区域外,2,0.5～3.0m未満,元安川・太田川・旧太田川
3598,132.4629936,34.381832,806.2,地表面,0.84,京橋川,236.1,01,0.01～0.19m,3,3.0～5.0m未満,元安川・太田川・旧太田川
3599,132.46298,34.3822825,782.6,地表面,0.54,京橋川,269.1,02,0.20～0.49m,3,3.0～5.0m未満,元安川・太田川・旧太田川
3600,132.4629664,34.382733,761.6,地表面,0.84,京橋川,302.0,01,0.01～0.19m,3,3.0～5.0m未満,元安川・太田川・旧太田川
3601,132.4629528,34.3831835,743.3,地表面,0.54,京橋川,335.0,01,0.01～0.19m,3,3.0～5.0m未満,元安川・太田川・旧太田川
3602,132.4629392,34.3836339,728.0,地表面,0.54,京橋川,368.0,02,0.20～0.49m,3,3.0～5.0m未満,元安川・太田川・旧太田川
3603,132.4629257,34.3840844,715.9,地表面,0.54,京橋川,400.9,01,0.01～0.19m,3,3.0～5.0m未満,元安川・太田川・旧太田川
3604,132.4629121,34.3845349,707.1,地表面,0.74,京橋川,433.9,01,0.01～0.19m,3,3.0～5.0m未満,元安川・太田川・旧太田川
3605,132.4628985,34.3849854,701.8,地表面,0.74,京橋川,466.8,00,想定区域外,3,3.0～5.0m未満,元安川・太田川・旧太田川
3606,132.4628849,34.3854358,700.0,地表面,0.64,京橋川,499.8,01,0.01～0.19m,3,3.0～5.0m未満,元安川・太田川・旧太田川
3607,132.4628713,34.3858863,701.8,地表面,0.84,京橋川,532.8,01,0.01～0.19m,3,3.0～5.0m未満,元安川・太田川・旧太田川
3608,132.4628577,34.3863368,707.1,地表面,-2.26,京橋川,565.7,04,1.00m以上,4,5.0～10.0m未満,元安川・太田川・旧太田川
3609,132.4628441,34.3867873,715.9,地表面,0.94,京橋川,597.6,00,想定区域外,3,3.0～5.0m未満,元安川・太田川・旧太田川
3610,132.4628305,34.3872377,728.0,地表面,0.94,京橋川,626.6,00,想定区域外,3,3.0～5.0m未満,元安川・太田川・旧太田川
3611,132.4628169,34.3876882,743.3,地表面,1.24,京橋川,649.8,00,想定区域外,3,3.0～5.0m未満,元安川・太田川・旧太田川
3612,132.4628033,34.3881387,761.6,地表面,1.14,京橋川,672.8,01,0.01～0.19m,3,3.0～5.0m未満,元安川・太田川・旧太田川
3613,132.4627897,34.3885892,782.6,地表面,1.24,京橋川,664.6,00,想定区域外,3,3.0～5.0m未満,元安川・太田川・旧太田川
3614,132.4627761,34.3890396,806.2,地表面,0.84,京橋川,654.2,01,0.01～0.19m,3,3.0～5.0m未満,元安川・太田川・旧太田川
3615,132.4627625,34.3894901,832.2,地表面,0.94,京橋川,647.0,01,0.01～0.19m,3,3.0～5.0m未満,元安川・太田川・旧太田川
3616,132.4627489,34.3899406,860.2,地表面,1.04,京橋川,640.4,01,0.01～0.19m,3,3.0～5.0m未満,元安川・太田川・旧太田川
3617,132.4627353,34.390391,890.2,地表面,1.24,京橋川,634.6,01,0.01～0.19m,3,3.0～5.0m未満,元安川・太田川・旧太田川
3618,132.4627217,34.3908415,922.0,地表面,1.14,京橋川,632.0,01,0.01～0.19m,3,3.0～5.0m未満,元安川・太田川・旧太田川
3619,132.4627081,34.391292,955.2,地表面,1.44,京橋川,629.8,00,想定区域外,3,3.0～5.0m未満,元安川・太田川・旧太田川
3620,132.4626945,34.3917425,989.9,地表面,1.64,京橋川,629.4,00,想定区域外,3,3.0～5.0m未満,元安川・太田川・旧太田川
3621,132.4626809,34.3921929,1025.9,地表面,1.84,京橋川,631.7,00,想定区域外,3,3.0～5.0m未満,元安川・太田川・旧太田川
3622,132.4626673,34.3926434,1063.0,地表面,1.94,京橋川,634.3,00,想定区域外,3,3.0～5.0m未満,元安川・太田川・旧太田川
3623,132.4626537,34.3930939,1101.1,地表面,1.74,京橋川,640.2,00,想定区域外,3,3.0～5.0m未満,元安川・太田川・旧太田川
3624,132.4626401,34.3935444,1140.2,地表面,1.74,京橋川,649.7,00,想定区域外,3,3.0～5.0m未満,元安川・太田川・旧太田川
3625,132.4626265,34.3939948,1180.0,地表面,1.64,京橋川,660.0,01,0.01～0.19m,3,3.0～5.0m未満,元安川・太田川・旧太田川
3626,132.4626129,34.3944453,1220.7,地表面,1.64,京橋川,670.1,02,0.20～0.49m,3,3.0～5.0m未満,元安川・太田川・旧太田川
3627,132.4625992,34.3948958,1261.9,地表面,1.64,京橋川,680.0,01,0.01～0.19m,3,3.0～5.0m未満,元安川・太田川・旧太田川
3628,132.4625856,34.3953463,1303.8,地表面,2.04,京橋川,691.8,02,0.20～0.49m,3,3.0～5.0m未満,元安川・太田川・旧太田川
3629,132.462572,34.3957967,1346.3,地表面,1.84,京橋川,704.5,01,0.01～0.19m,3,3.0～5.0m未満,元安川・太田川・旧太田川
3630,132.4625584,34.3962472,1389.2,地表面,2.34,京橋川,717.2,00,想定区域外,3,3.0～5.0m未満,元安川・太田川・旧太田川
3631,132.4625448,34.3966977,1432.7,地表面,2.64,京橋川,728.2,00,想定区域外,3,3.0～5.0m未満,元安川・太田川・旧太田川
3632,132.4625312,34.3971482,1476.5,地表面,2.14,京橋川,693.8,00,想定区域外,3,3.0～5.0m未満,元安川・太田川・旧太田川
3633,132.4625176,34.3975986,1520.7,地表面,1.94,京橋川,661.4,01,0.01～0.19m,3,3.0～5.0m未満,元安川・太田川・旧太田川
3634,132.462504,34.3980491,1565.2,地表面,2.34,京橋川,630.5,01,0.01～0.19m,3,3.0～5.0m未満,元安川・太田川・旧太田川
3635,132.4624904,34.3984996,1610.1,地表面,2.14,京橋川,600.0,01,0.01～0.19m,3,3.0～5.0m未満,元安川・太田川・旧太田川
3636,132.4624768,34.39895,1655.3,地表面,2.84,京橋川,572.0,00,想定区域外,3,3.0～5.0m未満,元安川・太田川・旧太田川
3637,132.4624632,34.3994005,1700.7,地表面,3.24,京橋川,547.2,00,想定区域外,3,3.0～5.0m未満,元安川・太田川・旧太田川
3638,132.4624496,34.399851,1746.4,地表面,3.04,京橋川,526.0,00,想定区域外,3,3.0～5.0m未満,元安川・太田川・旧太田川
3639,132.462436,34.4003015,1792.3,地表面,3.14,京橋川,508.8,00,想定区域外,3,3.0～5.0m未満,元安川・太田川・旧太田川
3640,132.4624224,34.4007519,1838.5,地表面,2.34,京橋川,493.3,02,0.20～0.49m,3,3.0～5.0m未満,元安川・太田川・旧太田川
3641,132.4624088,34.4012024,1884.8,地表面,3.34,京橋川,480.1,00,想定区域外,3,3.0～5.0m未満,元安川・太田川・旧太田川
3642,132.4623952,34.4016529,1931.3,地表面,3.24,京橋川,471.5,00,想定区域外,3,3.0～5.0m未満,元安川・太田川・旧太田川
3643,132.4623815,34.4021034,1978.0,地表面,3.34,京橋川,464.4,00,想定区域外,3,3.0～5.0m未満,元安川・太田川・旧太田川
3644,132.463931,34.3687795,1996.2,地表面,-0.06,京橋川,362.8,00,想定区域外,2,0.5～3.0m未満,元安川・太田川
3645,132.4639174,34.36923,1950.0,地表面,0.64,京橋川,344.9,00,想定区域外,2,0.5～3.0m未満,元安川・太田川
3646,132.4639039,34.3696805,1903.9,地表面,0.74,京橋川,329.0,00,想定区域外,2,0.5～3.0m未満,元安川・太田川
3647,132.4638903,34.370131,1858.1,地表面,1.64,京橋川,313.1,00,想定区域外,2,0.5～3.0m未満,元安川・太田川
3648,132.4638767,34.3705814,1812.5,地表面,0.14,京橋川,302.3,01,0.01～0.19m,2,0.5～3.0m未満,元安川・太田川
3649,132.4638631,34.3710319,1767.1,地表面,-0.26,京橋川,295.8,02,0.20～0.49m,2,0.5～3.0m未満,元安川・太田川
3650,132.4638495,34.3714824,1721.9,地表面,-0.06,京橋川,289.9,01,0.01～0.19m,2,0.5～3.0m未満,元安川・太田川
3651,132.4638359,34.3719329,1677.1,地表面,-0.06,京橋川,286.0,01,0.01～0.19m,2,0.5～3.0m未満,元安川・太田川
3652,132.4638223,34.3723833,1632.5,地表面,-0.16,京橋川,282.2,02,0.20～0.49m,2,0.5～3.0m未満,元安川・太田川
3653,132.4638088,34.3728338,1588.2,地表面,0.04,京橋川,278.3,02,0.20～0.49m,2,0.5～3.0m未満,元安川・太田川
3654,132.4637952,34.3732843,1544.3,地表面,0.04,京橋川,274.5,01,0.01～0.19m,2,0.5～3.0m未満,元安川・太田川
3655,132.4637816,34.3737348,1500.8,地表面,0.14,京橋川,269.2,01,0.01～0.19m,2,0.5～3.0m未満,元安川・太田川
3656,132.463768,34.3741852,1457.7,地表面,0.24,京橋川,261.7,01,0.01～0.19m,2,0.5～3.0m未満,元安川・太田川
3657,132.4637544,34.3746357,1415.1,地表面,0.94,京橋川,243.8,00,想定区域外,1,0.5m未満,元安川・太田川
3658,132.4637408,34.3750862,1373.0,地表面,2.14,京橋川,221.8,00,想定区域外,1,0.5m未満,元安川・太田川
3659,132.4637272,34.3755367,1331.4,地表面,2.24,京橋川,199.8,01,0.01～0.19m,2,0.5～3.0m未満,元安川・太田川
3660,132.4637136,34.3759871,1290.3,地表面,2.14,京橋川,177.9,00,想定区域外,1,0.5m未満,元安川・太田川
3661,132.4637001,34.3764376,1250.0,地表面,2.04,京橋川,155.9,00,想定区域外,1,0.5m未満,元安川・太田川
3662,132.4636865,34.3768881,1210.4,地表面,1.94,京橋川,131.0,00,想定区域外,1,0.5m未満,元安川・太田川
3663,132.4636729,34.3773386,1171.5,地表面,2.04,京橋川,105.7,01,0.01～0.19m,2,0.5～3.0m未満,元安川・太田川
3664,132.4636593,34.377789,1133.6,地表面,3.14,京橋川,80.3,00,想定区域外,2,0.5～3.0m未満,元安川・太田川
3665,132.4636457,34.3782395,1096.6,内水面,0.34,京橋川,53.1,00,想定区域外,0,想定区域外,
3666,132.4636321,34.37869,1060.7,内水面,0.24,京橋川,24.1,00,想定区域外,0,想定区域外,
3667,132.4636185,34.3791405,1025.9,内水面,0.24,京橋川,4.8,00,想定区域外,0,想定区域外,
3668,132.4636049,34.3795909,992.5,内水面,0.34,京橋川,33.8,00,想定区域外,0,想定区域外,
3669,132.4635913,34.3800414,960.5,内水面,0.34,京橋川,66.7,00,想定区域外,0,想定区域外,
3670,132.4635777,34.3804919,930.1,地表面,2.14,京橋川,99.6,00,想定区域外,2,0.5～3.0m未満,元安川・太田川・旧太田川
3671,132.4635642,34.3809424,901.4,地表面,0.64,京橋川,132.6,03,0.50～0.99m,3,3.0～5.0m未満,元安川・太田川・旧太田川
3672,132.4635506,34.3813928,874.6,地表面,2.14,京橋川,165.6,00,想定区域外,2,0.5～3.0m未満,元安川・太田川・旧太田川
3673,132.463537,34.3818433,850.0,地表面,0.74,京橋川,198.5,01,0.01～0.19m,3,3.0～5.0m未満,元安川・太田川・旧太田川
3674,132.4635234,34.3822938,827.6,地表面,0.94,京橋川,231.5,01,0.01～0.19m,3,3.0～5.0m未満,元安川・太田川・旧太田川
3675,132.4635098,34.3827443,807.8,地表面,1.04,京橋川,264.4,01,0.01～0.19m,3,3.0～5.0m未満,元安川・太田川・旧太田川
3676,132.4634962,34.3831947,790.6,地表面,0.64,京橋川,297.4,01,0.01～0.19m,3,3.0～5.0m未満,元安川・太田川・旧太田川
3677,132.4634826,34.3836452,776.2,地表面,0.84,京橋川,330.4,01,0.01～0.19m,3,3.0～5.0m未満,元安川・太田川・旧太田川
3678,132.463469,34.3840957,764.9,地表面,0.74,京橋川,363.3,01,0.01～0.19m,3,3.0～5.0m未満,元安川・太田川・旧太田川
3679,132.4634554,34.3845462,756.6,地表面,0.74,京橋川,396.3,00,想定区域外,3,3.0～5.0m未満,元安川・太田川・旧太田川
3680,132.4634418,34.3849966,751.7,地表面,0.84,京橋川,429.2,02,0.20～0.49m,3,3.0～5.0m未満,元安川・太田川・旧太田川
3681,132.4634282,34.3854471,750.0,地表面,0.44,京橋川,462.2,01,0.01～0.19m,3,3.0～5.0m未満,元安川・太田川・旧太田川
3682,132.4634146,34.3858976,751.7,地表面,0.94,京橋川,495.2,00,想定区域外,3,3.0～5.0m未満,元安川・太田川・旧太田川
3683,132.463401,34.3863481,756.6,地表面,0.64,京橋川,527.8,00,想定区域外,3,3.0～5.0m未満,元安川・太田川・旧太田川
3684,132.4633874,34.3867985,764.9,地表面,0.54,京橋川,556.9,01,0.01～0.19m,3,3.0～5.0m未満,元安川・太田川・旧太田川
3685,132.4633738,34.387249,776.2,地表面,0.84,京橋川,582.4,01,0.01～0.19m,3,3.0～5.0m未満,元安川・太田川・旧太田川
3686,132.4633603,34.3876995,790.6,地表面,0.94,京橋川,605.4,01,0.01～0.19m,3,3.0～5.0m未満,元安川・太田川・旧太田川
3687,132.4633467,34.38815,807.8,地表面,0.74,京橋川,628.5,01,0.01～0.19m,3,3.0～5.0m未満,元安川・太田川・旧太田川
3688,132.4633331,34.3886004,827.6,地表面,1.14,京橋川,616.3,02,0.20～0.49m,3,3.0～5.0m未満,元安川・太田川・旧太田川
3689,132.4633195,34.3890509,850.0,地表面,0.54,京橋川,605.0,02,0.20～0.49m,3,3.0～5.0m未満,元安川・太田川・旧太田川
3690,132.4633059,34.3895014,874.6,地表面,0.84,京橋川,597.5,02,0.20～0.49m,3,3.0～5.0m未満,元安川・太田川・旧太田川
3691,132.4632923,34.3899518,901.4,地表面,1.04,京橋川,590.9,01,0.01～0.19m,3,3.0～5.0m未満,元安川・太田川・旧太田川
3692,132.4632787,34.3904023,930.1,地表面,1.04,京橋川,584.8,02,0.20～0.49m,3,3.0～5.0m未満,元安川・太田川・旧太田川
3693,132.4632651,34.3908528,960.5,地表面,1.64,京橋川,582.0,01,0.01～0.19m,3,3.0～5.0m未満,元安川・太田川・旧太田川
3694,132.4632515,34.3913033,992.5,地表面,1.44,京橋川,579.9,00,想定区域外,3,3.0～5.0m未満,元安川・太田川・旧太田川
3695,132.4632379,34.3917537,1025.9,地表面,1.84,京橋川,579.4,00,想定区域外,3,3.0～5.0m未満,元安川・太田川・旧太田川
3696,132.4632243,34.3922042,1060.7,地表面,1.64,京橋川,581.7,00,想定区域外,3,3.0～5.0m未満,元安川・太田川・旧太田川
3697,132.4632107,34.3926547,1096.6,地表面,1.74,京橋川,584.5,01,0.01～0.19m,3,3.0～5.0m未満,元安川・太田川・旧太田川
3698,132.4631971,34.3931052,1133.6,地表面,1.74,京橋川,590.9,01,0.01～0.19m,3,3.0～5.0m未満,元安川・太田川・旧太田川
3699,132.4631835,34.3935556,1171.5,地表面,1.94,京橋川,600.8,00,想定区域外,3,3.0～5.0m未満,元安川・太田川・旧太田川
3700,132.4631699,34.3940061,1210.4,地表面,1.54,京橋川,611.1,01,0.01～0.19m,3,3.0～5.0m未満,元安川・太田川・旧太田川
3701,132.4631563,34.3944566,1250.0,地表面,1.64,京橋川,621.1,01,0.01～0.19m,3,3.0～5.0m未満,元安川・太田川・旧太田川
3702,132.4631427,34.3949071,1290.3,地表面,1.94,京橋川,631.1,00,想定区域外,3,3.0～5.0m未満,元安川・太田川・旧太田川
3703,132.4631291,34.3953575,1331.4,地表面,1.94,京橋川,643.4,00,想定区域外,3,3.0～5.0m未満,元安川・太田川・旧太田川
3704,132.4631155,34.395808,1373.0,地表面,1.84,京橋川,656.1,02,0.20～0.49m,3,3.0～5.0m未満,元安川・太田川・旧太田川
3705,132.4631019,34.3962585,1415.1,地表面,1.34,京橋川,668.8,02,0.20～0.49m,4,5.0～10.0m未満,元安川・太田川・旧太田川
3706,132.4630883,34.396709,1457.7,地表面,1.94,京橋川,681.5,00,想定区域外,3,3.0～5.0m未満,元安川・太田川・旧太田川
3707,132.4630747,34.3971594,1500.8,地表面,2.14,京橋川,657.5,00,想定区域外,3,3.0～5.0m未満,元安川・太田川・旧太田川
3708,132.4630611,34.3976099,1544.3,地表面,2.24,京橋川,623.2,01,0.01～0.19m,3,3.0～5.0m未満,元安川・太田川・旧太田川
3709,132.4630475,34.3980604,1588.2,地表面,2.14,京橋川,591.2,00,想定区域外,3,3.0～5.0m未満,元安川・太田川・旧太田川
3710,132.4630339,34.3985108,1632.5,地表面,3.44,京橋川,560.3,00,想定区域外,3,3.0～5.0m未満,元安川・太田川・旧太田川
3711,132.4630203,34.3989613,1677.1,地表面,3.44,京橋川,530.3,00,想定区域外,3,3.0～5.0m未満,元安川・太田川・旧太田川
3712,132.4630067,34.3994118,1721.9,地表面,3.14,京橋川,503.4,00,想定区域外,3,3.0～5.0m未満,元安川・太田川・旧太田川
3713,132.462993,34.3998623,1767.1,地表面,2.94,京橋川,480.3,00,想定区域外,3,3.0～5.0m未満,元安川・太田川・旧太田川
3714,132.4629794,34.4003127,1812.5,地表面,3.04,京橋川,461.4,01,0.01～0.19m,3,3.0～5.0m未満,元安川・太田川・旧太田川
3715,132.4629658,34.4007632,1858.1,地表面,3.04,京橋川,445.8,00,想定区域外,3,3.0～5.0m未満,元安川・太田川・旧太田川
3716,132.4629522,34.4012137,1903.9,地表面,3.04,京橋川,431.4,00,想定区域外,3,3.0～5.0m未満,元安川・太田川・旧太田川
3717,132.4629386,34.4016642,1950.0,地表面,3.24,京橋川,422.1,00,想定区域外,3,3.0～5.0m未満,元安川・太田川・旧太田川
3718,132.462925,34.4021146,1996.2,地表面,5.24,京橋川,414.8,00,想定区域外,2,0.5～3.0m未満,元安川・太田川・旧太田川
3719,132.4644607,34.3692413,1969.8,地表面,1.44,京橋川,392.3,00,想定区域外,2,0.5～3.0m未満,元安川・太田川
3720,132.4644471,34.3696917,1924.2,地表面,0.24,京橋川,376.4,00,想定区域外,2,0.5～3.0m未満,元安川・太田川
3721,132.4644335,34.3701422,1878.8,地表面,0.14,京橋川,361.2,01,0.01～0.19m,2,0.5～3.0m未満,元安川・太田川
3722,132.46442,34.3705927,1833.7,地表面,-0.26,京橋川,351.8,02,0.20～0.49m,2,0.5～3.0m未満,元安川・太田川
3723,132.4644064,34.3710432,1788.9,地表面,0.04,京橋川,345.4,01,0.01～0.19m,2,0.5～3.0m未満,元安川・太田川
3724,132.4643928,34.3714936,1744.3,地表面,0.04,京橋川,339.7,02,0.20～0.49m,2,0.5～3.0m未満,元安川・太田川
3725,132.4643792,34.3719441,1700.0,地表面,0.24,京橋川,335.9,02,0.20～0.49m,2,0.5～3.0m未満,元安川・太田川
3726,132.4643656,34.3723946,1656.0,地表面,0.04,京橋川,332.0,02,0.20～0.49m,2,0.5～3.0m未満,元安川・太田川
3727,132.464352,34.3728451,1612.5,地表面,-0.06,京橋川,328.2,02,0.20～0.49m,2,0.5～3.0m未満,元安川・太田川
3728,132.4643385,34.3732955,1569.2,地表面,0.14,京橋川,324.4,01,0.01～0.19m,2,0.5～3.0m未満,元安川・太田川
3729,132.4643249,34.373746,1526.4,地表面,-0.06,京橋川,318.8,01,0.01～0.19m,2,0.5～3.0m未満,元安川・太田川
3730,132.4643113,34.3741965,1484.1,地表面,0.24,京橋川,310.1,00,想定区域外,2,0.5～3.0m未満,元安川・太田川
3731,132.4642977,34.374647,1442.2,地表面,1.04,京橋川,288.7,00,想定区域外,2,0.5～3.0m未満,元安川・太田川
3732,132.4642841,34.3750974,1400.9,地表面,1.64,京橋川,266.7,00,想定区域外,2,0.5～3.0m未満,元安川
3733,132.4642705,34.3755479,1360.1,地表面,2.04,京橋川,244.8,01,0.01～0.19m,1,0.5m未満,元安川・太田川
3734,132.464257,34.3759984,1320.0,地表面,2.24,京橋川,222.8,00,想定区域外,1,0.5m未満,元安川・太田川
3735,132.4642434,34.3764489,1280.6,地表面,2.14,京橋川,199.5,00,想定区域外,1,0.5m未満,元安川・太田川
3736,132.4642298,34.3768994,1242.0,地表面,2.24,京橋川,174.1,00,想定区域外,0,想定区域外,
3737,132.4642162,34.3773498,1204.2,地表面,1.64,京橋川,148.7,00,想定区域外,2,0.5～3.0m未満,元安川・太田川
3738,132.4642026,34.3778003,1167.3,地表面,1.54,京橋川,122.8,00,想定区域外,2,0.5～3.0m未満,元安川・太田川
3739,132.464189,34.3782508,1131.4,地表面,1.34,京橋川,93.8,00,想定区域外,2,0.5～3.0m未満,元安川・太田川
3740,132.4641754,34.3787013,1096.6,地表面,3.44,京橋川,64.9,00,想定区域外,1,0.5m未満,元安川・太田川
3741,132.4641618,34.3791517,1063.0,内水面,0.34,京橋川,35.9,00,想定区域外,0,想定区域外,
3742,132.4641483,34.3796022,1030.8,内水面,0.24,京橋川,3.9,00,想定区域外,0,想定区域外,
3743,132.4641347,34.3800527,1000.0,内水面,0.34,京橋川,29.1,00,想定区域外,0,想定区域外,
3744,132.4641211,34.3805032,970.8,内水面,0.34,京橋川,62.0,00,想定区域外,0,想定区域外,
3745,132.4641075,34.3809536,943.4,地表面,1.54,京橋川,95.0,00,想定区域外,2,0.5～3.0m未満,元安川・太田川・旧太田川
3746,132.4640939,34.3814041,917.9,地表面,1.94,京橋川,128.0,00,想定区域外,3,3.0～5.0m未満,元安川・太田川・旧太田川
3747,132.4640803,34.3818546,894.4,地表面,1.74,京橋川,160.9,00,想定区域外,3,3.0～5.0m未満,元安川・太田川・旧太田川
3748,132.4640667,34.3823051,873.2,地表面,0.94,京橋川,193.9,01,0.01～0.19m,3,3.0～5.0m未満,元安川・太田川・旧太田川
3749,132.4640531,34.3827555,854.4,地表面,1.04,京橋川,226.8,00,想定区域外,3,3.0～5.0m未満,元安川・太田川・旧太田川
3750,132.4640395,34.383206,838.2,地表面,1.04,京橋川,259.8,01,0.01～0.19m,3,3.0～5.0m未満,元安川・太田川・旧太田川
3751,132.464026,34.3836565,824.6,地表面,0.84,京橋川,292.8,00,想定区域外,3,3.0～5.0m未満,元安川・太田川・旧太田川
3752,132.4640124,34.384107,813.9,地表面,0.74,京橋川,325.7,01,0.01～0.19m,3,3.0～5.0m未満,元安川・太田川・旧太田川
3753,132.4639988,34.3845574,806.2,地表面,0.44,京橋川,358.7,02,0.20～0.49m,3,3.0～5.0m未満,元安川・太田川・旧太田川
3754,132.4639852,34.3850079,801.6,地表面,0.64,京橋川,391.6,01,0.01～0.19m,3,3.0～5.0m未満,元安川・太田川・旧太田川
3755,132.4639716,34.3854584,800.0,地表面,0.74,京橋川,424.6,00,想定区域外,3,3.0～5.0m未満,元安川・太田川・旧太田川
3756,132.463958,34.3859089,801.6,地表面,1.04,京橋川,457.6,01,0.01～0.19m,3,3.0～5.0m未満,元安川・太田川・旧太田川
3757,132.4639444,34.3863593,806.2,地表面,1.24,京橋川,487.1,00,想定区域外,3,3.0～5.0m未満,元安川・太田川・旧太田川
3758,132.4639308,34.3868098,813.9,地表面,0.74,京橋川,515.1,01,0.01～0.19m,3,3.0～5.0m未満,元安川・太田川・旧太田川
3759,132.4639172,34.3872603,824.6,地表面,0.54,京橋川,538.0,01,0.01～0.19m,3,3.0～5.0m未満,元安川・太田川・旧太田川
3760,132.4639036,34.3877107,838.2,地表面,0.84,京橋川,561.0,01,0.01～0.19m,3,3.0～5.0m未満,元安川・太田川・旧太田川
3761,132.46389,34.3881612,854.4,地表面,1.24,京橋川,580.9,00,想定区域外,3,3.0～5.0m未満,元安川・太田川・旧太田川
3762,132.4638764,34.3886117,873.2,地表面,0.94,京橋川,568.0,01,0.01～0.19m,3,3.0～5.0m未満,元安川・太田川・旧太田川
3763,132.4638629,34.3890622,894.4,地表面,0.64,京橋川,556.0,02,0.20～0.49m,3,3.0～5.0m未満,元安川・太田川・旧太田川
3764,132.4638493,34.3895126,917.9,地表面,1.04,京橋川,547.9,02,0.20～0.49m,3,3.0～5.0m未満,元安川・太田川・旧太田川
3765,132.4638357,34.3899631,943.4,地表面,0.94,京橋川,541.3,02,0.20～0.49m,3,3.0～5.0m未満,元安川・太田川・旧太田川
3766,132.4638221,34.3904136,970.8,地表面,0.64,京橋川,535.0,02,0.20～0.49m,3,3.0～5.0m未満,元安川・太田川・旧太田川
3767,132.4638085,34.3908641,1000.0,地表面,0.84,京橋川,532.0,02,0.20～0.49m,3,3.0～5.0m未満,元安川・太田川・旧太田川
3768,132.4637949,34.3913145,1030.8,地表面,1.04,京橋川,529.9,01,0.01～0.19m,3,3.0～5.0m未満,元安川・太田川・旧太田川
3769,132.4637813,34.391765,1063.0,地表面,1.54,京橋川,529.5,00,想定区域外,3,3.0～5.0m未満,元安川・太田川・旧太田川
3770,132.4637677,34.3922155,1096.6,地表面,1.64,京橋川,531.8,00,想定区域外,3,3.0～5.0m未満,元安川・太田川・旧太田川
3771,132.4637541,34.392666,1131.4,地表面,1.64,京橋川,534.7,01,0.01～0.19m,3,3.0～5.0m未満,元安川・太田川・旧太田川
3772,132.4637405,34.3931164,1167.3,地表面,1.64,京橋川,541.7,01,0.01～0.19m,3,3.0～5.0m未満,元安川・太田川・旧太田川
3773,132.4637269,34.3935669,1204.2,地表面,1.64,京橋川,551.9,01,0.01～0.19m,3,3.0～5.0m未満,元安川・太田川・旧太田川
3774,132.4637133,34.3940174,1242.0,地表面,1.44,京橋川,562.2,01,0.01～0.19m,3,3.0～5.0m未満,元安川・太田川・旧太田川
3775,132.4636997,34.3944679,1280.6,地表面,1.74,京橋川,572.1,01,0.01～0.19m,3,3.0～5.0m未満,元安川・太田川・旧太田川
3776,132.4636861,34.3949183,1320.0,地表面,1.94,京橋川,582.4,01,0.01～0.19m,3,3.0～5.0m未満,元安川・太田川・旧太田川
3777,132.4636725,34.3953688,1360.1,地表面,1.84,京橋川,595.1,00,想定区域外,3,3.0～5.0m未満,元安川・太田川・旧太田川
3778,132.4636589,34.3958193,1400.9,地表面,1.94,京橋川,607.8,01,0.01～0.19m,3,3.0～5.0m未満,元安川・太田川・旧太田川
3779,132.4636453,34.3962698,1442.2,地表面,1.84,京橋川,620.4,01,0.01～0.19m,3,3.0～5.0m未満,元安川・太田川・旧太田川
3780,132.4636317,34.3967202,1484.1,地表面,1.84,京橋川,633.1,01,0.01～0.19m,3,3.0～5.0m未満,元安川・太田川・旧太田川
3781,132.4636181,34.3971707,1526.4,地表面,1.74,京橋川,621.9,02,0.20～0.49m,3,3.0～5.0m未満,元安川・太田川・旧太田川
3782,132.4636045,34.3976212,1569.2,地表面,1.64,京橋川,586.8,02,0.20～0.49m,4,5.0～10.0m未満,元安川・太田川・旧太田川
3783,132.4635909,34.3980717,1612.5,地表面,1.84,京橋川,552.6,01,0.01～0.19m,3,3.0～5.0m未満,元安川・太田川・旧太田川
3784,132.4635773,34.3985221,1656.0,地表面,1.94,京橋川,521.0,01,0.01～0.19m,3,3.0～5.0m未満,元安川・太田川・旧太田川
3785,132.4635637,34.3989726,1700.0,地表面,2.44,京橋川,490.0,00,想定区域外,3,3.0～5.0m未満,元安川・太田川・旧太田川
3786,132.4635501,34.3994231,1744.3,地表面,2.24,京橋川,460.8,01,0.01～0.19m,3,3.0～5.0m未満,元安川・太田川・旧太田川
3787,132.4635365,34.3998735,1788.9,地表面,2.94,京橋川,435.5,01,0.01～0.19m,3,3.0～5.0m未満,元安川・太田川・旧太田川
3788,132.4635229,34.400324,1833.7,地表面,2.54,京橋川,414.6,01,0.01～0.19m,3,3.0～5.0m未満,元安川・太田川・旧太田川
3789,132.4635093,34.4007745,1878.8,地表面,2.94,京橋川,398.2,00,想定区域外,3,3.0～5.0m未満,元安川・太田川・旧太田川
3790,132.4634957,34.401225,1924.2,地表面,2.94,京橋川,383.0,00,想定区域外,3,3.0～5.0m未満,元安川・太田川・旧太田川
3791,132.4634821,34.4016754,1969.8,地表面,2.84,京橋川,372.6,00,想定区域外,3,3.0～5.0m未満,元安川・太田川・旧太田川
3792,132.465004,34.3692525,1990.6,地表面,0.64,京橋川,439.7,00,想定区域外,2,0.5～3.0m未満,元安川・太田川
3793,132.4649904,34.369703,1945.5,地表面,0.14,京橋川,423.8,01,0.01～0.19m,2,0.5～3.0m未満,元安川・太田川
3794,132.4649768,34.3701535,1900.7,地表面,-0.06,京橋川,409.8,02,0.20～0.49m,2,0.5～3.0m未満,元安川・太田川
3795,132.4649632,34.370604,1856.1,地表面,0.04,京橋川,401.4,01,0.01～0.19m,2,0.5～3.0m未満,元安川・太田川
3796,132.4649496,34.3710544,1811.8,地表面,-0.16,京橋川,395.0,02,0.20～0.49m,2,0.5～3.0m未満,元安川・太田川
3797,132.4649361,34.3715049,1767.8,地表面,0.04,京橋川,389.6,02,0.20～0.49m,2,0.5～3.0m未満,元安川・太田川
3798,132.4649225,34.3719554,1724.1,地表面,0.14,京橋川,385.7,02,0.20～0.49m,2,0.5～3.0m未満,元安川・太田川
3799,132.4649089,34.3724059,1680.8,地表面,-0.16,京橋川,381.9,02,0.20～0.49m,2,0.5～3.0m未満,元安川・太田川
3800,132.4648953,34.3728563,1637.8,地表面,0.14,京橋川,378.1,01,0.01～0.19m,2,0.5～3.0m未満,元安川・太田川
3801,132.4648817,34.3733068,1595.3,地表面,-0.06,京橋川,374.2,01,0.01～0.19m,2,0.5～3.0m未満,元安川・太田川
3802,132.4648682,34.3737573,1553.2,地表面,0.34,京橋川,368.5,00,想定区域外,2,0.5～3.0m未満,元安川・太田川
3803,132.4648546,34.3742078,1511.6,地表面,0.34,京橋川,355.6,00,想定区域外,2,0.5～3.0m未満,元安川・太田川
3804,132.464841,34.3746582,1470.5,地表面,0.14,京橋川,333.6,01,0.01～0.19m,2,0.5～3.0m未満,元安川・太田川
3805,132.4648274,34.3751087,1430.0,地表面,0.94,京橋川,311.6,01,0.01～0.19m,2,0.5～3.0m未満,元安川・太田川
3806,132.4648138,34.3755592,1390.1,地表面,1.04,京橋川,289.7,00,想定区域外,2,0.5～3.0m未満,元安川・太田川
3807,132.4648003,34.3760097,1350.9,地表面,1.44,京橋川,267.7,00,想定区域外,2,0.5～3.0m未満,元安川・太田川
3808,132.4647867,34.3764601,1312.4,地表面,1.74,京橋川,242.6,00,想定区域外,2,0.5～3.0m未満,元安川
3809,132.4647731,34.3769106,1274.8,地表面,1.14,京橋川,217.2,00,想定区域外,2,0.5～3.0m未満,元安川・太田川
3810,132.4647595,34.3773611,1237.9,地表面,1.24,京橋川,191.8,00,想定区域外,2,0.5～3.0m未満,元安川・太田川
3811,132.4647459,34.3778116,1202.1,地表面,0.84,京橋川,163.5,00,想定区域外,2,0.5～3.0m未満,元安川・太田川
3812,132.4647323,34.378262,1167.3,地表面,0.94,京橋川,134.6,00,想定区域外,2,0.5～3.0m未満,元安川・太田川
3813,132.4647188,34.3787125,1133.6,地表面,0.94,京橋川,105.6,00,想定区域外,3,3.0～5.0m未満,元安川・太田川
3814,132.4647052,34.379163,1101.1,地表面,3.34,京橋川,74.4,00,想定区域外,2,0.5～3.0m未満,元安川・太田川
3815,132.4646916,34.3796135,1070.0,内水面,0.24,京橋川,41.5,00,想定区域外,0,想定区域外,
3816,132.464678,34.3800639,1040.4,内水面,0.34,京橋川,8.5,00,想定区域外,0,想定区域外,
3817,132.4646644,34.3805144,1012.4,内水面,0.34,京橋川,24.4,00,想定区域外,0,想定区域外,
3818,132.4646508,34.3809649,986.2,内水面,0.34,京橋川,57.4,00,想定区域外,0,想定区域外,
3819,132.4646372,34.3814154,961.8,地表面,2.44,京橋川,90.4,00,想定区域外,2,0.5～3.0m未満,元安川・太田川・旧太田川
3820,132.4646237,34.3818658,939.4,地表面,1.74,京橋川,123.3,00,想定区域外,2,0.5～3.0m未満,元安川・太田川・旧太田川
3821,132.4646101,34.3823163,919.2,地表面,0.74,京橋川,156.3,01,0.01～0.19m,3,3.0～5.0m未満,元安川・太田川・旧太田川
3822,132.4645965,34.3827668,901.4,地表面,1.14,京橋川,189.2,01,0.01～0.19m,3,3.0～5.0m未満,元安川・太田川・旧太田川
3823,132.4645829,34.3832173,886.0,地表面,1.04,京橋川,222.2,00,想定区域外,3,3.0～5.0m未満,元安川・太田川・旧太田川
3824,132.4645693,34.3836677,873.2,地表面,0.84,京橋川,255.2,01,0.01～0.19m,3,3.0～5.0m未満,元安川・太田川・旧太田川
3825,132.4645557,34.3841182,863.1,地表面,0.94,京橋川,288.1,01,0.01～0.19m,3,3.0～5.0m未満,元安川・太田川・旧太田川
3826,132.4645421,34.3845687,855.9,地表面,0.54,京橋川,321.1,01,0.01～0.19m,3,3.0～5.0m未満,元安川・太田川・旧太田川
3827,132.4645285,34.3850192,851.5,地表面,0.74,京橋川,354.0,00,想定区域外,3,3.0～5.0m未満,元安川・太田川・旧太田川
3828,132.464515,34.3854696,850.0,地表面,1.04,京橋川,387.0,01,0.01～0.19m,3,3.0～5.0m未満,元安川・太田川・旧太田川
3829,132.4645014,34.3859201,851.5,地表面,0.94,京橋川,417.4,00,想定区域外,3,3.0～5.0m未満,元安川・太田川・旧太田川
3830,132.4644878,34.3863706,855.9,地表面,0.84,京橋川,446.4,00,想定区域外,3,3.0～5.0m未満,元安川・太田川・旧太田川
3831,132.4644742,34.3868211,863.1,地表面,0.84,京橋川,470.6,00,想定区域外,3,3.0～5.0m未満,元安川・太田川・旧太田川
3832,132.4644606,34.3872715,873.2,地表面,0.64,京橋川,493.6,01,0.01～0.19m,3,3.0～5.0m未満,元安川・太田川・旧太田川
3833,132.464447,34.387722,886.0,地表面,1.44,京橋川,516.7,00,想定区域外,3,3.0～5.0m未満,元安川・太田川・旧太田川
3834,132.4644334,34.3881725,901.4,地表面,1.54,京橋川,532.6,00,想定区域外,3,3.0～5.0m未満,元安川・太田川・旧太田川
3835,132.4644198,34.388623,919.2,地表面,1.64,京橋川,519.7,00,想定区域外,3,3.0～5.0m未満,元安川・太田川・旧太田川
3836,132.4644062,34.3890734,939.4,地表面,0.94,京橋川,507.1,01,0.01～0.19m,3,3.0～5.0m未満,元安川・太田川・旧太田川
3837,132.4643926,34.3895239,961.8,地表面,0.84,京橋川,498.4,02,0.20～0.49m,3,3.0～5.0m未満,元安川・太田川・旧太田川
3838,132.4643791,34.3899744,986.2,地表面,0.94,京橋川,491.7,02,0.20～0.49m,3,3.0～5.0m未満,元安川・太田川・旧太田川
3839,132.4643655,34.3904249,1012.4,地表面,0.94,京橋川,485.3,02,0.20～0.49m,3,3.0～5.0m未満,元安川・太田川・旧太田川
3840,132.4643519,34.3908753,1040.4,地表面,1.04,京橋川,482.1,01,0.01～0.19m,3,3.0～5.0m未満,元安川・太田川・旧太田川
3841,132.4643383,34.3913258,1070.0,地表面,1.34,京橋川,480.0,02,0.20～0.49m,3,3.0～5.0m未満,元安川・太田川・旧太田川
3842,132.4643247,34.3917763,1101.1,地表面,1.24,京橋川,479.5,01,0.01～0.19m,3,3.0～5.0m未満,元安川・太田川・旧太田川
3843,132.4643111,34.3922268,1133.6,地表面,1.44,京橋川,481.8,02,0.20～0.49m,3,3.0～5.0m未満,元安川・太田川・旧太田川
3844,132.4642975,34.3926772,1167.3,地表面,1.34,京橋川,484.9,01,0.01～0.19m,3,3.0～5.0m未満,元安川・太田川・旧太田川
3845,132.4642839,34.3931277,1202.1,地表面,1.64,京橋川,492.6,00,想定区域外,3,3.0～5.0m未満,元安川・太田川・旧太田川
3846,132.4642703,34.3935782,1237.9,地表面,1.64,京橋川,502.9,01,0.01～0.19m,3,3.0～5.0m未満,元安川・太田川・旧太田川
3847,132.4642567,34.3940287,1274.8,地表面,1.54,京橋川,513.2,00,想定区域外,3,3.0～5.0m未満,元安川・太田川・旧太田川
3848,132.4642431,34.3944791,1312.4,地表面,1.74,京橋川,523.0,00,想定区域外,3,3.0～5.0m未満,元安川・太田川・旧太田川
3849,132.4642295,34.3949296,1350.9,地表面,1.74,京橋川,534.0,00,想定区域外,3,3.0～5.0m未満,元安川・太田川・旧太田川
3850,132.4642159,34.3953801,1390.1,地表面,1.74,京橋川,546.7,01,0.01～0.19m,3,3.0～5.0m未満,元安川・太田川・旧太田川
3851,132.4642023,34.3958306,1430.0,地表面,1.54,京橋川,559.4,01,0.01～0.19m,3,3.0～5.0m未満,元安川・太田川・旧太田川
3852,132.4641887,34.396281,1470.5,地表面,1.34,京橋川,572.1,01,0.01～0.19m,4,5.0～10.0m未満,元安川・太田川・旧太田川
3853,132.4641751,34.3967315,1511.6,地表面,1.44,京橋川,584.8,02,0.20～0.49m,3,3.0～5.0m未満,元安川・太田川・旧太田川
3854,132.4641615,34.397182,1553.2,地表面,1.74,京橋川,586.3,00,想定区域外,3,3.0～5.0m未満,元安川・太田川・旧太田川
3855,132.464148,34.3976324,1595.3,地表面,2.14,京橋川,551.2,00,想定区域外,3,3.0～5.0m未満,元安川・太田川・旧太田川
3856,132.4641344,34.3980829,1637.8,地表面,1.64,京橋川,516.1,01,0.01～0.19m,3,3.0～5.0m未満,元安川・太田川・旧太田川
3857,132.4641208,34.3985334,1680.8,地表面,2.14,京橋川,482.1,01,0.01～0.19m,3,3.0～5.0m未満,元安川・太田川・旧太田川
3858,132.4641072,34.3989839,1724.1,地表面,1.94,京橋川,450.8,02,0.20～0.49m,3,3.0～5.0m未満,元安川・太田川・旧太田川
3859,132.4640936,34.3994343,1767.8,地表面,1.94,京橋川,419.9,01,0.01～0.19m,3,3.0～5.0m未満,元安川・太田川・旧太田川
3860,132.46408,34.3998848,1811.8,地表面,2.14,京橋川,391.9,01,0.01～0.19m,3,3.0～5.0m未満,元安川・太田川・旧太田川
3861,132.4640664,34.4003353,1856.1,地表面,2.44,京橋川,368.5,01,0.01～0.19m,3,3.0～5.0m未満,元安川・太田川・旧太田川
3862,132.4640528,34.4007858,1900.7,地表面,2.94,京橋川,350.7,00,想定区域外,3,3.0～5.0m未満,元安川・太田川・旧太田川
3863,132.4640392,34.4012362,1945.5,地表面,2.84,京橋川,335.2,00,想定区域外,3,3.0～5.0m未満,元安川・太田川・旧太田川
3864,132.4640256,34.4016867,1990.6,地表面,2.84,京橋川,323.2,00,想定区域外,3,3.0～5.0m未満,元安川・太田川・旧太田川
3865,132.4655336,34.3697143,1967.9,地表面,-0.06,京橋川,471.2,01,0.01～0.19m,2,0.5～3.0m未満,元安川・太田川
3866,132.4655201,34.3701647,1923.5,地表面,0.14,京橋川,458.7,02,0.20～0.49m,2,0.5～3.0m未満,元安川・太田川
3867,132.4655065,34.3706152,1879.5,地表面,0.44,京橋川,451.0,01,0.01～0.19m,2,0.5～3.0m未満,元安川・太田川
3868,132.4654929,34.3710657,1835.8,地表面,-0.06,京橋川,444.5,02,0.20～0.49m,2,0.5～3.0m未満,元安川・太田川
3869,132.4654793,34.3715162,1792.3,地表面,0.04,京橋川,439.4,02,0.20～0.49m,2,0.5～3.0m未満,元安川・太田川
3870,132.4654658,34.3719666,1749.3,地表面,0.04,京橋川,435.6,02,0.20～0.49m,2,0.5～3.0m未満,元安川・太田川
3871,132.4654522,34.3724171,1706.6,地表面,0.04,京橋川,431.7,02,0.20～0.49m,2,0.5～3.0m未満,元安川・太田川
3872,132.4654386,34.3728676,1664.3,地表面,0.14,京橋川,427.9,01,0.01～0.19m,2,0.5～3.0m未満,元安川・太田川
3873,132.465425,34.3733181,1622.5,地表面,0.54,京橋川,423.9,00,想定区域外,2,0.5～3.0m未満,元安川・太田川
3874,132.4654115,34.3737685,1581.1,地表面,-0.06,京橋川,418.2,02,0.20～0.49m,2,0.5～3.0m未満,元安川・太田川
3875,132.4653979,34.374219,1540.3,地表面,-0.06,京橋川,400.5,02,0.20～0.49m,2,0.5～3.0m未満,元安川・太田川
3876,132.4653843,34.3746695,1500.0,地表面,0.24,京橋川,378.5,01,0.01～0.19m,2,0.5～3.0m未満,元安川・太田川
3877,132.4653707,34.37512,1460.3,地表面,0.34,京橋川,356.6,00,想定区域外,2,0.5～3.0m未満,元安川・太田川
3878,132.4653571,34.3755704,1421.3,地表面,0.24,京橋川,334.6,01,0.01～0.19m,2,0.5～3.0m未満,元安川・太田川
3879,132.4653436,34.3760209,1382.9,地表面,0.34,京橋川,311.0,01,0.01～0.19m,2,0.5～3.0m未満,元安川・太田川
3880,132.46533,34.3764714,1345.4,地表面,0.54,京橋川,285.7,01,0.01～0.19m,2,0.5～3.0m未満,元安川・太田川
3881,132.4653164,34.3769219,1308.6,地表面,0.64,京橋川,260.3,00,想定区域外,2,0.5～3.0m未満,元安川・太田川
3882,132.4653028,34.3773724,1272.8,地表面,0.44,京橋川,233.3,02,0.20～0.49m,2,0.5～3.0m未満,元安川・太田川
3883,132.4652892,34.3778228,1237.9,地表面,0.84,京橋川,204.3,01,0.01～0.19m,2,0.5～3.0m未満,元安川・太田川
3884,132.4652757,34.3782733,1204.2,地表面,1.34,京橋川,175.4,00,想定区域外,2,0.5～3.0m未満,元安川・太田川
3885,132.4652621,34.3787238,1171.5,地表面,0.94,京橋川,145.0,00,想定区域外,2,0.5～3.0m未満,元安川・太田川
3886,132.4652485,34.3791743,1140.2,地表面,1.24,京橋川,112.0,00,想定区域外,2,0.5～3.0m未満,元安川・太田川
3887,132.4652349,34.3796247,1110.2,地表面,2.14,京橋川,79.1,00,想定区域外,1,0.5m未満,元安川・太田川
3888,132.4652213,34.3800752,1081.7,内水面,0.34,京橋川,46.1,00,想定区域外,0,想定区域外,
3889,132.4652078,34.3805257,1054.8,内水面,0.34,京橋川,13.2,00,想定区域外,0,想定区域外,
3890,132.4651942,34.3809762,1029.6,内水面,0.34,京橋川,19.8,00,想定区域外,0,想定区域外,
3891,132.4651806,34.3814266,1006.2,内水面,0.34,京橋川,52.8,00,想定区域外,0,想定区域外,
3892,132.465167,34.3818771,984.9,地表面,3.84,京橋川,85.7,00,想定区域外,2,0.5～3.0m未満,元安川・太田川・旧太田川
3893,132.4651534,34.3823276,965.7,地表面,1.94,京橋川,118.7,01,0.01～0.19m,2,0.5～3.0m未満,元安川・太田川・旧太田川
3894,132.4651398,34.3827781,948.7,地表面,0.84,京橋川,151.6,01,0.01～0.19m,3,3.0～5.0m未満,元安川・太田川・旧太田川
3895,132.4651263,34.3832285,934.1,地表面,1.14,京橋川,184.6,00,想定区域外,3,3.0～5.0m未満,元安川・太田川・旧太田川
3896,132.4651127,34.383679,922.0,地表面,1.04,京橋川,217.6,00,想定区域外,3,3.0～5.0m未満,元安川・太田川・旧太田川
3897,132.4650991,34.3841295,912.4,地表面,0.84,京橋川,250.5,01,0.01～0.19m,3,3.0～5.0m未満,元安川・太田川・旧太田川
3898,132.4650855,34.38458,905.5,地表面,1.04,京橋川,283.5,00,想定区域外,3,3.0～5.0m未満,元安川・太田川・旧太田川
3899,132.4650719,34.3850304,901.4,地表面,0.74,京橋川,316.4,01,0.01～0.19m,3,3.0～5.0m未満,元安川・太田川・旧太田川
3900,132.4650583,34.3854809,900.0,地表面,0.84,京橋川,347.6,00,想定区域外,3,3.0～5.0m未満,元安川・太田川・旧太田川
3901,132.4650447,34.3859314,901.4,地表面,1.14,京橋川,376.7,00,想定区域外,3,3.0～5.0m未満,元安川・太田川・旧太田川
3902,132.4650312,34.3863819,905.5,地表面,0.74,京橋川,403.3,00,想定区域外,3,3.0～5.0m未満,元安川・太田川・旧太田川
3903,132.4650176,34.3868323,912.4,地表面,1.04,京橋川,426.2,01,0.01～0.19m,3,3.0～5.0m未満,元安川・太田川・旧太田川
3904,132.465004,34.3872828,922.0,地表面,0.94,京橋川,449.2,01,0.01～0.19m,3,3.0～5.0m未満,元安川・太田川・旧太田川
3905,132.4649904,34.3877333,934.1,地表面,0.74,京橋川,472.5,01,0.01～0.19m,3,3.0～5.0m未満,元安川・太田川・旧太田川
3906,132.4649768,34.3881838,948.7,地表面,1.34,京橋川,484.3,01,0.01～0.19m,3,3.0～5.0m未満,元安川・太田川・旧太田川
3907,132.4649632,34.3886342,965.7,地表面,0.74,京橋川,471.4,01,0.01～0.19m,3,3.0～5.0m未満,元安川・太田川・旧太田川
3908,132.4649496,34.3890847,984.9,地表面,1.14,京橋川,458.5,02,0.20～0.49m,3,3.0～5.0m未満,元安川・太田川・旧太田川
3909,132.464936,34.3895352,1006.2,地表面,0.64,京橋川,448.8,02,0.20～0.49m,3,3.0～5.0m未満,元安川・太田川・旧太田川
3910,132.4649225,34.3899857,1029.6,地表面,0.74,京橋川,442.2,02,0.20～0.49m,3,3.0～5.0m未満,元安川・太田川・旧太田川
3911,132.4649089,34.3904361,1054.8,地表面,1.04,京橋川,435.6,02,0.20～0.49m,3,3.0～5.0m未満,元安川・太田川・旧太田川
3912,132.4648953,34.3908866,1081.7,地表面,1.04,京橋川,432.1,01,0.01～0.19m,3,3.0～5.0m未満,元安川・太田川・旧太田川
3913,132.4648817,34.3913371,1110.2,地表面,1.34,京橋川,430.0,00,想定区域外,3,3.0～5.0m未満,元安川・太田川・旧太田川
3914,132.4648681,34.3917876,1140.2,地表面,1.24,京橋川,429.5,01,0.01～0.19m,3,3.0～5.0m未満,元安川・太田川・旧太田川
3915,132.4648545,34.392238,1171.5,地表面,1.44,京橋川,431.9,01,0.01～0.19m,3,3.0～5.0m未満,元安川・太田川・旧太田川
3916,132.4648409,34.3926885,1204.2,地表面,1.44,京橋川,435.2,01,0.01～0.19m,3,3.0～5.0m未満,元安川・太田川・旧太田川
3917,132.4648273,34.393139,1237.9,地表面,1.54,京橋川,443.7,00,想定区域外,3,3.0～5.0m未満,元安川・太田川・旧太田川
3918,132.4648137,34.3935895,1272.8,地表面,1.34,京橋川,454.0,01,0.01～0.19m,3,3.0～5.0m未満,元安川・太田川・旧太田川
3919,132.4648001,34.3940399,1308.6,地表面,1.14,京橋川,464.1,02,0.20～0.49m,4,5.0～10.0m未満,元安川・太田川・旧太田川
3920,132.4647865,34.3944904,1345.4,地表面,1.54,京橋川,474.0,02,0.20～0.49m,3,3.0～5.0m未満,元安川・太田川・旧太田川
3921,132.464773,34.3949409,1382.9,地表面,1.24,京橋川,485.6,02,0.20～0.49m,4,5.0～10.0m未満,元安川・太田川・旧太田川
3922,132.4647594,34.3953913,1421.3,地表面,1.34,京橋川,498.3,02,0.20～0.49m,4,5.0～10.0m未満,元安川・太田川・旧太田川
3923,132.4647458,34.3958418,1460.3,地表面,1.44,京橋川,511.0,02,0.20～0.49m,3,3.0～5.0m未満,元安川・太田川・旧太田川
3924,132.4647322,34.3962923,1500.0,地表面,1.34,京橋川,523.7,01,0.01～0.19m,4,5.0～10.0m未満,元安川・太田川・旧太田川
3925,132.4647186,34.3967428,1540.3,地表面,1.74,京橋川,536.4,02,0.20～0.49m,4,5.0～10.0m未満,元安川・太田川・旧太田川
3926,132.464705,34.3971932,1581.1,地表面,1.44,京橋川,549.1,01,0.01～0.19m,4,5.0～10.0m未満,元安川・太田川・旧太田川
3927,132.4646914,34.3976437,1622.5,地表面,1.74,京橋川,515.6,01,0.01～0.19m,3,3.0～5.0m未満,元安川・太田川・旧太田川
3928,132.4646778,34.3980942,1664.3,地表面,1.84,京橋川,480.4,01,0.01～0.19m,3,3.0～5.0m未満,元安川・太田川・旧太田川
3929,132.4646642,34.3985447,1706.6,地表面,2.44,京橋川,445.3,00,想定区域外,3,3.0～5.0m未満,元安川・太田川・旧太田川
3930,132.4646506,34.3989951,1749.3,地表面,2.04,京橋川,411.6,00,想定区域外,3,3.0～5.0m未満,元安川・太田川・旧太田川
3931,132.464637,34.3994456,1792.3,地表面,1.84,京橋川,380.5,00,想定区域外,3,3.0～5.0m未満,元安川・太田川・旧太田川
3932,132.4646234,34.3998961,1835.8,地表面,2.54,京橋川,350.0,00,想定区域外,3,3.0～5.0m未満,元安川・太田川・旧太田川
3933,132.4646098,34.4003466,1879.5,地表面,2.54,京橋川,323.7,00,想定区域外,3,3.0～5.0m未満,元安川・太田川・旧太田川
3934,132.4645962,34.400797,1923.5,地表面,2.34,京橋川,303.3,01,0.01～0.19m,3,3.0～5.0m未満,元安川・太田川・旧太田川
3935,132.4645826,34.4012475,1967.9,地表面,2.74,京橋川,287.6,00,想定区域外,3,3.0～5.0m未満,元安川・太田川・旧太田川
3936,132.4660769,34.3697255,1991.2,地表面,-0.06,京橋川,519.1,02,0.20～0.49m,2,0.5～3.0m未満,元安川・太田川
3937,132.4660633,34.370176,1947.4,地表面,0.04,京橋川,507.7,02,0.20～0.49m,2,0.5～3.0m未満,元安川・太田川
3938,132.4660498,34.3706265,1903.9,地表面,-0.36,京橋川,500.6,01,0.01～0.19m,2,0.5～3.0m未満,元安川・太田川
3939,132.4660362,34.3710769,1860.8,地表面,0.14,京橋川,494.1,01,0.01～0.19m,2,0.5～3.0m未満,元安川・太田川
3940,132.4660226,34.3715274,1818.0,地表面,0.04,京橋川,489.3,01,0.01～0.19m,2,0.5～3.0m未満,元安川・太田川
3941,132.466009,34.3719779,1775.5,地表面,0.14,京橋川,485.4,00,想定区域外,2,0.5～3.0m未満,元安川・太田川
3942,132.4659955,34.3724284,1733.5,地表面,0.14,京橋川,481.6,01,0.01～0.19m,2,0.5～3.0m未満,元安川・太田川
3943,132.4659819,34.3728788,1691.9,地表面,-0.16,京橋川,477.8,02,0.20～0.49m,2,0.5～3.0m未満,元安川・太田川
3944,132.4659683,34.3733293,1650.8,地表面,0.04,京橋川,473.6,00,想定区域外,2,0.5～3.0m未満,元安川・太田川
3945,132.4659547,34.3737798,1610.1,地表面,-0.26,京橋川,467.4,02,0.20～0.49m,2,0.5～3.0m未満,元安川・太田川
3946,132.4659412,34.3742303,1570.0,地表面,0.14,京橋川,445.4,01,0.01～0.19m,2,0.5～3.0m未満,元安川・太田川
3947,132.4659276,34.3746808,1530.5,地表面,0.34,京橋川,423.4,01,0.01～0.19m,2,0.5～3.0m未満,元安川・太田川
3948,132.465914,34.3751312,1491.6,地表面,0.44,京橋川,401.5,00,想定区域外,2,0.5～3.0m未満,元安川・太田川
3949,132.4659004,34.3755817,1453.4,地表面,0.04,京橋川,379.5,01,0.01～0.19m,2,0.5～3.0m未満,元安川・太田川
3950,132.4658869,34.3760322,1416.0,地表面,0.74,京橋川,354.1,01,0.01～0.19m,2,0.5～3.0m未満,元安川・太田川
3951,132.4658733,34.3764827,1379.3,地表面,0.54,京橋川,328.7,00,想定区域外,2,0.5～3.0m未満,元安川・太田川
3952,132.4658597,34.3769331,1343.5,地表面,0.34,京橋川,303.0,01,0.01～0.19m,2,0.5～3.0m未満,元安川・太田川
3953,132.4658461,34.3773836,1308.6,地表面,0.34,京橋川,274.0,01,0.01～0.19m,2,0.5～3.0m未満,元安川・太田川
3954,132.4658326,34.3778341,1274.8,地表面,0.84,京橋川,245.1,00,想定区域外,2,0.5～3.0m未満,元安川・太田川
3955,132.465819,34.3782846,1242.0,地表面,0.94,京橋川,215.5,00,想定区域外,2,0.5～3.0m未満,元安川・太田川
3956,132.4658054,34.378735,1210.4,地表面,1.14,京橋川,182.6,00,想定区域外,2,0.5～3.0m未満,元安川・太田川
3957,132.4657918,34.3791855,1180.0,地表面,1.04,京橋川,149.6,00,想定区域外,2,0.5～3.0m未満,元安川・太田川
3958,132.4657782,34.379636,1151.1,地表面,0.94,京橋川,116.7,00,想定区域外,2,0.5～3.0m未満,元安川・太田川
3959,132.4657647,34.3800865,1123.6,地表面,1.64,京橋川,83.7,00,想定区域外,2,0.5～3.0m未満,元安川・太田川
3960,132.4657511,34.3805369,1097.7,地表面,1.14,京橋川,50.7,00,想定区域外,0,想定区域外,
3961,132.4657375,34.3809874,1073.5,内水面,0.34,京橋川,17.8,00,想定区域外,0,想定区域外,
3962,132.4657239,34.3814379,1051.2,内水面,0.24,京橋川,15.2,00,想定区域外,0,想定区域外,
3963,132.4657103,34.3818884,1030.8,内水面,0.34,京橋川,48.1,00,想定区域外,0,想定区域外,
3964,132.4656968,34.3823388,1012.4,地表面,2.64,京橋川,81.1,00,想定区域外,2,0.5～3.0m未満,元安川・太田川・旧太田川
3965,132.4656832,34.3827893,996.2,地表面,1.64,京橋川,114.0,00,想定区域外,3,3.0～5.0m未満,元安川・太田川・旧太田川
3966,132.4656696,34.3832398,982.3,地表面,0.84,京橋川,147.0,01,0.01～0.19m,3,3.0～5.0m未満,元安川・太田川・旧太田川
3967,132.465656,34.3836903,970.8,地表面,1.14,京橋川,180.0,00,想定区域外,3,3.0～5.0m未満,元安川・太田川・旧太田川
3968,132.4656424,34.3841407,961.8,地表面,0.94,京橋川,212.9,01,0.01～0.19m,3,3.0～5.0m未満,元安川・太田川・旧太田川
3969,132.4656289,34.3845912,955.2,地表面,0.74,京橋川,245.9,02,0.20～0.49m,3,3.0～5.0m未満,元安川・太田川・旧太田川
3970,132.4656153,34.3850417,951.3,地表面,0.64,京橋川,277.9,01,0.01～0.19m,3,3.0～5.0m未満,元安川・太田川・旧太田川
3971,132.4656017,34.3854922,950.0,地表面,1.14,京橋川,306.9,00,想定区域外,3,3.0～5.0m未満,元安川・太田川・旧太田川
3972,132.4655881,34.3859426,951.3,地表面,1.04,京橋川,335.9,00,想定区域外,3,3.0～5.0m未満,元安川・太田川・旧太田川
3973,132.4655745,34.3863931,955.2,地表面,1.34,京橋川,358.8,00,想定区域外,3,3.0～5.0m未満,元安川・太田川・旧太田川
3974,132.4655609,34.3868436,961.8,地表面,0.74,京橋川,381.8,02,0.20～0.49m,3,3.0～5.0m未満,元安川・太田川・旧太田川
3975,132.4655474,34.3872941,970.8,地表面,0.74,京橋川,405.0,01,0.01～0.19m,3,3.0～5.0m未満,元安川・太田川・旧太田川
3976,132.4655338,34.3877445,982.3,地表面,1.04,京橋川,428.2,01,0.01～0.19m,3,3.0～5.0m未満,元安川・太田川・旧太田川
3977,132.4655202,34.388195,996.2,地表面,0.74,京橋川,436.1,02,0.20～0.49m,3,3.0～5.0m未満,元安川・太田川・旧太田川
3978,132.4655066,34.3886455,1012.4,地表面,1.24,京橋川,423.1,01,0.01～0.19m,3,3.0～5.0m未満,元安川・太田川・旧太田川
3979,132.465493,34.389096,1030.8,地表面,1.14,京橋川,410.2,00,想定区域外,3,3.0～5.0m未満,元安川・太田川・旧太田川
3980,132.4654794,34.3895464,1051.2,地表面,1.04,京橋川,399.4,01,0.01～0.19m,3,3.0～5.0m未満,元安川・太田川・旧太田川
3981,132.4654658,34.3899969,1073.5,地表面,1.14,京橋川,392.6,01,0.01～0.19m,3,3.0～5.0m未満,元安川・太田川・旧太田川
3982,132.4654523,34.3904474,1097.7,地表面,1.14,京橋川,386.0,02,0.20～0.49m,3,3.0～5.0m未満,元安川・太田川・旧太田川
3983,132.4654387,34.3908979,1123.6,地表面,0.94,京橋川,382.2,02,0.20～0.49m,3,3.0～5.0m未満,元安川・太田川・旧太田川
3984,132.4654251,34.3913483,1151.1,地表面,1.04,京橋川,380.0,01,0.01～0.19m,3,3.0～5.0m未満,元安川・太田川・旧太田川
3985,132.4654115,34.3917988,1180.0,地表面,1.24,京橋川,379.6,02,0.20～0.49m,3,3.0～5.0m未満,元安川・太田川・旧太田川
3986,132.4653979,34.3922493,1210.4,地表面,1.24,京橋川,381.9,01,0.01～0.19m,3,3.0～5.0m未満,元安川・太田川・旧太田川
3987,132.4653843,34.3926998,1242.0,地表面,1.34,京橋川,385.6,01,0.01～0.19m,3,3.0～5.0m未満,元安川・太田川・旧太田川
3988,132.4653707,34.3931502,1274.8,地表面,1.44,京橋川,394.8,02,0.20～0.49m,3,3.0～5.0m未満,元安川・太田川・旧太田川
3989,132.4653572,34.3936007,1308.6,地表面,1.54,京橋川,405.1,01,0.01～0.19m,3,3.0～5.0m未満,元安川・太田川・旧太田川
3990,132.4653436,34.3940512,1343.5,地表面,1.34,京橋川,415.1,02,0.20～0.49m,3,3.0～5.0m未満,元安川・太田川・旧太田川
3991,132.46533,34.3945017,1379.3,地表面,1.64,京橋川,425.0,02,0.20～0.49m,3,3.0～5.0m未満,元安川・太田川・旧太田川
3992,132.4653164,34.3949521,1416.0,地表面,1.04,京橋川,437.3,03,0.50～0.99m,4,5.0～10.0m未満,元安川・太田川・旧太田川
3993,132.4653028,34.3954026,1453.4,地表面,1.54,京橋川,450.0,02,0.20～0.49m,3,3.0～5.0m未満,元安川・太田川・旧太田川
3994,132.4652892,34.3958531,1491.6,地表面,1.24,京橋川,462.7,02,0.20～0.49m,4,5.0～10.0m未満,太田川・旧太田川
3995,132.4652756,34.3963036,1530.5,地表面,1.94,京橋川,475.3,00,想定区域外,3,3.0～5.0m未満,元安川・太田川・旧太田川
3996,132.465262,34.396754,1570.0,地表面,1.64,京橋川,488.0,01,0.01～0.19m,3,3.0～5.0m未満,元安川・太田川・旧太田川
3997,132.4652484,34.3972045,1610.1,地表面,1.74,京橋川,500.7,01,0.01～0.19m,3,3.0～5.0m未満,元安川・太田川・旧太田川
3998,132.4652348,34.397655,1650.8,地表面,1.54,京橋川,479.9,02,0.20～0.49m,4,5.0～10.0m未満,元安川・太田川・旧太田川
3999,132.4652213,34.3981055,1691.9,地表面,2.24,京橋川,444.8,01,0.01～0.19m,3,3.0～5.0m未満,元安川・太田川・旧太田川
4000,132.4652077,34.3985559,1733.5,地表面,2.14,京橋川,409.7,00,想定区域外,3,3.0～5.0m未満,元安川・太田川・旧太田川
4001,132.4651941,34.3990064,1775.5,地表面,1.94,京橋川,374.6,01,0.01～0.19m,3,3.0～5.0m未満,元安川・太田川・旧太田川
4002,132.4651805,34.3994569,1818.0,地表面,2.04,京橋川,341.3,01,0.01～0.19m,3,3.0～5.0m未満,元安川・太田川・旧太田川
4003,132.4651669,34.3999074,1860.8,地表面,2.24,京橋川,310.3,01,0.01～0.19m,3,3.0～5.0m未満,元安川・太田川・旧太田川
4004,132.4651533,34.4003578,1903.9,地表面,2.74,京橋川,280.6,00,想定区域外,3,3.0～5.0m未満,元安川・太田川・旧太田川
4005,132.4651397,34.4008083,1947.4,地表面,2.84,京橋川,256.8,00,想定区域外,3,3.0～5.0m未満,元安川・太田川・旧太田川
4006,132.4651261,34.4012588,1991.2,地表面,2.54,京橋川,240.1,00,想定区域外,3,3.0～5.0m未満,元安川・太田川・旧太田川
4007,132.4666066,34.3701872,1972.3,地表面,0.04,京橋川,557.0,00,想定区域外,2,0.5～3.0m未満,元安川・太田川
4008,132.466593,34.3706377,1929.4,地表面,-0.16,京橋川,550.2,02,0.20～0.49m,2,0.5～3.0m未満,元安川・太田川
4009,132.4665795,34.3710882,1886.8,地表面,0.14,京橋川,543.7,00,想定区域外,2,0.5～3.0m未満,元安川・太田川
4010,132.4665659,34.3715387,1844.6,地表面,0.04,京橋川,539.1,01,0.01～0.19m,2,0.5～3.0m未満,元安川・太田川
4011,132.4665523,34.3719892,1802.8,地表面,0.04,京橋川,535.3,01,0.01～0.19m,2,0.5～3.0m未満,元安川・太田川
4012,132.4665388,34.3724396,1761.4,地表面,0.34,京橋川,531.4,01,0.01～0.19m,2,0.5～3.0m未満,元安川・太田川
4013,132.4665252,34.3728901,1720.5,地表面,0.04,京橋川,527.6,01,0.01～0.19m,2,0.5～3.0m未満,元安川・太田川
4014,132.4665116,34.3733406,1680.0,地表面,-0.06,京橋川,523.2,02,0.20～0.49m,2,0.5～3.0m未満,元安川・太田川
4015,132.466498,34.3737911,1640.1,地表面,-0.16,京橋川,512.3,02,0.20～0.49m,2,0.5～3.0m未満,元安川・太田川
4016,132.4664845,34.3742415,1600.8,地表面,-0.06,京橋川,490.3,01,0.01～0.19m,2,0.5～3.0m未満,元安川・太田川
4017,132.4664709,34.374692,1562.0,地表面,0.04,京橋川,468.4,01,0.01～0.19m,2,0.5～3.0m未満,元安川・太田川
4018,132.4664573,34.3751425,1524.0,地表面,0.14,京橋川,446.4,01,0.01～0.19m,2,0.5～3.0m未満,元安川・太田川
4019,132.4664437,34.375593,1486.6,地表面,0.34,京橋川,422.6,01,0.01～0.19m,2,0.5～3.0m未満,元安川・太田川
4020,132.4664302,34.3760434,1450.0,地表面,0.24,京橋川,397.2,01,0.01～0.19m,2,0.5～3.0m未満,元安川・太田川
4021,132.4664166,34.3764939,1414.2,地表面,0.44,京橋川,371.8,01,0.01～0.19m,2,0.5～3.0m未満,元安川・太田川
4022,132.466403,34.3769444,1379.3,地表面,0.14,京橋川,343.7,01,0.01～0.19m,2,0.5～3.0m未満,元安川・太田川
4023,132.4663895,34.3773949,1345.4,地表面,0.44,京橋川,314.8,01,0.01～0.19m,2,0.5～3.0m未満,元安川・太田川
4024,132.4663759,34.3778453,1312.4,地表面,0.74,京橋川,285.8,00,想定区域外,2,0.5～3.0m未満,元安川・太田川
4025,132.4663623,34.3782958,1280.6,地表面,0.54,京橋川,253.1,01,0.01～0.19m,2,0.5～3.0m未満,元安川・太田川
4026,132.4663487,34.3787463,1250.0,地表面,0.44,京橋川,220.2,01,0.01～0.19m,2,0.5～3.0m未満,元安川・太田川
4027,132.4663352,34.3791968,1220.7,地表面,0.94,京橋川,187.2,01,0.01～0.19m,2,0.5～3.0m未満,元安川・太田川
4028,132.4663216,34.3796472,1192.7,地表面,0.74,京橋川,154.3,01,0.01～0.19m,2,0.5～3.0m未満,元安川・太田川
4029,132.466308,34.3800977,1166.2,地表面,1.34,京橋川,121.3,00,想定区域外,2,0.5～3.0m未満,元安川・太田川
4030,132.4662944,34.3805482,1141.3,地表面,0.84,京橋川,88.3,00,想定区域外,2,0.5～3.0m未満,元安川・太田川
4031,132.4662808,34.3809987,1118.0,地表面,4.44,京橋川,55.4,00,想定区域外,0,想定区域外,
4032,132.4662673,34.3814491,1096.6,内水面,0.24,京橋川,22.4,00,想定区域外,0,想定区域外,
4033,132.4662537,34.3818996,1077.0,内水面,0.34,京橋川,10.5,00,想定区域外,0,想定区域外,
4034,132.4662401,34.3823501,1059.5,内水面,0.34,京橋川,43.5,00,想定区域外,0,想定区域外,
4035,132.4662265,34.3828006,1044.0,地表面,4.14,京橋川,76.4,00,想定区域外,2,0.5～3.0m未満,元安川・太田川・旧太田川
4036,132.466213,34.3832511,1030.8,地表面,1.24,京橋川,109.4,00,想定区域外,3,3.0～5.0m未満,元安川・太田川・旧太田川
4037,132.4661994,34.3837015,1019.8,地表面,1.64,京橋川,142.4,00,想定区域外,3,3.0～5.0m未満,元安川・太田川・旧太田川
4038,132.4661858,34.384152,1011.2,地表面,1.24,京橋川,175.3,00,想定区域外,3,3.0～5.0m未満,元安川・太田川・旧太田川
4039,132.4661722,34.3846025,1005.0,地表面,1.54,京橋川,208.1,01,0.01～0.19m,3,3.0～5.0m未満,元安川・太田川・旧太田川
4040,132.4661586,34.385053,1001.2,地表面,1.04,京橋川,237.2,00,想定区域外,3,3.0～5.0m未満,元安川・太田川・旧太田川
4041,132.4661451,34.3855034,1000.0,地表面,1.14,京橋川,266.2,00,想定区域外,3,3.0～5.0m未満,元安川・太田川・旧太田川
4042,132.4661315,34.3859539,1001.2,地表面,0.84,京橋川,291.5,00,想定区域外,3,3.0～5.0m未満,元安川・太田川・旧太田川
4043,132.4661179,34.3864044,1005.0,地表面,1.14,京橋川,314.4,00,想定区域外,3,3.0～5.0m未満,元安川・太田川・旧太田川
4044,132.4661043,34.3868549,1011.2,地表面,1.24,京橋川,337.4,00,想定区域外,3,3.0～5.0m未満,元安川・太田川・旧太田川
4045,132.4660907,34.3873053,1019.8,地表面,1.44,京橋川,360.7,00,想定区域外,3,3.0～5.0m未満,元安川・太田川・旧太田川
4046,132.4660772,34.3877558,1030.8,地表面,0.94,京橋川,384.0,01,0.01～0.19m,3,3.0～5.0m未満,元安川・太田川・旧太田川
4047,132.4660636,34.3882063,1044.0,地表面,0.84,京橋川,387.8,01,0.01～0.19m,3,3.0～5.0m未満,元安川・太田川・旧太田川
4048,132.46605,34.3886568,1059.5,地表面,1.34,京橋川,374.8,00,想定区域外,3,3.0～5.0m未満,元安川・太田川・旧太田川
4049,132.4660364,34.3891072,1077.0,地表面,1.04,京橋川,361.9,01,0.01～0.19m,3,3.0～5.0m未満,元安川・太田川・旧太田川
4050,132.4660228,34.3895577,1096.6,地表面,1.04,京橋川,350.1,01,0.01～0.19m,3,3.0～5.0m未満,元安川・太田川・旧太田川
4051,132.4660092,34.3900082,1118.0,地表面,0.94,京橋川,343.1,01,0.01～0.19m,3,3.0～5.0m未満,元安川・太田川・旧太田川
4052,132.4659957,34.3904587,1141.3,地表面,1.04,京橋川,336.4,00,想定区域外,3,3.0～5.0m未満,元安川・太田川・旧太田川
4053,132.4659821,34.3909091,1166.2,地表面,1.24,京橋川,332.2,01,0.01～0.19m,3,3.0～5.0m未満,元安川・太田川・旧太田川
4054,132.4659685,34.3913596,1192.7,地表面,1.34,京橋川,330.1,00,想定区域外,3,3.0～5.0m未満,元安川・太田川・旧太田川
4055,132.4659549,34.3918101,1220.7,地表面,1.34,京橋川,329.7,01,0.01～0.19m,3,3.0～5.0m未満,元安川・太田川・旧太田川
4056,132.4659413,34.3922606,1250.0,地表面,1.14,京橋川,332.0,02,0.20～0.49m,3,3.0～5.0m未満,元安川・太田川・旧太田川
4057,132.4659277,34.392711,1280.6,地表面,0.94,京橋川,336.1,02,0.20～0.49m,3,3.0～5.0m未満,元安川・太田川・旧太田川
4058,132.4659142,34.3931615,1312.4,地表面,1.34,京橋川,345.8,01,0.01～0.19m,3,3.0～5.0m未満,元安川・太田川・旧太田川
4059,132.4659006,34.393612,1345.4,地表面,1.44,京橋川,356.2,01,0.01～0.19m,3,3.0～5.0m未満,元安川・太田川・旧太田川
4060,132.465887,34.3940625,1379.3,地表面,1.74,京橋川,366.1,01,0.01～0.19m,3,3.0～5.0m未満,元安川・太田川・旧太田川
4061,132.4658734,34.3945129,1414.2,地表面,2.04,京橋川,376.3,00,想定区域外,3,3.0～5.0m未満,元安川・太田川・旧太田川
4062,132.4658598,34.3949634,1450.0,地表面,1.34,京橋川,388.9,02,0.20～0.49m,3,3.0～5.0m未満,元安川・太田川・旧太田川
4063,132.4658462,34.3954139,1486.6,地表面,1.44,京橋川,401.6,02,0.20～0.49m,3,3.0～5.0m未満,元安川・太田川・旧太田川
4064,132.4658326,34.3958644,1524.0,地表面,1.94,京橋川,414.3,00,想定区域外,3,3.0～5.0m未満,元安川・太田川・旧太田川
4065,132.4658191,34.3963148,1562.0,地表面,1.34,京橋川,427.0,02,0.20～0.49m,3,3.0～5.0m未満,元安川・太田川・旧太田川
4066,132.4658055,34.3967653,1600.8,地表面,1.54,京橋川,439.7,01,0.01～0.19m,3,3.0～5.0m未満,元安川・太田川・旧太田川
4067,132.4657919,34.3972158,1640.1,地表面,1.94,京橋川,452.4,00,想定区域外,3,3.0～5.0m未満,元安川・太田川・旧太田川
4068,132.4657783,34.3976663,1680.0,地表面,1.44,京橋川,443.5,00,想定区域外,4,5.0～10.0m未満,元安川・太田川・旧太田川
4069,132.4657647,34.3981167,1720.5,地表面,2.04,京橋川,409.2,00,想定区域外,3,3.0～5.0m未満,元安川・太田川・旧太田川
4070,132.4657511,34.3985672,1761.4,地表面,2.34,京橋川,374.1,00,想定区域外,3,3.0～5.0m未満,元安川・太田川・旧太田川
4071,132.4657375,34.3990177,1802.8,地表面,2.04,京橋川,339.0,00,想定区域外,3,3.0～5.0m未満,元安川・太田川・旧太田川
4072,132.4657239,34.3994681,1844.6,地表面,2.14,京橋川,303.9,01,0.01～0.19m,3,3.0～5.0m未満,元安川・太田川・旧太田川
4073,132.4657103,34.3999186,1886.8,地表面,2.34,京橋川,271.0,00,想定区域外,3,3.0～5.0m未満,元安川・太田川・旧太田川
4074,132.4656968,34.4003691,1929.4,地表面,2.34,京橋川,240.1,01,0.01～0.19m,3,3.0～5.0m未満,元安川・太田川・旧太田川
4075,132.4656832,34.4008196,1972.3,地表面,2.24,京橋川,211.9,01,0.01～0.19m,3,3.0～5.0m未満,元安川・太田川・旧太田川
4076,132.4671499,34.3701985,1998.1,地表面,0.24,京橋川,606.4,00,想定区域外,2,0.5～3.0m未満,元安川・太田川
4077,132.4671363,34.370649,1955.8,地表面,-0.06,京橋川,599.8,02,0.20～0.49m,2,0.5～3.0m未満,元安川・太田川
4078,132.4671227,34.3710994,1913.8,地表面,0.14,京橋川,593.3,02,0.20～0.49m,2,0.5～3.0m未満,元安川・太田川
4079,132.4671092,34.3715499,1872.2,地表面,0.04,京橋川,589.0,01,0.01～0.19m,2,0.5～3.0m未満,元安川・太田川
4080,132.4670956,34.3720004,1831.0,地表面,0.14,京橋川,585.1,01,0.01～0.19m,2,0.5～3.0m未満,元安川・太田川
4081,132.467082,34.3724509,1790.3,地表面,-0.06,京橋川,581.3,02,0.20～0.49m,2,0.5～3.0m未満,元安川・太田川
4082,132.4670685,34.3729014,1750.0,地表面,0.04,京橋川,577.5,02,0.20～0.49m,2,0.5～3.0m未満,元安川・太田川
4083,132.4670549,34.3733518,1710.3,地表面,0.14,京橋川,572.9,01,0.01～0.19m,2,0.5～3.0m未満,元安川・太田川
4084,132.4670413,34.3738023,1671.1,地表面,-0.36,京橋川,557.2,02,0.20～0.49m,2,0.5～3.0m未満,元安川・太田川
4085,132.4670278,34.3742528,1632.5,地表面,0.14,京橋川,535.2,01,0.01～0.19m,2,0.5～3.0m未満,元安川・太田川
4086,132.4670142,34.3747033,1594.5,地表面,0.34,京橋川,513.3,01,0.01～0.19m,2,0.5～3.0m未満,元安川・太田川
4087,132.4670006,34.3751537,1557.2,地表面,0.04,京橋川,491.0,01,0.01～0.19m,2,0.5～3.0m未満,元安川・太田川
4088,132.4669871,34.3756042,1520.7,地表面,0.24,京橋川,465.7,01,0.01～0.19m,2,0.5～3.0m未満,元安川・太田川
4089,132.4669735,34.3760547,1484.9,地表面,0.24,京橋川,440.3,02,0.20～0.49m,2,0.5～3.0m未満,元安川・太田川
4090,132.4669599,34.3765052,1450.0,地表面,0.24,京橋川,413.5,01,0.01～0.19m,2,0.5～3.0m未満,元安川・太田川
4091,132.4669463,34.3769556,1416.0,地表面,0.64,京橋川,384.5,01,0.01～0.19m,2,0.5～3.0m未満,元安川・太田川
4092,132.4669328,34.3774061,1382.9,地表面,0.34,京橋川,355.6,02,0.20～0.49m,2,0.5～3.0m未満,元安川・太田川
4093,132.4669192,34.3778566,1350.9,地表面,0.64,京橋川,323.7,01,0.01～0.19m,2,0.5～3.0m未満,元安川・太田川
4094,132.4669056,34.3783071,1320.0,地表面,0.74,京橋川,290.7,00,想定区域外,2,0.5～3.0m未満,元安川・太田川
4095,132.466892,34.3787575,1290.3,地表面,0.54,京橋川,257.8,02,0.20～0.49m,2,0.5～3.0m未満,元安川・太田川
4096,132.4668785,34.379208,1261.9,地表面,0.64,京橋川,224.8,01,0.01～0.19m,2,0.5～3.0m未満,元安川・太田川
4097,132.4668649,34.3796585,1234.9,地表面,0.64,京橋川,191.9,01,0.01～0.19m,2,0.5～3.0m未満,元安川・太田川
4098,132.4668513,34.380109,1209.3,地表面,0.64,京橋川,158.9,02,0.20～0.49m,2,0.5～3.0m未満,元安川・太田川
4099,132.4668378,34.3805595,1185.3,地表面,0.94,京橋川,125.9,00,想定区域外,2,0.5～3.0m未満,元安川・太田川
4100,132.4668242,34.3810099,1163.0,地表面,2.14,京橋川,93.0,00,想定区域外,1,0.5m未満,元安川・太田川
4101,132.4668106,34.3814604,1142.4,地表面,2.54,京橋川,60.0,00,想定区域外,1,0.5m未満,元安川・太田川
4102,132.466797,34.3819109,1123.6,内水面,0.34,京橋川,27.1,00,想定区域外,0,想定区域外,
4103,132.4667835,34.3823614,1106.8,内水面,0.34,京橋川,5.9,00,想定区域外,0,想定区域外,
4104,132.4667699,34.3828118,1092.0,内水面,0.34,京橋川,38.8,00,想定区域外,0,想定区域外,
4105,132.4667563,34.3832623,1079.4,地表面,3.94,京橋川,71.8,00,想定区域外,2,0.5～3.0m未満,元安川・太田川・旧太田川
4106,132.4667427,34.3837128,1068.9,地表面,2.34,京橋川,104.8,00,想定区域外,3,3.0～5.0m未満,元安川・太田川・旧太田川
4107,132.4667292,34.3841633,1060.7,地表面,1.04,京橋川,137.7,00,想定区域外,3,3.0～5.0m未満,元安川・太田川・旧太田川
4108,132.4667156,34.3846137,1054.8,地表面,1.04,京橋川,167.4,00,想定区域外,3,3.0～5.0m未満,元安川・太田川・旧太田川
4109,132.466702,34.3850642,1051.2,地表面,1.24,京橋川,196.5,00,想定区域外,3,3.0～5.0m未満,元安川・太田川・旧太田川
4110,132.4666884,34.3855147,1050.0,地表面,1.14,京橋川,224.1,00,想定区域外,3,3.0～5.0m未満,元安川・太田川・旧太田川
4111,132.4666748,34.3859652,1051.2,地表面,0.84,京橋川,247.1,00,想定区域外,3,3.0～5.0m未満,元安川・太田川・旧太田川
4112,132.4666613,34.3864156,1054.8,地表面,1.34,京橋川,270.0,00,想定区域外,3,3.0～5.0m未満,元安川・太田川・旧太田川
4113,132.4666477,34.3868661,1060.7,地表面,1.14,京橋川,293.2,00,想定区域外,3,3.0～5.0m未満,元安川・太田川・旧太田川
4114,132.4666341,34.3873166,1068.9,地表面,0.74,京橋川,316.5,01,0.01～0.19m,3,3.0～5.0m未満,元安川・太田川・旧太田川
4115,132.4666205,34.3877671,1079.4,地表面,1.34,京橋川,338.0,00,想定区域外,3,3.0～5.0m未満,元安川・太田川・旧太田川
4116,132.466607,34.3882175,1092.0,地表面,0.84,京橋川,339.5,01,0.01～0.19m,3,3.0～5.0m未満,元安川・太田川・旧太田川
4117,132.4665934,34.388668,1106.8,地表面,0.94,京橋川,326.5,01,0.01～0.19m,3,3.0～5.0m未満,元安川・太田川・旧太田川
4118,132.4665798,34.3891185,1123.6,地表面,1.04,京橋川,313.6,01,0.01～0.19m,3,3.0～5.0m未満,元安川・太田川・旧太田川
4119,132.4665662,34.389569,1142.4,地表面,1.14,京橋川,301.0,01,0.01～0.19m,3,3.0～5.0m未満,元安川・太田川・旧太田川
4120,132.4665526,34.3900194,1163.0,地表面,0.94,京橋川,293.5,01,0.01～0.19m,3,3.0～5.0m未満,元安川・太田川・旧太田川
4121,132.4665391,34.3904699,1185.3,地表面,1.54,京橋川,286.9,00,想定区域外,3,3.0～5.0m未満,元安川・太田川・旧太田川
4122,132.4665255,34.3909204,1209.3,地表面,1.34,京橋川,282.3,01,0.01～0.19m,3,3.0～5.0m未満,元安川・太田川・旧太田川
4123,132.4665119,34.3913709,1234.9,地表面,1.24,京橋川,280.1,01,0.01～0.19m,3,3.0～5.0m未満,元安川・太田川・旧太田川
4124,132.4664983,34.3918213,1261.9,地表面,1.54,京橋川,279.7,00,想定区域外,3,3.0～5.0m未満,元安川・太田川・旧太田川
4125,132.4664847,34.3922718,1290.3,地表面,1.24,京橋川,282.0,02,0.20～0.49m,3,3.0～5.0m未満,元安川・太田川・旧太田川
4126,132.4664712,34.3927223,1320.0,地表面,1.64,京橋川,286.7,00,想定区域外,3,3.0～5.0m未満,元安川・太田川・旧太田川
4127,132.4664576,34.3931728,1350.9,地表面,1.44,京橋川,296.9,01,0.01～0.19m,3,3.0～5.0m未満,元安川・太田川・旧太田川
4128,132.466444,34.3936232,1382.9,地表面,1.34,京橋川,307.2,01,0.01～0.19m,3,3.0～5.0m未満,元安川・太田川・旧太田川
4129,132.4664304,34.3940737,1416.0,地表面,1.24,京橋川,317.1,02,0.20～0.49m,3,3.0～5.0m未満,元安川・太田川・旧太田川
4130,132.4664168,34.3945242,1450.0,地表面,1.44,京橋川,327.9,02,0.20～0.49m,3,3.0～5.0m未満,元安川・太田川・旧太田川
4131,132.4664032,34.3949747,1484.9,地表面,1.04,京橋川,340.6,02,0.20～0.49m,3,3.0～5.0m未満,元安川・太田川・旧太田川
4132,132.4663897,34.3954251,1520.7,地表面,1.54,京橋川,353.2,01,0.01～0.19m,3,3.0～5.0m未満,元安川・太田川・旧太田川
4133,132.4663761,34.3958756,1557.2,地表面,1.64,京橋川,365.9,01,0.01～0.19m,3,3.0～5.0m未満,元安川・太田川・旧太田川
4134,132.4663625,34.3963261,1594.5,地表面,1.64,京橋川,378.6,01,0.01～0.19m,3,3.0～5.0m未満,元安川・太田川・旧太田川
4135,132.4663489,34.3967766,1632.5,地表面,2.04,京橋川,391.3,00,想定区域外,3,3.0～5.0m未満,元安川・太田川・旧太田川
4136,132.4663353,34.397227,1671.1,地表面,1.74,京橋川,404.0,01,0.01～0.19m,4,5.0～10.0m未満,太田川・旧太田川
4137,132.4663217,34.3976775,1710.3,地表面,2.24,京橋川,399.8,01,0.01～0.19m,3,3.0～5.0m未満,元安川・太田川・旧太田川
4138,132.4663081,34.398128,1750.0,地表面,1.74,京橋川,373.2,01,0.01～0.19m,3,3.0～5.0m未満,元安川・太田川・旧太田川
4139,132.4662946,34.3985785,1790.3,地表面,2.24,京橋川,338.5,01,0.01～0.19m,3,3.0～5.0m未満,元安川・太田川・旧太田川
4140,132.466281,34.3990289,1831.0,地表面,2.34,京橋川,303.4,01,0.01～0.19m,3,3.0～5.0m未満,元安川・太田川・旧太田川
4141,132.4662674,34.3994794,1872.2,地表面,1.64,京橋川,268.3,01,0.01～0.19m,4,5.0～10.0m未満,元安川・太田川・旧太田川
4142,132.4662538,34.3999299,1913.8,地表面,2.14,京橋川,233.2,00,想定区域外,3,3.0～5.0m未満,元安川・太田川・旧太田川
4143,132.4662402,34.4003804,1955.8,地表面,1.94,京橋川,200.8,00,想定区域外,3,3.0～5.0m未満,元安川・太田川・旧太田川
4144,132.4662266,34.4008308,1998.1,地表面,2.24,京橋川,169.9,01,0.01～0.19m,3,3.0～5.0m未満,元安川・太田川・旧太田川
4145,132.4676796,34.3706602,1983.1,地表面,-0.36,京橋川,649.3,02,0.20～0.49m,2,0.5～3.0m未満,元安川・太田川
4146,132.467666,34.3711107,1941.6,地表面,-0.16,京橋川,643.0,01,0.01～0.19m,2,0.5～3.0m未満,元安川・太田川
4147,132.4676525,34.3715612,1900.7,地表面,0.14,京橋川,638.8,01,0.01～0.19m,2,0.5～3.0m未満,元安川・太田川
4148,132.4676389,34.3720117,1860.1,地表面,0.04,京橋川,635.0,01,0.01～0.19m,2,0.5～3.0m未満,元安川・太田川
4149,132.4676253,34.3724621,1820.0,地表面,0.04,京橋川,631.2,01,0.01～0.19m,2,0.5～3.0m未満,元安川・太田川
4150,132.4676118,34.3729126,1780.4,地表面,-0.06,京橋川,627.3,02,0.20～0.49m,2,0.5～3.0m未満,元安川・太田川
4151,132.4675982,34.3733631,1741.4,地表面,-0.36,京橋川,622.6,02,0.20～0.49m,2,0.5～3.0m未満,元安川・太田川
4152,132.4675846,34.3738136,1702.9,地表面,-0.06,京橋川,602.1,02,0.20～0.49m,2,0.5～3.0m未満,元安川・太田川
4153,132.4675711,34.374264,1665.1,地表面,0.04,京橋川,580.2,01,0.01～0.19m,2,0.5～3.0m未満,元安川・太田川
4154,132.4675575,34.3747145,1627.9,地表面,0.24,京橋川,558.2,01,0.01～0.19m,2,0.5～3.0m未満,元安川・太田川
4155,132.4675439,34.375165,1591.4,地表面,0.24,京橋川,534.1,01,0.01～0.19m,2,0.5～3.0m未満,元安川・太田川
4156,132.4675304,34.3756155,1555.6,地表面,0.44,京橋川,508.7,01,0.01～0.19m,2,0.5～3.0m未満,元安川・太田川
4157,132.4675168,34.3760659,1520.7,地表面,0.24,京橋川,483.2,02,0.20～0.49m,2,0.5～3.0m未満,元安川・太田川
4158,132.4675032,34.3765164,1486.6,地表面,0.14,京橋川,454.2,02,0.20～0.49m,2,0.5～3.0m未満,元安川・太田川
4159,132.4674896,34.3769669,1453.4,地表面,0.14,京橋川,425.3,02,0.20～0.49m,2,0.5～3.0m未満,元安川・太田川
4160,132.4674761,34.3774174,1421.3,地表面,0.24,京橋川,394.3,02,0.20～0.49m,2,0.5～3.0m未満,元安川・太田川
4161,132.4674625,34.3778678,1390.1,地表面,0.74,京橋川,361.3,01,0.01～0.19m,2,0.5～3.0m未満,元安川・太田川
4162,132.4674489,34.3783183,1360.1,地表面,0.34,京橋川,328.3,02,0.20～0.49m,2,0.5～3.0m未満,元安川・太田川
4163,132.4674354,34.3787688,1331.4,地表面,0.84,京橋川,295.4,01,0.01～0.19m,2,0.5～3.0m未満,元安川・太田川
4164,132.4674218,34.3792193,1303.8,地表面,0.64,京橋川,262.4,01,0.01～0.19m,2,0.5～3.0m未満,元安川・太田川
4165,132.4674082,34.3796698,1277.7,地表面,0.74,京橋川,229.5,00,想定区域外,2,0.5～3.0m未満,元安川・太田川
4166,132.4673947,34.3801202,1253.0,地表面,1.14,京橋川,196.5,01,0.01～0.19m,2,0.5～3.0m未満,元安川・太田川
4167,132.4673811,34.3805707,1229.8,地表面,0.84,京橋川,163.5,01,0.01～0.19m,2,0.5～3.0m未満,元安川・太田川
4168,132.4673675,34.3810212,1208.3,地表面,0.94,京橋川,130.6,02,0.20～0.49m,2,0.5～3.0m未満,元安川・太田川
4169,132.4673539,34.3814717,1188.5,地表面,1.04,京橋川,97.6,02,0.20～0.49m,2,0.5～3.0m未満,元安川・太田川
4170,132.4673404,34.3819221,1170.5,地表面,2.64,京橋川,64.7,00,想定区域外,2,0.5～3.0m未満,元安川・太田川
4171,132.4673268,34.3823726,1154.3,内水面,0.24,京橋川,31.7,00,想定区域外,0,想定区域外,
4172,132.4673132,34.3828231,1140.2,内水面,0.34,京橋川,1.2,00,想定区域外,0,想定区域外,
4173,132.4672997,34.3832736,1128.1,内水面,0.34,京橋川,34.2,00,想定区域外,0,想定区域外,
4174,132.4672861,34.383724,1118.0,地表面,4.34,京橋川,67.2,00,想定区域外,2,0.5～3.0m未満,元安川・太田川・旧太田川
4175,132.4672725,34.3841745,1110.2,地表面,1.34,京橋川,97.7,00,想定区域外,3,3.0～5.0m未満,元安川・太田川・旧太田川
4176,132.4672589,34.384625,1104.5,地表面,1.14,京橋川,126.7,01,0.01～0.19m,3,3.0～5.0m未満,元安川・太田川・旧太田川
4177,132.4672454,34.3850755,1101.1,地表面,1.24,京橋川,155.8,00,想定区域外,3,3.0～5.0m未満,元安川・太田川・旧太田川
4178,132.4672318,34.3855259,1100.0,地表面,1.14,京橋川,179.7,01,0.01～0.19m,3,3.0～5.0m未満,元安川・太田川・旧太田川
4179,132.4672182,34.3859764,1101.1,地表面,1.14,京橋川,202.6,00,想定区域外,3,3.0～5.0m未満,元安川・太田川・旧太田川
4180,132.4672046,34.3864269,1104.5,地表面,0.84,京橋川,225.7,01,0.01～0.19m,3,3.0～5.0m未満,元安川・太田川・旧太田川
4181,132.4671911,34.3868774,1110.2,地表面,1.04,京橋川,248.9,01,0.01～0.19m,3,3.0～5.0m未満,元安川・太田川・旧太田川
4182,132.4671775,34.3873278,1118.0,地表面,1.04,京橋川,272.2,01,0.01～0.19m,3,3.0～5.0m未満,元安川・太田川・旧太田川
4183,132.4671639,34.3877783,1128.1,地表面,0.94,京橋川,292.0,01,0.01～0.19m,3,3.0～5.0m未満,元安川・太田川・旧太田川
4184,132.4671503,34.3882288,1140.2,地表面,1.14,京橋川,291.2,00,想定区域外,3,3.0～5.0m未満,元安川・太田川・旧太田川
4185,132.4671368,34.3886793,1154.3,地表面,0.84,京橋川,278.2,01,0.01～0.19m,4,5.0～10.0m未満,元安川・太田川・旧太田川
4186,132.4671232,34.3891297,1170.5,地表面,1.14,京橋川,265.3,01,0.01～0.19m,3,3.0～5.0m未満,元安川・太田川・旧太田川
4187,132.4671096,34.3895802,1188.5,地表面,1.24,京橋川,252.3,01,0.01～0.19m,3,3.0～5.0m未満,元安川・太田川・旧太田川
4188,132.467096,34.3900307,1208.3,地表面,1.54,京橋川,243.9,01,0.01～0.19m,3,3.0～5.0m未満,元安川・太田川・旧太田川
4189,132.4670825,34.3904812,1229.8,地表面,1.44,京橋川,237.3,01,0.01～0.19m,3,3.0～5.0m未満,元安川・太田川・旧太田川
4190,132.4670689,34.3909316,1253.0,地表面,1.24,京橋川,232.3,01,0.01～0.19m,3,3.0～5.0m未満,元安川・太田川・旧太田川
4191,132.4670553,34.3913821,1277.7,地表面,0.94,京橋川,230.2,02,0.20～0.49m,3,3.0～5.0m未満,元安川・太田川・旧太田川
4192,132.4670417,34.3918326,1303.8,地表面,1.54,京橋川,229.8,00,想定区域外,3,3.0～5.0m未満,元安川・太田川・旧太田川
4193,132.4670281,34.3922831,1331.4,地表面,1.64,京橋川,232.1,00,想定区域外,3,3.0～5.0m未満,元安川・太田川・旧太田川
4194,132.4670146,34.3927335,1360.1,地表面,1.44,京橋川,237.7,01,0.01～0.19m,3,3.0～5.0m未満,元安川・太田川・旧太田川
4195,132.467001,34.393184,1390.1,地表面,1.64,京橋川,248.0,00,想定区域外,3,3.0～5.0m未満,元安川・太田川・旧太田川
4196,132.4669874,34.3936345,1421.3,地表面,1.74,京橋川,258.2,00,想定区域外,3,3.0～5.0m未満,元安川・太田川・旧太田川
4197,132.4669738,34.394085,1453.4,地表面,1.84,京橋川,268.1,00,想定区域外,3,3.0～5.0m未満,元安川・太田川・旧太田川
4198,132.4669602,34.3945354,1486.6,地表面,1.64,京橋川,279.5,01,0.01～0.19m,3,3.0～5.0m未満,元安川・太田川・旧太田川
4199,132.4669467,34.3949859,1520.7,地表面,1.34,京橋川,292.2,02,0.20～0.49m,3,3.0～5.0m未満,元安川・太田川・旧太田川
4200,132.4669331,34.3954364,1555.6,地表面,1.14,京橋川,304.9,03,0.50～0.99m,4,5.0～10.0m未満,元安川・太田川・旧太田川
4201,132.4669195,34.3958869,1591.4,地表面,1.84,京橋川,317.6,01,0.01～0.19m,3,3.0～5.0m未満,元安川・太田川・旧太田川
4202,132.4669059,34.3963373,1627.9,地表面,1.74,京橋川,330.3,01,0.01～0.19m,3,3.0～5.0m未満,元安川・太田川・旧太田川
4203,132.4668923,34.3967878,1665.1,地表面,2.04,京橋川,342.9,00,想定区域外,3,3.0～5.0m未満,元安川・太田川・旧太田川
4204,132.4668788,34.3972383,1702.9,地表面,1.44,京橋川,355.6,02,0.20～0.49m,4,5.0～10.0m未満,元安川・太田川・旧太田川
4205,132.4668652,34.3976888,1741.4,地表面,2.14,京橋川,356.2,00,想定区域外,3,3.0～5.0m未満,元安川・太田川・旧太田川
4206,132.4668516,34.3981392,1780.4,地表面,2.14,京橋川,331.8,00,想定区域外,3,3.0～5.0m未満,元安川・太田川・旧太田川
4207,132.466838,34.3985897,1820.0,地表面,1.34,京橋川,302.6,03,0.50～0.99m,4,5.0～10.0m未満,元安川・太田川・旧太田川
4208,132.4668244,34.3990402,1860.1,地表面,1.74,京橋川,267.8,01,0.01～0.19m,3,3.0～5.0m未満,元安川・太田川・旧太田川
4209,132.4668108,34.3994907,1900.7,地表面,1.64,京橋川,232.7,01,0.01～0.19m,3,3.0～5.0m未満,元安川・太田川・旧太田川
4210,132.4667973,34.3999411,1941.6,地表面,2.74,京橋川,197.6,00,想定区域外,3,3.0～5.0m未満,元安川・太田川・旧太田川
4211,132.4667837,34.4003916,1983.1,地表面,1.44,京橋川,162.5,00,想定区域外,4,5.0～10.0m未満,元安川・太田川・旧太田川
4212,132.4682093,34.3711219,1970.4,地表面,-0.26,京橋川,692.7,02,0.20～0.49m,2,0.5～3.0m未満,元安川・太田川
4213,132.4681957,34.3715724,1930.0,地表面,-0.06,京橋川,688.7,02,0.20～0.49m,2,0.5～3.0m未満,元安川・太田川
4214,132.4681822,34.3720229,1890.1,地表面,-0.16,京橋川,684.8,02,0.20～0.49m,2,0.5～3.0m未満,元安川・太田川
4215,132.4681686,34.3724734,1850.7,地表面,0.14,京橋川,681.0,02,0.20～0.49m,2,0.5～3.0m未満,元安川・太田川
4216,132.468155,34.3729239,1811.8,地表面,0.14,京橋川,677.2,02,0.20～0.49m,2,0.5～3.0m未満,元安川・太田川
4217,132.4681415,34.3733743,1773.4,地表面,0.14,京橋川,669.0,01,0.01～0.19m,2,0.5～3.0m未満,元安川・太田川
4218,132.4681279,34.3738248,1735.7,地表面,-0.16,京橋川,647.0,02,0.20～0.49m,2,0.5～3.0m未満,元安川・太田川
4219,132.4681144,34.3742753,1698.5,地表面,-0.36,京橋川,625.1,03,0.50～0.99m,2,0.5～3.0m未満,元安川・太田川
4220,132.4681008,34.3747258,1662.1,地表面,0.04,京橋川,602.6,02,0.20～0.49m,2,0.5～3.0m未満,元安川・太田川
4221,132.4680872,34.3751762,1626.3,地表面,-0.06,京橋川,577.2,02,0.20～0.49m,2,0.5～3.0m未満,元安川・太田川
4222,132.4680737,34.3756267,1591.4,地表面,0.14,京橋川,551.8,01,0.01～0.19m,2,0.5～3.0m未満,元安川・太田川
4223,132.4680601,34.3760772,1557.2,地表面,0.24,京橋川,523.9,01,0.01～0.19m,2,0.5～3.0m未満,元安川・太田川
4224,132.4680465,34.3765277,1524.0,地表面,0.44,京橋川,495.0,01,0.01～0.19m,2,0.5～3.0m未満,元安川・太田川
4225,132.468033,34.3769781,1491.6,地表面,0.14,京橋川,464.8,02,0.20～0.49m,2,0.5～3.0m未満,元安川・太田川
4226,132.4680194,34.3774286,1460.3,地表面,0.34,京橋川,431.9,01,0.01～0.19m,2,0.5～3.0m未満,元安川・太田川
4227,132.4680058,34.3778791,1430.0,地表面,0.64,京橋川,398.9,00,想定区域外,2,0.5～3.0m未満,元安川・太田川
4228,132.4679923,34.3783296,1400.9,地表面,0.64,京橋川,365.9,01,0.01～0.19m,2,0.5～3.0m未満,元安川・太田川
4229,132.4679787,34.37878,1373.0,地表面,0.44,京橋川,333.0,01,0.01～0.19m,2,0.5～3.0m未満,元安川・太田川
4230,132.4679651,34.3792305,1346.3,地表面,0.74,京橋川,300.0,01,0.01～0.19m,2,0.5～3.0m未満,元安川・太田川
4231,132.4679516,34.379681,1321.0,地表面,0.84,京橋川,267.1,01,0.01～0.19m,2,0.5～3.0m未満,元安川・太田川
4232,132.467938,34.3801315,1297.1,地表面,1.24,京橋川,234.1,00,想定区域外,2,0.5～3.0m未満,元安川・太田川
4233,132.4679244,34.380582,1274.8,地表面,0.84,京橋川,201.1,02,0.20～0.49m,2,0.5～3.0m未満,元安川・太田川
4234,132.4679109,34.3810324,1254.0,地表面,1.24,京橋川,168.2,01,0.01～0.19m,2,0.5～3.0m未満,元安川・太田川
4235,132.4678973,34.3814829,1234.9,地表面,1.24,京橋川,135.2,00,想定区域外,2,0.5～3.0m未満,元安川・太田川
4236,132.4678837,34.3819334,1217.6,地表面,1.04,京橋川,102.3,01,0.01～0.19m,2,0.5～3.0m未満,元安川・太田川
4237,132.4678702,34.3823839,1202.1,地表面,1.94,京橋川,69.3,00,想定区域外,2,0.5～3.0m未満,元安川・太田川
4238,132.4678566,34.3828343,1188.5,内水面,0.34,京橋川,36.4,00,想定区域外,0,想定区域外,
4239,132.467843,34.3832848,1176.9,内水面,0.34,京橋川,3.4,00,想定区域外,0,想定区域外,
4240,132.4678294,34.3837353,1167.3,内水面,0.34,京橋川,27.9,00,想定区域外,0,想定区域外,
4241,132.4678159,34.3841858,1159.7,内水面,0.34,京橋川,57.0,00,想定区域外,0,想定区域外,
4242,132.4678023,34.3846362,1154.3,地表面,2.44,京橋川,86.0,01,0.01～0.19m,2,0.5～3.0m未満,元安川・太田川・旧太田川
4243,132.4677887,34.3850867,1151.1,地表面,1.64,京橋川,112.3,00,想定区域外,3,3.0～5.0m未満,元安川・太田川・旧太田川
4244,132.4677752,34.3855372,1150.0,地表面,1.24,京橋川,135.3,00,想定区域外,3,3.0～5.0m未満,元安川・太田川・旧太田川
4245,132.4677616,34.3859877,1151.1,地表面,1.74,京橋川,158.2,00,想定区域外,3,3.0～5.0m未満,元安川・太田川・旧太田川
4246,132.467748,34.3864381,1154.3,地表面,1.64,京橋川,181.4,01,0.01～0.19m,3,3.0～5.0m未満,元安川・太田川・旧太田川
4247,132.4677344,34.3868886,1159.7,地表面,1.14,京橋川,204.7,01,0.01～0.19m,3,3.0～5.0m未満,元安川・太田川・旧太田川
4248,132.4677209,34.3873391,1167.3,地表面,1.34,京橋川,226.4,00,想定区域外,3,3.0～5.0m未満,元安川・太田川・旧太田川
4249,132.4677073,34.3877896,1176.9,地表面,1.14,京橋川,243.8,01,0.01～0.19m,3,3.0～5.0m未満,元安川・太田川・旧太田川
4250,132.4676937,34.38824,1188.5,地表面,1.24,京橋川,242.8,00,想定区域外,3,3.0～5.0m未満,元安川・太田川・旧太田川
4251,132.4676802,34.3886905,1202.1,地表面,0.94,京橋川,229.9,00,想定区域外,3,3.0～5.0m未満,元安川・太田川・旧太田川
4252,132.4676666,34.389141,1217.6,地表面,1.04,京橋川,217.0,01,0.01～0.19m,3,3.0～5.0m未満,元安川・太田川・旧太田川
4253,132.467653,34.3895915,1234.9,地表面,1.24,京橋川,204.0,01,0.01～0.19m,3,3.0～5.0m未満,元安川・太田川・旧太田川
4254,132.4676394,34.390042,1254.0,地表面,1.24,京橋川,194.4,01,0.01～0.19m,3,3.0～5.0m未満,元安川・太田川・旧太田川
4255,132.4676259,34.3904924,1274.8,地表面,1.24,京橋川,187.8,01,0.01～0.19m,3,3.0～5.0m未満,元安川・太田川・旧太田川
4256,132.4676123,34.3909429,1297.1,地表面,1.54,京橋川,182.4,01,0.01～0.19m,3,3.0～5.0m未満,元安川・太田川・旧太田川
4257,132.4675987,34.3913934,1321.0,地表面,1.74,京橋川,180.2,01,0.01～0.19m,3,3.0～5.0m未満,元安川・太田川・旧太田川
4258,132.4675851,34.3918439,1346.3,地表面,1.64,京橋川,179.8,01,0.01～0.19m,3,3.0～5.0m未満,元安川・太田川・旧太田川
4259,132.4675716,34.3922943,1373.0,地表面,1.24,京橋川,182.1,01,0.01～0.19m,3,3.0～5.0m未満,元安川・太田川・旧太田川
4260,132.467558,34.3927448,1400.9,地表面,1.24,京橋川,188.8,01,0.01～0.19m,3,3.0～5.0m未満,元安川・太田川・旧太田川
4261,132.4675444,34.3931953,1430.0,地表面,1.74,京橋川,199.1,01,0.01～0.19m,3,3.0～5.0m未満,元安川・太田川・旧太田川
4262,132.4675308,34.3936458,1460.3,地表面,1.44,京橋川,209.2,01,0.01～0.19m,3,3.0～5.0m未満,元安川・太田川・旧太田川
4263,132.4675173,34.3940962,1491.6,地表面,1.64,京橋川,219.1,01,0.01～0.19m,3,3.0～5.0m未満,元安川・太田川・旧太田川
4264,132.4675037,34.3945467,1524.0,地表面,1.94,京橋川,231.1,00,想定区域外,3,3.0～5.0m未満,元安川・太田川・旧太田川
4265,132.4674901,34.3949972,1557.2,地表面,1.74,京橋川,243.8,01,0.01～0.19m,3,3.0～5.0m未満,元安川・太田川・旧太田川
4266,132.4674765,34.3954477,1591.4,地表面,2.04,京橋川,256.5,00,想定区域外,3,3.0～5.0m未満,元安川・太田川・旧太田川
4267,132.4674629,34.3958981,1626.3,地表面,1.74,京橋川,269.2,02,0.20～0.49m,3,3.0～5.0m未満,元安川・太田川・旧太田川
4268,132.4674494,34.3963486,1662.1,地表面,1.84,京橋川,281.9,01,0.01～0.19m,3,3.0～5.0m未満,元安川・太田川・旧太田川
4269,132.4674358,34.3967991,1698.5,地表面,1.34,京橋川,294.6,02,0.20～0.49m,4,5.0～10.0m未満,太田川・旧太田川
4270,132.4674222,34.3972496,1735.7,地表面,1.44,京橋川,307.3,02,0.20～0.49m,4,5.0～10.0m未満,元安川・太田川・旧太田川
4271,132.4674086,34.3977,1773.4,地表面,2.14,京橋川,311.9,00,想定区域外,3,3.0～5.0m未満,元安川・太田川・旧太田川
4272,132.467395,34.3981505,1811.8,地表面,2.14,京橋川,288.2,00,想定区域外,3,3.0～5.0m未満,元安川・太田川・旧太田川
4273,132.4673815,34.398601,1850.7,地表面,1.74,京橋川,263.8,02,0.20～0.49m,4,5.0～10.0m未満,元安川・太田川・旧太田川
4274,132.4673679,34.3990515,1890.1,地表面,1.74,京橋川,231.9,02,0.20～0.49m,4,5.0～10.0m未満,元安川・太田川・旧太田川
4275,132.4673543,34.3995019,1930.0,地表面,2.04,京橋川,197.1,00,想定区域外,3,3.0～5.0m未満,元安川・太田川・旧太田川
4276,132.4673407,34.3999524,1970.4,地表面,1.94,京橋川,162.0,00,想定区域外,3,3.0～5.0m未満,元安川・太田川・旧太田川
4277,132.4687526,34.3711332,2000.0,地表面,-0.06,京橋川,742.5,02,0.20～0.49m,2,0.5～3.0m未満,元安川・太田川
4278,132.468739,34.3715837,1960.2,地表面,-0.16,京橋川,738.5,02,0.20～0.49m,2,0.5～3.0m未満,元安川・太田川
4279,132.4687254,34.3720341,1920.9,地表面,0.04,京橋川,734.7,02,0.20～0.49m,2,0.5～3.0m未満,元安川・太田川
4280,132.4687119,34.3724846,1882.2,地表面,-0.26,京橋川,730.9,01,0.01～0.19m,2,0.5～3.0m未満,元安川・太田川
4281,132.4686983,34.3729351,1843.9,地表面,0.24,京橋川,727.0,01,0.01～0.19m,2,0.5～3.0m未満,元安川・太田川
4282,132.4686848,34.3733856,1806.2,地表面,0.14,京橋川,713.9,02,0.20～0.49m,2,0.5～3.0m未満,元安川・太田川
4283,132.4686712,34.3738361,1769.2,地表面,0.14,京橋川,692.0,01,0.01～0.19m,2,0.5～3.0m未満,元安川・太田川
4284,132.4686576,34.3742865,1732.8,地表面,-0.06,京橋川,670.0,02,0.20～0.49m,2,0.5～3.0m未満,元安川・太田川
4285,132.4686441,34.374737,1697.1,地表面,0.14,京橋川,645.7,02,0.20～0.49m,2,0.5～3.0m未満,元安川・太田川
4286,132.4686305,34.3751875,1662.1,地表面,0.04,京橋川,620.3,01,0.01～0.19m,2,0.5～3.0m未満,元安川・太田川
4287,132.468617,34.375638,1627.9,地表面,0.04,京橋川,593.7,02,0.20～0.49m,2,0.5～3.0m未満,元安川・太田川
4288,132.4686034,34.3760884,1594.5,地表面,0.14,京橋川,564.7,02,0.20～0.49m,2,0.5～3.0m未満,元安川・太田川
4289,132.4685898,34.3765389,1562.0,地表面,0.34,京橋川,535.4,01,0.01～0.19m,2,0.5～3.0m未満,元安川・太田川
4290,132.4685763,34.3769894,1530.5,地表面,0.34,京橋川,502.4,02,0.20～0.49m,2,0.5～3.0m未満,元安川・太田川
4291,132.4685627,34.3774399,1500.0,地表面,0.34,京橋川,469.5,02,0.20～0.49m,2,0.5～3.0m未満,元安川・太田川
4292,132.4685491,34.3778903,1470.5,地表面,0.54,京橋川,436.5,01,0.01～0.19m,2,0.5～3.0m未満,元安川・太田川
4293,132.4685356,34.3783408,1442.2,地表面,0.54,京橋川,403.5,02,0.20～0.49m,2,0.5～3.0m未満,元安川・太田川
4294,132.468522,34.3787913,1415.1,地表面,0.04,京橋川,370.6,03,0.50～0.99m,2,0.5～3.0m未満,元安川・太田川
4295,132.4685085,34.3792418,1389.2,地表面,0.24,京橋川,337.6,02,0.20～0.49m,2,0.5～3.0m未満,元安川・太田川
4296,132.4684949,34.3796923,1364.7,地表面,1.44,京橋川,304.7,01,0.01～0.19m,2,0.5～3.0m未満,元安川・太田川
4297,132.4684813,34.3801427,1341.6,地表面,1.44,京橋川,271.7,00,想定区域外,2,0.5～3.0m未満,元安川・太田川
4298,132.4684678,34.3805932,1320.0,地表面,0.74,京橋川,238.7,02,0.20～0.49m,2,0.5～3.0m未満,元安川・太田川
4299,132.4684542,34.3810437,1300.0,地表面,1.24,京橋川,205.8,01,0.01～0.19m,2,0.5～3.0m未満,元安川・太田川
4300,132.4684406,34.3814942,1281.6,地表面,1.24,京橋川,172.8,01,0.01～0.19m,2,0.5～3.0m未満,元安川・太田川
4301,132.4684271,34.3819446,1264.9,地表面,1.54,京橋川,139.9,01,0.01～0.19m,2,0.5～3.0m未満,元安川・太田川
4302,132.4684135,34.3823951,1250.0,地表面,1.44,京橋川,106.9,00,想定区域外,2,0.5～3.0m未満,元安川・太田川
4303,132.4683999,34.3828456,1236.9,地表面,3.14,京橋川,74.0,00,想定区域外,0,想定区域外,
4304,132.4683864,34.3832961,1225.8,地表面,2.04,京橋川,41.8,00,想定区域外,1,0.5m未満,元安川・太田川
4305,132.4683728,34.3837465,1216.6,内水面,0.34,京橋川,12.8,00,想定区域外,0,想定区域外,
4306,132.4683592,34.384197,1209.3,内水面,0.34,京橋川,16.3,00,想定区域外,0,想定区域外,
4307,132.4683457,34.3846475,1204.2,内水面,0.34,京橋川,44.9,00,想定区域外,0,想定区域外,
4308,132.4683321,34.385098,1201.0,地表面,1.74,京橋川,67.9,00,想定区域外,3,3.0～5.0m未満,元安川・太田川・旧太田川
4309,132.4683185,34.3855484,1200.0,地表面,2.34,京橋川,90.8,00,想定区域外,3,3.0～5.0m未満,元安川・太田川・旧太田川
4310,132.468305,34.3859989,1201.0,地表面,2.24,京橋川,113.9,00,想定区域外,3,3.0～5.0m未満,元安川・太田川・旧太田川
4311,132.4682914,34.3864494,1204.2,地表面,2.54,京橋川,137.1,00,想定区域外,2,0.5～3.0m未満,元安川・太田川・旧太田川
4312,132.4682778,34.3868999,1209.3,地表面,1.14,京橋川,160.4,01,0.01～0.19m,3,3.0～5.0m未満,元安川・太田川・旧太田川
4313,132.4682643,34.3873503,1216.6,地表面,1.44,京橋川,180.4,00,想定区域外,3,3.0～5.0m未満,元安川・太田川・旧太田川
4314,132.4682507,34.3878008,1225.8,地表面,1.24,京橋川,194.7,01,0.01～0.19m,3,3.0～5.0m未満,元安川・太田川・旧太田川
4315,132.4682371,34.3882513,1236.9,地表面,1.24,京橋川,193.1,00,想定区域外,3,3.0～5.0m未満,元安川・太田川・旧太田川
4316,132.4682235,34.3887018,1250.0,地表面,1.24,京橋川,181.6,01,0.01～0.19m,3,3.0～5.0m未満,元安川・太田川・旧太田川
4317,132.46821,34.3891523,1264.9,地表面,1.44,京橋川,168.7,00,想定区域外,3,3.0～5.0m未満,元安川・太田川・旧太田川
4318,132.4681964,34.3896027,1281.6,地表面,1.34,京橋川,155.7,01,0.01～0.19m,3,3.0～5.0m未満,元安川・太田川・旧太田川
4319,132.4681828,34.3900532,1300.0,地表面,1.44,京橋川,144.8,00,想定区域外,3,3.0～5.0m未満,元安川・太田川・旧太田川
4320,132.4681693,34.3905037,1320.0,地表面,1.64,京橋川,138.2,01,0.01～0.19m,3,3.0～5.0m未満,元安川・太田川・旧太田川
4321,132.4681557,34.3909542,1341.6,地表面,1.64,京橋川,132.4,00,想定区域外,3,3.0～5.0m未満,元安川・太田川・旧太田川
4322,132.4681421,34.3914046,1364.7,地表面,2.54,京橋川,130.3,00,想定区域外,3,3.0～5.0m未満,元安川・太田川・旧太田川
4323,132.4681285,34.3918551,1389.2,地表面,2.24,京橋川,129.9,00,想定区域外,3,3.0～5.0m未満,元安川・太田川・旧太田川
4324,132.468115,34.3923056,1415.1,地表面,2.04,京橋川,132.2,00,想定区域外,3,3.0～5.0m未満,元安川・太田川・旧太田川
4325,132.4681014,34.3927561,1442.2,地表面,2.14,京橋川,139.8,00,想定区域外,3,3.0～5.0m未満,元安川・太田川・旧太田川
4326,132.4680878,34.3932065,1470.5,地表面,1.84,京橋川,150.2,00,想定区域外,3,3.0～5.0m未満,元安川・太田川・旧太田川
4327,132.4680742,34.393657,1500.0,地表面,1.54,京橋川,160.2,00,想定区域外,3,3.0～5.0m未満,元安川・太田川・旧太田川
4328,132.4680607,34.3941075,1530.5,地表面,1.74,京橋川,170.1,00,想定区域外,3,3.0～5.0m未満,元安川・太田川・旧太田川
4329,132.4680471,34.394558,1562.0,地表面,1.84,京橋川,182.8,01,0.01～0.19m,3,3.0～5.0m未満,元安川・太田川・旧太田川
4330,132.4680335,34.3950084,1594.5,地表面,1.44,京橋川,195.5,02,0.20～0.49m,3,3.0～5.0m未満,元安川・太田川・旧太田川
4331,132.46802,34.3954589,1627.9,地表面,1.84,京橋川,208.2,00,想定区域外,3,3.0～5.0m未満,元安川・太田川・旧太田川
4332,132.4680064,34.3959094,1662.1,地表面,1.84,京橋川,220.8,01,0.01～0.19m,3,3.0～5.0m未満,元安川・太田川・旧太田川
4333,132.4679928,34.3963599,1697.1,地表面,1.54,京橋川,233.5,01,0.01～0.19m,3,3.0～5.0m未満,元安川・太田川・旧太田川
4334,132.4679792,34.3968103,1732.8,地表面,1.84,京橋川,246.2,02,0.20～0.49m,3,3.0～5.0m未満,元安川・太田川・旧太田川
4335,132.4679656,34.3972608,1769.2,地表面,1.74,京橋川,258.9,02,0.20～0.49m,3,3.0～5.0m未満,元安川・太田川・旧太田川
4336,132.4679521,34.3977113,1806.2,地表面,1.44,京橋川,266.0,02,0.20～0.49m,4,5.0～10.0m未満,元安川・太田川・旧太田川
4337,132.4679385,34.3981618,1843.9,地表面,1.34,京橋川,244.5,03,0.50～0.99m,4,5.0～10.0m未満,元安川・太田川・旧太田川
4338,132.4679249,34.3986122,1882.2,地表面,1.84,京橋川,220.1,01,0.01～0.19m,4,5.0～10.0m未満,元安川・太田川・旧太田川
4339,132.4679113,34.3990627,1920.9,地表面,1.54,京橋川,195.4,02,0.20～0.49m,4,5.0～10.0m未満,元安川・太田川・旧太田川
4340,132.4678978,34.3995132,1960.2,地表面,2.44,京橋川,161.2,00,想定区域外,4,5.0～10.0m未満,太田川・旧太田川
4341,132.4678842,34.3999637,2000.0,地表面,2.24,京橋川,126.4,00,想定区域外,4,5.0～10.0m未満,元安川・太田川・旧太田川
4342,132.4692823,34.3715949,1991.2,地表面,-0.16,京橋川,788.4,02,0.20～0.49m,2,0.5～3.0m未満,元安川・太田川
4343,132.4692687,34.3720454,1952.6,地表面,-0.56,京橋川,784.5,02,0.20～0.49m,2,0.5～3.0m未満,元安川・太田川
4344,132.4692552,34.3724959,1914.4,地表面,-0.16,京橋川,780.7,02,0.20～0.49m,2,0.5～3.0m未満,元安川・太田川
4345,132.4692416,34.3729463,1876.8,地表面,-0.06,京橋川,776.9,01,0.01～0.19m,2,0.5～3.0m未満,元安川・太田川
4346,132.4692281,34.3733968,1839.8,地表面,0.14,京橋川,758.8,01,0.01～0.19m,2,0.5～3.0m未満,元安川・太田川
4347,132.4692145,34.3738473,1803.5,地表面,0.44,京橋川,736.9,00,想定区域外,2,0.5～3.0m未満,元安川・太田川
4348,132.4692009,34.3742978,1767.8,地表面,-0.36,京橋川,714.1,03,0.50～0.99m,2,0.5～3.0m未満,元安川・太田川
4349,132.4691874,34.3747482,1732.8,地表面,0.24,京橋川,688.7,01,0.01～0.19m,2,0.5～3.0m未満,元安川・太田川
4350,132.4691738,34.3751987,1698.5,地表面,0.04,京橋川,663.3,02,0.20～0.49m,2,0.5～3.0m未満,元安川・太田川
4351,132.4691603,34.3756492,1665.1,地表面,0.14,京橋川,634.4,01,0.01～0.19m,2,0.5～3.0m未満,元安川・太田川
4352,132.4691467,34.3760997,1632.5,地表面,0.34,京橋川,605.5,01,0.01～0.19m,2,0.5～3.0m未満,元安川・太田川
4353,132.4691331,34.3765502,1600.8,地表面,0.34,京橋川,573.0,01,0.01～0.19m,2,0.5～3.0m未満,元安川・太田川
4354,132.4691196,34.3770006,1570.0,地表面,0.34,京橋川,540.0,01,0.01～0.19m,2,0.5～3.0m未満,元安川・太田川
4355,132.469106,34.3774511,1540.3,地表面,0.54,京橋川,507.1,01,0.01～0.19m,2,0.5～3.0m未満,元安川・太田川
4356,132.4690925,34.3779016,1511.6,地表面,0.44,京橋川,474.1,01,0.01～0.19m,2,0.5～3.0m未満,元安川・太田川
4357,132.4690789,34.3783521,1484.1,地表面,0.34,京橋川,441.1,02,0.20～0.49m,2,0.5～3.0m未満,元安川・太田川
4358,132.4690653,34.3788025,1457.7,地表面,0.44,京橋川,408.2,01,0.01～0.19m,2,0.5～3.0m未満,元安川・太田川
4359,132.4690518,34.379253,1432.7,地表面,1.04,京橋川,375.2,00,想定区域外,2,0.5～3.0m未満,元安川・太田川
4360,132.4690382,34.3797035,1408.9,地表面,1.14,京橋川,342.3,04,1.00m以上,3,3.0～5.0m未満,元安川・太田川
4361,132.4690247,34.380154,1386.5,地表面,0.64,京橋川,309.3,01,0.01～0.19m,2,0.5～3.0m未満,元安川・太田川
4362,132.4690111,34.3806044,1365.7,地表面,1.04,京橋川,276.3,01,0.01～0.19m,2,0.5～3.0m未満,元安川・太田川
4363,132.4689975,34.3810549,1346.3,地表面,0.94,京橋川,243.4,02,0.20～0.49m,2,0.5～3.0m未満,元安川・太田川
4364,132.468984,34.3815054,1328.5,地表面,0.94,京橋川,210.4,02,0.20～0.49m,2,0.5～3.0m未満,元安川・太田川
4365,132.4689704,34.3819559,1312.4,地表面,1.34,京橋川,177.5,02,0.20～0.49m,2,0.5～3.0m未満,元安川・太田川
4366,132.4689568,34.3824064,1298.1,地表面,1.34,京橋川,144.5,01,0.01～0.19m,2,0.5～3.0m未満,元安川・太田川
4367,132.4689433,34.3828568,1285.5,地表面,1.94,京橋川,111.7,00,想定区域外,2,0.5～3.0m未満,元安川・太田川
4368,132.4689297,34.3833073,1274.8,地表面,1.74,京橋川,82.5,01,0.01～0.19m,2,0.5～3.0m未満,元安川・太田川
4369,132.4689162,34.3837578,1265.9,地表面,3.34,京橋川,53.4,02,0.20～0.49m,2,0.5～3.0m未満,元安川・太田川
4370,132.4689026,34.3842083,1259.0,内水面,0.34,京橋川,24.4,00,想定区域外,0,想定区域外,
4371,132.468889,34.3846587,1254.0,内水面,0.34,京橋川,0.5,00,想定区域外,0,想定区域外,
4372,132.4688755,34.3851092,1251.0,内水面,0.34,京橋川,23.5,00,想定区域外,0,想定区域外,
4373,132.4688619,34.3855597,1250.0,内水面,0.34,京橋川,46.4,00,想定区域外,0,想定区域外,
4374,132.4688483,34.3860102,1251.0,地表面,4.94,京橋川,69.6,00,想定区域外,2,0.5～3.0m未満,元安川・太田川・旧太田川
4375,132.4688348,34.3864606,1254.0,地表面,4.54,京橋川,92.9,00,想定区域外,2,0.5～3.0m未満,元安川・太田川・旧太田川
4376,132.4688212,34.3869111,1259.0,地表面,1.74,京橋川,114.8,00,想定区域外,3,3.0～5.0m未満,元安川・太田川・旧太田川
4377,132.4688076,34.3873616,1265.9,地表面,1.14,京橋川,134.1,01,0.01～0.19m,3,3.0～5.0m未満,元安川・太田川・旧太田川
4378,132.4687941,34.3878121,1274.8,地表面,1.34,京橋川,145.1,01,0.01～0.19m,3,3.0～5.0m未満,元安川・太田川・旧太田川
4379,132.4687805,34.3882625,1285.5,地表面,1.24,京橋川,143.5,01,0.01～0.19m,3,3.0～5.0m未満,元安川・太田川・旧太田川
4380,132.4687669,34.388713,1298.1,地表面,1.14,京橋川,133.3,01,0.01～0.19m,3,3.0～5.0m未満,元安川・太田川・旧太田川
4381,132.4687534,34.3891635,1312.4,地表面,1.74,京橋川,120.4,00,想定区域外,3,3.0～5.0m未満,元安川・太田川・旧太田川
4382,132.4687398,34.389614,1328.5,地表面,2.64,京橋川,107.4,00,想定区域外,2,0.5～3.0m未満,元安川・太田川・旧太田川
4383,132.4687262,34.3900645,1346.3,地表面,2.34,京橋川,95.3,00,想定区域外,3,3.0～5.0m未満,元安川・太田川・旧太田川
4384,132.4687127,34.3905149,1365.7,地表面,3.74,京橋川,88.6,00,想定区域外,2,0.5～3.0m未満,元安川・太田川・旧太田川
4385,132.4686991,34.3909654,1386.5,地表面,3.84,京橋川,82.5,00,想定区域外,2,0.5～3.0m未満,元安川・太田川・旧太田川
4386,132.4686855,34.3914159,1408.9,地表面,3.84,京橋川,80.3,00,想定区域外,2,0.5～3.0m未満,元安川・太田川・旧太田川
4387,132.468672,34.3918664,1432.7,地表面,3.64,京橋川,79.9,00,想定区域外,2,0.5～3.0m未満,元安川・太田川・旧太田川
4388,132.4686584,34.3923168,1457.7,地表面,3.34,京橋川,82.3,00,想定区域外,2,0.5～3.0m未満,元安川・太田川・旧太田川
4389,132.4686448,34.3927673,1484.1,地表面,3.74,京橋川,90.9,00,想定区域外,2,0.5～3.0m未満,元安川・太田川・旧太田川
4390,132.4686312,34.3932178,1511.6,地表面,3.34,京橋川,101.2,00,想定区域外,2,0.5～3.0m未満,元安川・太田川・旧太田川
4391,132.4686177,34.3936683,1540.3,地表面,1.64,京橋川,111.2,02,0.20～0.49m,3,3.0～5.0m未満,元安川・太田川・旧太田川
4392,132.4686041,34.3941187,1570.0,地表面,2.34,京橋川,121.7,00,想定区域外,3,3.0～5.0m未満,元安川・太田川・旧太田川
4393,132.4685905,34.3945692,1600.8,地表面,2.24,京橋川,134.4,00,想定区域外,3,3.0～5.0m未満,元安川・太田川・旧太田川
4394,132.468577,34.3950197,1632.5,地表面,1.94,京橋川,147.1,01,0.01～0.19m,3,3.0～5.0m未満,元安川・太田川・旧太田川
4395,132.4685634,34.3954702,1665.1,地表面,1.84,京橋川,159.8,01,0.01～0.19m,3,3.0～5.0m未満,元安川・太田川・旧太田川
4396,132.4685498,34.3959206,1698.5,地表面,1.44,京橋川,172.5,02,0.20～0.49m,3,3.0～5.0m未満,元安川・太田川・旧太田川
4397,132.4685362,34.3963711,1732.8,地表面,1.84,京橋川,185.2,01,0.01～0.19m,3,3.0～5.0m未満,元安川・太田川・旧太田川
4398,132.4685227,34.3968216,1767.8,地表面,1.34,京橋川,197.9,02,0.20～0.49m,4,5.0～10.0m未満,元安川・太田川・旧太田川
4399,132.4685091,34.3972721,1803.5,地表面,2.04,京橋川,210.5,00,想定区域外,3,3.0～5.0m未満,元安川・太田川・旧太田川
4400,132.4684955,34.3977225,1839.8,地表面,1.64,京橋川,220.0,00,想定区域外,3,3.0～5.0m未満,元安川・太田川・旧太田川
4401,132.4684819,34.398173,1876.8,地表面,1.24,京橋川,200.3,02,0.20～0.49m,4,5.0～10.0m未満,元安川・太田川・旧太田川
4402,132.4684684,34.3986235,1914.4,地表面,2.14,京橋川,176.5,00,想定区域外,3,3.0～5.0m未満,元安川・太田川・旧太田川
4403,132.4684548,34.399074,1952.6,地表面,2.34,京橋川,152.1,00,想定区域外,3,3.0～5.0m未満,元安川・太田川・旧太田川
4404,132.4684412,34.3995244,1991.2,地表面,2.24,京橋川,124.7,00,想定区域外,4,5.0～10.0m未満,太田川・旧太田川
4405,132.469812,34.3720566,1984.9,地表面,0.24,京橋川,834.4,01,0.01～0.19m,2,0.5～3.0m未満,元安川・太田川
4406,132.4697985,34.3725071,1947.4,地表面,0.04,京橋川,830.6,01,0.01～0.19m,2,0.5～3.0m未満,元安川・太田川
4407,132.4697849,34.3729576,1910.5,地表面,-0.16,京橋川,825.7,02,0.20～0.49m,2,0.5～3.0m未満,元安川・太田川
4408,132.4697713,34.3734081,1874.2,地表面,-0.06,京橋川,803.8,02,0.20～0.49m,2,0.5～3.0m未満,元安川・太田川
4409,132.4697578,34.3738585,1838.5,地表面,0.14,京橋川,781.8,00,想定区域外,2,0.5～3.0m未満,元安川・太田川
4410,132.4697442,34.374309,1803.5,地表面,-0.16,京橋川,757.2,02,0.20～0.49m,2,0.5～3.0m未満,元安川・太田川
4411,132.4697307,34.3747595,1769.2,地表面,-0.26,京橋川,731.8,03,0.50～0.99m,2,0.5～3.0m未満,元安川・太田川
4412,132.4697171,34.37521,1735.7,地表面,-0.16,京橋川,704.1,03,0.50～0.99m,2,0.5～3.0m未満,元安川・太田川
4413,132.4697036,34.3756604,1702.9,地表面,-0.26,京橋川,675.2,02,0.20～0.49m,2,0.5～3.0m未満,元安川・太田川
4414,132.46969,34.3761109,1671.1,地表面,0.14,京橋川,643.5,02,0.20～0.49m,2,0.5～3.0m未満,元安川・太田川
4415,132.4696765,34.3765614,1640.1,地表面,0.34,京橋川,610.6,00,想定区域外,2,0.5～3.0m未満,元安川・太田川
4416,132.4696629,34.3770119,1610.1,地表面,0.34,京橋川,577.6,02,0.20～0.49m,2,0.5～3.0m未満,元安川・太田川
4417,132.4696493,34.3774624,1581.1,地表面,0.24,京橋川,544.7,02,0.20～0.49m,2,0.5～3.0m未満,元安川・太田川
4418,132.4696358,34.3779128,1553.2,地表面,0.54,京橋川,511.7,02,0.20～0.49m,2,0.5～3.0m未満,元安川・太田川
4419,132.4696222,34.3783633,1526.4,地表面,0.54,京橋川,478.7,01,0.01～0.19m,2,0.5～3.0m未満,元安川・太田川
4420,132.4696087,34.3788138,1500.8,地表面,0.64,京橋川,445.8,02,0.20～0.49m,2,0.5～3.0m未満,元安川・太田川
4421,132.4695951,34.3792643,1476.5,地表面,0.84,京橋川,412.8,01,0.01～0.19m,2,0.5～3.0m未満,元安川・太田川
4422,132.4695816,34.3797147,1453.4,地表面,0.44,京橋川,379.9,02,0.20～0.49m,2,0.5～3.0m未満,元安川・太田川
4423,132.469568,34.3801652,1431.8,地表面,0.74,京橋川,346.9,02,0.20～0.49m,2,0.5～3.0m未満,元安川・太田川
4424,132.4695544,34.3806157,1411.6,地表面,1.54,京橋川,313.9,00,想定区域外,2,0.5～3.0m未満,元安川・太田川
4425,132.4695409,34.3810662,1392.8,地表面,1.34,京橋川,281.0,01,0.01～0.19m,2,0.5～3.0m未満,元安川・太田川
4426,132.4695273,34.3815166,1375.7,地表面,1.44,京橋川,248.0,01,0.01～0.19m,2,0.5～3.0m未満,元安川・太田川
4427,132.4695138,34.3819671,1360.1,地表面,1.44,京橋川,215.1,01,0.01～0.19m,2,0.5～3.0m未満,元安川・太田川
4428,132.4695002,34.3824176,1346.3,地表面,1.64,京橋川,182.1,01,0.01～0.19m,2,0.5～3.0m未満,元安川・太田川
4429,132.4694866,34.3828681,1334.2,地表面,1.64,京橋川,152.2,02,0.20～0.49m,2,0.5～3.0m未満,元安川・太田川
4430,132.4694731,34.3833186,1323.8,地表面,1.74,京橋川,123.2,01,0.01～0.19m,2,0.5～3.0m未満,元安川・太田川
4431,132.4694595,34.383769,1315.3,地表面,3.24,京橋川,94.1,01,0.01～0.19m,0,想定区域外,
4432,132.469446,34.3842195,1308.6,地表面,3.34,京橋川,66.9,02,0.20～0.49m,2,0.5～3.0m未満,元安川・太田川
4433,132.4694324,34.38467,1303.8,地表面,3.84,京橋川,43.9,02,0.20～0.49m,2,0.5～3.0m未満,元安川・太田川
4434,132.4694188,34.3851205,1301.0,内水面,0.24,京橋川,20.9,00,想定区域外,0,想定区域外,
4435,132.4694053,34.3855709,1300.0,内水面,0.34,京橋川,2.1,00,想定区域外,0,想定区域外,
4436,132.4693917,34.3860214,1301.0,内水面,0.34,京橋川,25.4,00,想定区域外,0,想定区域外,
4437,132.4693781,34.3864719,1303.8,内水面,0.34,京橋川,48.6,00,想定区域外,0,想定区域外,
4438,132.4693646,34.3869224,1308.6,地表面,4.54,京橋川,68.8,00,想定区域外,2,0.5～3.0m未満,元安川・太田川・旧太田川
4439,132.469351,34.3873728,1315.3,地表面,3.94,京橋川,85.9,00,想定区域外,2,0.5～3.0m未満,元安川・太田川・旧太田川
4440,132.4693375,34.3878233,1323.8,地表面,1.84,京橋川,95.4,00,想定区域外,3,3.0～5.0m未満,元安川・太田川・旧太田川
4441,132.4693239,34.3882738,1334.2,地表面,1.64,京橋川,93.8,00,想定区域外,3,3.0～5.0m未満,元安川・太田川・旧太田川
4442,132.4693103,34.3887243,1346.3,地表面,1.64,京橋川,85.0,00,想定区域外,3,3.0～5.0m未満,元安川・太田川・旧太田川
4443,132.4692968,34.3891747,1360.1,地表面,1.64,京橋川,72.1,00,想定区域外,3,3.0～5.0m未満,元安川・太田川・旧太田川
4444,132.4692832,34.3896252,1375.7,地表面,4.24,京橋川,59.1,00,想定区域外,2,0.5～3.0m未満,元安川・太田川・旧太田川
4445,132.4692696,34.3900757,1392.8,地表面,3.34,京橋川,46.2,00,想定区域外,0,想定区域外,
4446,132.4692561,34.3905262,1411.6,内水面,0.34,京橋川,39.1,00,想定区域外,0,想定区域外,
4447,132.4692425,34.3909767,1431.8,内水面,0.34,京橋川,32.5,00,想定区域外,0,想定区域外,
4448,132.4692289,34.3914271,1453.4,内水面,0.34,京橋川,30.4,00,想定区域外,0,想定区域外,
4449,132.4692154,34.3918776,1476.5,内水面,0.34,京橋川,30.0,00,想定区域外,0,想定区域外,
4450,132.4692018,34.3923281,1500.8,内水面,0.34,京橋川,32.3,00,想定区域外,0,想定区域外,
4451,132.4691882,34.3927786,1526.4,内水面,0.34,京橋川,42.0,00,想定区域外,0,想定区域外,
4452,132.4691747,34.393229,1553.2,地表面,4.54,京橋川,52.3,00,想定区域外,2,0.5～3.0m未満,元安川・太田川・旧太田川
4453,132.4691611,34.3936795,1581.1,地表面,3.14,京橋川,62.2,00,想定区域外,3,3.0～5.0m未満,元安川・太田川・旧太田川
4454,132.4691475,34.39413,1610.1,地表面,2.84,京橋川,73.4,00,想定区域外,3,3.0～5.0m未満,元安川・太田川・旧太田川
4455,132.469134,34.3945805,1640.1,地表面,2.74,京橋川,86.1,00,想定区域外,3,3.0～5.0m未満,元安川・太田川・旧太田川
4456,132.4691204,34.3950309,1671.1,地表面,2.44,京橋川,98.7,01,0.01～0.19m,3,3.0～5.0m未満,元安川・太田川・旧太田川
4457,132.4691068,34.3954814,1702.9,地表面,2.04,京橋川,111.4,01,0.01～0.19m,3,3.0～5.0m未満,元安川・太田川・旧太田川
4458,132.4690932,34.3959319,1735.7,地表面,2.04,京橋川,124.1,01,0.01～0.19m,3,3.0～5.0m未満,元安川・太田川・旧太田川
4459,132.4690797,34.3963824,1769.2,地表面,1.64,京橋川,136.8,01,0.01～0.19m,3,3.0～5.0m未満,元安川・太田川・旧太田川
4460,132.4690661,34.3968328,1803.5,地表面,1.94,京橋川,149.5,00,想定区域外,3,3.0～5.0m未満,元安川・太田川・旧太田川
4461,132.4690525,34.3972833,1838.5,地表面,1.74,京橋川,162.2,01,0.01～0.19m,4,5.0～10.0m未満,太田川・旧太田川
4462,132.469039,34.3977338,1874.2,地表面,1.74,京橋川,174.1,00,想定区域外,3,3.0～5.0m未満,元安川・太田川・旧太田川
4463,132.4690254,34.3981843,1910.5,地表面,1.84,京橋川,154.4,01,0.01～0.19m,4,5.0～10.0m未満,太田川・旧太田川
4464,132.4690118,34.3986347,1947.4,地表面,2.34,京橋川,132.8,00,想定区域外,3,3.0～5.0m未満,元安川・太田川・旧太田川
4465,132.4689983,34.3990852,1984.9,地表面,2.34,京橋川,108.4,00,想定区域外,3,3.0～5.0m未満,元安川・太田川・旧太田川
4466,132.4703417,34.3725183,1981.2,地表面,0.04,京橋川,880.4,01,0.01～0.19m,2,0.5～3.0m未満,元安川・太田川
4467,132.4703282,34.3729688,1944.9,地表面,0.14,京橋川,870.6,01,0.01～0.19m,2,0.5～3.0m未満,元安川・太田川
4468,132.4703146,34.3734193,1909.2,地表面,-0.16,京橋川,848.7,02,0.20～0.49m,2,0.5～3.0m未満,元安川・太田川
4469,132.4703011,34.3738698,1874.2,地表面,0.14,京橋川,825.7,01,0.01～0.19m,2,0.5～3.0m未満,元安川・太田川
4470,132.4702875,34.3743202,1839.8,地表面,0.14,京橋川,800.3,01,0.01～0.19m,2,0.5～3.0m未満,元安川・太田川
4471,132.470274,34.3747707,1806.2,地表面,-0.06,京橋川,773.9,02,0.20～0.49m,2,0.5～3.0m未満,元安川・太田川
4472,132.4702604,34.3752212,1773.4,地表面,-0.46,京橋川,744.9,00,想定区域外,2,0.5～3.0m未満,元安川・太田川
4473,132.4702469,34.3756717,1741.4,地表面,-0.16,京橋川,714.1,01,0.01～0.19m,2,0.5～3.0m未満,元安川・太田川
4474,132.4702333,34.3761222,1710.3,地表面,-0.06,京橋川,681.1,02,0.20～0.49m,2,0.5～3.0m未満,元安川・太田川
4475,132.4702198,34.3765726,1680.0,地表面,0.24,京橋川,648.2,02,0.20～0.49m,2,0.5～3.0m未満,元安川・太田川
4476,132.4702062,34.3770231,1650.8,地表面,0.34,京橋川,615.2,02,0.20～0.49m,2,0.5～3.0m未満,元安川・太田川
4477,132.4701927,34.3774736,1622.5,地表面,0.34,京橋川,582.3,01,0.01～0.19m,2,0.5～3.0m未満,元安川・太田川
4478,132.4701791,34.3779241,1595.3,地表面,0.34,京橋川,549.3,02,0.20～0.49m,2,0.5～3.0m未満,元安川・太田川
4479,132.4701656,34.3783745,1569.2,地表面,0.34,京橋川,516.3,02,0.20～0.49m,2,0.5～3.0m未満,元安川・太田川
4480,132.470152,34.378825,1544.3,地表面,0.34,京橋川,483.4,02,0.20～0.49m,2,0.5～3.0m未満,元安川・太田川
4481,132.4701384,34.3792755,1520.7,地表面,0.84,京橋川,450.4,00,想定区域外,2,0.5～3.0m未満,元安川・太田川
4482,132.4701249,34.379726,1498.3,地表面,0.64,京橋川,417.5,01,0.01～0.19m,2,0.5～3.0m未満,元安川・太田川
4483,132.4701113,34.3801765,1477.3,地表面,1.14,京橋川,384.5,00,想定区域外,2,0.5～3.0m未満,元安川・太田川
4484,132.4700978,34.3806269,1457.7,地表面,1.54,京橋川,351.5,00,想定区域外,2,0.5～3.0m未満,元安川・太田川
4485,132.4700842,34.3810774,1439.6,地表面,1.34,京橋川,318.6,01,0.01～0.19m,2,0.5～3.0m未満,元安川・太田川
4486,132.4700707,34.3815279,1423.0,地表面,1.64,京橋川,285.6,00,想定区域外,2,0.5～3.0m未満,元安川・太田川
4487,132.4700571,34.3819784,1408.0,地表面,1.54,京橋川,252.7,01,0.01～0.19m,2,0.5～3.0m未満,元安川・太田川
4488,132.4700435,34.3824288,1394.6,地表面,1.74,京橋川,222.0,00,想定区域外,1,0.5m未満,元安川・太田川
4489,132.47003,34.3828793,1382.9,地表面,1.74,京橋川,192.9,00,想定区域外,0,想定区域外,
4490,132.4700164,34.3833298,1373.0,地表面,13.84,京橋川,163.9,00,想定区域外,0,想定区域外,
4491,132.4700029,34.3837803,1364.7,地表面,22.34,京橋川,134.9,00,想定区域外,0,想定区域外,
4492,132.4699893,34.3842307,1358.3,地表面,6.94,京橋川,111.3,00,想定区域外,0,想定区域外,
4493,132.4699758,34.3846812,1353.7,地表面,3.84,京橋川,88.3,00,想定区域外,2,0.5～3.0m未満,元安川・太田川
4494,132.4699622,34.3851317,1350.9,地表面,3.24,京橋川,65.4,02,0.20～0.49m,2,0.5～3.0m未満,元安川・太田川
4495,132.4699486,34.3855822,1350.0,地表面,5.34,京橋川,42.2,00,想定区域外,0,想定区域外,
4496,132.4699351,34.3860327,1350.9,内水面,0.34,京橋川,18.9,00,想定区域外,0,想定区域外,
4497,132.4699215,34.3864831,1353.7,内水面,0.34,京橋川,3.2,00,想定区域外,0,想定区域外,
4498,132.469908,34.3869336,1358.3,内水面,0.34,京橋川,22.9,00,想定区域外,0,想定区域外,
4499,132.4698944,34.3873841,1364.7,内水面,0.34,京橋川,37.7,00,想定区域外,0,想定区域外,
4500,132.4698808,34.3878346,1373.0,内水面,0.34,京橋川,45.8,00,想定区域外,0,想定区域外,
4501,132.4698673,34.388285,1382.9,内水面,0.34,京橋川,44.1,00,想定区域外,0,想定区域外,
4502,132.4698537,34.3887355,1394.6,内水面,0.34,京橋川,36.8,00,想定区域外,0,想定区域外,
4503,132.4698401,34.389186,1408.0,内水面,0.34,京橋川,23.8,00,想定区域外,0,想定区域外,
4504,132.4698266,34.3896365,1423.0,内水面,0.34,京橋川,10.9,00,想定区域外,0,想定区域外,
4505,132.469813,34.3900869,1439.6,内水面,0.34,京橋川,2.1,00,想定区域外,0,想定区域外,
4506,132.4697995,34.3905374,1457.7,内水面,0.34,京橋川,10.5,00,想定区域外,0,想定区域外,
4507,132.4697859,34.3909879,1477.3,内水面,0.34,京橋川,17.1,00,想定区域外,0,想定区域外,
4508,132.4697723,34.3914384,1498.3,内水面,0.34,京橋川,19.6,00,想定区域外,0,想定区域外,
4509,132.4697588,34.3918888,1520.7,内水面,0.34,京橋川,20.0,00,想定区域外,0,想定区域外,
4510,132.4697452,34.3923393,1544.3,内水面,0.44,京橋川,17.3,00,想定区域外,0,想定区域外,
4511,132.4697316,34.3927898,1569.2,内水面,0.44,京橋川,6.9,00,想定区域外,0,想定区域外,
4512,132.4697181,34.3932403,1595.3,内水面,0.44,京橋川,3.3,00,想定区域外,0,想定区域外,
4513,132.4697045,34.3936908,1622.5,内水面,0.44,京橋川,13.1,00,想定区域外,0,想定区域外,
4514,132.4696909,34.3941412,1650.8,内水面,0.44,京橋川,25.0,00,想定区域外,0,想定区域外,
4515,132.4696774,34.3945917,1680.0,内水面,0.44,京橋川,37.7,00,想定区域外,0,想定区域外,
4516,132.4696638,34.3950422,1710.3,地表面,3.94,京橋川,50.4,00,想定区域外,2,0.5～3.0m未満,元安川・太田川・旧太田川
4517,132.4696502,34.3954927,1741.4,地表面,4.04,京橋川,63.1,00,想定区域外,2,0.5～3.0m未満,元安川・太田川・旧太田川
4518,132.4696367,34.3959431,1773.4,地表面,3.34,京橋川,75.8,00,想定区域外,3,3.0～5.0m未満,太田川・旧太田川
4519,132.4696231,34.3963936,1806.2,地表面,3.74,京橋川,88.4,00,想定区域外,2,0.5～3.0m未満,元安川・太田川・旧太田川
4520,132.4696095,34.3968441,1839.8,地表面,3.64,京橋川,101.1,00,想定区域外,3,3.0～5.0m未満,旧太田川
4521,132.469596,34.3972946,1874.2,地表面,1.84,京橋川,113.8,01,0.01～0.19m,3,3.0～5.0m未満,元安川・太田川・旧太田川
4522,132.4695824,34.397745,1909.2,地表面,1.74,京橋川,126.5,00,想定区域外,3,3.0～5.0m未満,元安川・太田川・旧太田川
4523,132.4695688,34.3981955,1944.9,地表面,2.24,京橋川,108.4,01,0.01～0.19m,3,3.0～5.0m未満,元安川・太田川・旧太田川
4524,132.4695553,34.398646,1981.2,地表面,2.14,京橋川,88.7,00,想定区域外,3,3.0～5.0m未満,元安川・太田川・旧太田川
4525,132.4708715,34.3729801,1979.9,地表面,-0.26,京橋川,915.6,02,0.20～0.49m,2,0.5～3.0m未満,元安川・太田川
4526,132.4708579,34.3734305,1944.9,地表面,0.04,京橋川,893.6,01,0.01～0.19m,2,0.5～3.0m未満,元安川・太田川
4527,132.4708444,34.373881,1910.5,地表面,0.04,京橋川,868.7,01,0.01～0.19m,2,0.5～3.0m未満,元安川・太田川
4528,132.4708308,34.3743315,1876.8,地表面,-0.06,京橋川,843.3,01,0.01～0.19m,2,0.5～3.0m未満,元安川・太田川
4529,132.4708173,34.374782,1843.9,地表面,-0.06,京橋川,814.6,02,0.20～0.49m,2,0.5～3.0m未満,元安川・太田川
4530,132.4708037,34.3752324,1811.8,地表面,-0.06,京橋川,784.7,02,0.20～0.49m,2,0.5～3.0m未満,元安川・太田川
4531,132.4707902,34.3756829,1780.4,地表面,0.44,京橋川,751.7,00,想定区域外,2,0.5～3.0m未満,元安川・太田川
4532,132.4707766,34.3761334,1750.0,地表面,0.14,京橋川,718.7,01,0.01～0.19m,2,0.5～3.0m未満,元安川・太田川
4533,132.4707631,34.3765839,1720.5,地表面,0.44,京橋川,685.8,01,0.01～0.19m,2,0.5～3.0m未満,元安川・太田川
4534,132.4707495,34.3770344,1691.9,地表面,0.14,京橋川,652.8,02,0.20～0.49m,2,0.5～3.0m未満,元安川・太田川
4535,132.470736,34.3774848,1664.3,地表面,0.44,京橋川,619.9,01,0.01～0.19m,2,0.5～3.0m未満,元安川・太田川
4536,132.4707224,34.3779353,1637.8,地表面,0.54,京橋川,586.9,01,0.01～0.19m,2,0.5～3.0m未満,元安川・太田川
4537,132.4707089,34.3783858,1612.5,地表面,0.74,京橋川,553.9,01,0.01～0.19m,2,0.5～3.0m未満,元安川・太田川
4538,132.4706953,34.3788363,1588.2,地表面,0.64,京橋川,521.0,01,0.01～0.19m,2,0.5～3.0m未満,元安川・太田川
4539,132.4706818,34.3792867,1565.2,地表面,0.64,京橋川,488.0,01,0.01～0.19m,2,0.5～3.0m未満,元安川・太田川
4540,132.4706682,34.3797372,1543.5,地表面,0.94,京橋川,455.1,01,0.01～0.19m,2,0.5～3.0m未満,元安川・太田川
4541,132.4706547,34.3801877,1523.2,地表面,1.44,京橋川,422.1,00,想定区域外,2,0.5～3.0m未満,元安川・太田川
4542,132.4706411,34.3806382,1504.2,地表面,1.24,京橋川,389.1,01,0.01～0.19m,2,0.5～3.0m未満,元安川・太田川
4543,132.4706276,34.3810886,1486.6,地表面,1.34,京橋川,356.2,01,0.01～0.19m,2,0.5～3.0m未満,元安川・太田川
4544,132.470614,34.3815391,1470.5,地表面,3.04,京橋川,323.2,00,想定区域外,0,想定区域外,
4545,132.4706005,34.3819896,1456.0,地表面,3.04,京橋川,291.7,01,0.01～0.19m,0,想定区域外,
4546,132.4705869,34.3824401,1443.1,地表面,5.04,京橋川,262.7,00,想定区域外,0,想定区域外,
4547,132.4705733,34.3828906,1431.8,地表面,31.34,京橋川,233.6,00,想定区域外,0,想定区域外,
4548,132.4705598,34.383341,1422.1,地表面,37.24,京橋川,204.6,00,想定区域外,0,想定区域外,
4549,132.4705462,34.3837915,1414.2,地表面,14.34,京橋川,178.7,00,想定区域外,0,想定区域外,
4550,132.4705327,34.384242,1408.0,地表面,10.54,京橋川,155.7,01,0.01～0.19m,0,想定区域外,
4551,132.4705191,34.3846925,1403.6,地表面,15.04,京橋川,132.7,00,想定区域外,0,想定区域外,
4552,132.4705056,34.3851429,1400.9,地表面,4.34,京橋川,109.7,00,想定区域外,2,0.5～3.0m未満,元安川・太田川
4553,132.470492,34.3855934,1400.0,地表面,4.34,京橋川,86.4,01,0.01～0.19m,2,0.5～3.0m未満,元安川・太田川
4554,132.4704784,34.3860439,1400.9,地表面,3.74,京橋川,63.1,02,0.20～0.49m,0,想定区域外,
4555,132.4704649,34.3864944,1403.6,地表面,4.14,京橋川,42.8,01,0.01～0.19m,0,想定区域外,
4556,132.4704513,34.3869448,1408.0,内水面,0.34,京橋川,23.9,00,想定区域外,0,想定区域外,
4557,132.4704378,34.3873953,1414.2,内水面,0.34,京橋川,10.4,00,想定区域外,0,想定区域外,
4558,132.4704242,34.3878458,1422.1,内水面,0.34,京橋川,3.9,00,想定区域外,0,想定区域外,
4559,132.4704107,34.3882963,1431.8,内水面,0.34,京橋川,5.5,00,想定区域外,0,想定区域外,
4560,132.4703971,34.3887468,1443.1,内水面,0.34,京橋川,11.5,00,想定区域外,0,想定区域外,
4561,132.4703835,34.3891972,1456.0,内水面,0.34,京橋川,24.5,00,想定区域外,0,想定区域外,
4562,132.47037,34.3896477,1470.5,地表面,3.74,京橋川,37.4,00,想定区域外,3,3.0～5.0m未満,元安川・太田川
4563,132.4703564,34.3900982,1486.6,地表面,4.34,京橋川,50.4,00,想定区域外,2,0.5～3.0m未満,元安川・太田川
4564,132.4703429,34.3905487,1504.2,地表面,3.24,京橋川,60.0,00,想定区域外,2,0.5～3.0m未満,元安川・太田川
4565,132.4703293,34.3909991,1523.2,地表面,1.74,京橋川,66.6,01,0.01～0.19m,3,3.0～5.0m未満,元安川・太田川
4566,132.4703157,34.3914496,1543.5,地表面,1.94,京橋川,69.5,00,想定区域外,3,3.0～5.0m未満,元安川・太田川
4567,132.4703022,34.3919001,1565.2,地表面,2.04,京橋川,69.9,00,想定区域外,3,3.0～5.0m未満,元安川・太田川
4568,132.4702886,34.3923506,1588.2,地表面,2.64,京橋川,66.2,00,想定区域外,2,0.5～3.0m未満,元安川・太田川
4569,132.4702751,34.392801,1612.5,地表面,4.34,京橋川,55.8,00,想定区域外,2,0.5～3.0m未満,元安川・太田川
4570,132.4702615,34.3932515,1637.8,地表面,2.44,京橋川,45.8,00,想定区域外,3,3.0～5.0m未満,元安川・太田川
4571,132.4702479,34.393702,1664.3,地表面,3.84,京橋川,35.9,00,想定区域外,2,0.5～3.0m未満,元安川・太田川
4572,132.4702344,34.3941525,1691.9,内水面,0.44,京橋川,23.4,00,想定区域外,0,想定区域外,
4573,132.4702208,34.3946029,1720.5,内水面,0.44,京橋川,10.7,00,想定区域外,0,想定区域外,
4574,132.4702072,34.3950534,1750.0,内水面,0.44,京橋川,2.0,00,想定区域外,0,想定区域外,
4575,132.4701937,34.3955039,1780.4,内水面,0.44,京橋川,14.7,00,想定区域外,0,想定区域外,
4576,132.4701801,34.3959544,1811.8,内水面,0.44,京橋川,27.4,00,想定区域外,0,想定区域外,
4577,132.4701666,34.3964049,1843.9,地表面,4.24,京橋川,40.1,00,想定区域外,2,0.5～3.0m未満,元安川・太田川・旧太田川
4578,132.470153,34.3968553,1876.8,地表面,4.14,京橋川,52.8,00,想定区域外,2,0.5～3.0m未満,元安川・太田川・旧太田川
4579,132.4701394,34.3973058,1910.5,地表面,4.04,京橋川,65.4,00,想定区域外,2,0.5～3.0m未満,元安川・太田川・旧太田川
4580,132.4701259,34.3977563,1944.9,地表面,3.94,京橋川,78.1,00,想定区域外,2,0.5～3.0m未満,元安川・太田川・旧太田川
4581,132.4701123,34.3982068,1979.9,地表面,4.24,京橋川,62.4,00,想定区域外,2,0.5～3.0m未満,元安川・太田川・旧太田川
4582,132.4714012,34.3734418,1981.2,地表面,-0.36,京橋川,937.2,02,0.20～0.49m,2,0.5～3.0m未満,元安川・太田川
4583,132.4713877,34.3738922,1947.4,地表面,-0.26,京橋川,911.8,02,0.20～0.49m,2,0.5～3.0m未満,元安川・太田川
4584,132.4713741,34.3743427,1914.4,地表面,-0.26,京橋川,884.3,03,0.50～0.99m,2,0.5～3.0m未満,元安川・太田川
4585,132.4713606,34.3747932,1882.2,地表面,0.04,京橋川,855.2,02,0.20～0.49m,2,0.5～3.0m未満,元安川・太田川
4586,132.471347,34.3752437,1850.7,地表面,0.04,京橋川,822.3,02,0.20～0.49m,2,0.5～3.0m未満,元安川・太田川
4587,132.4713335,34.3756942,1820.0,地表面,-0.06,京橋川,789.3,02,0.20～0.49m,2,0.5～3.0m未満,元安川・太田川
4588,132.4713199,34.3761446,1790.3,地表面,0.24,京橋川,756.3,01,0.01～0.19m,2,0.5～3.0m未満,元安川・太田川
4589,132.4713064,34.3765951,1761.4,地表面,0.64,京橋川,723.4,00,想定区域外,2,0.5～3.0m未満,元安川・太田川
4590,132.4712928,34.3770456,1733.5,地表面,0.64,京橋川,690.4,01,0.01～0.19m,2,0.5～3.0m未満,元安川・太田川
4591,132.4712793,34.3774961,1706.6,地表面,0.44,京橋川,657.5,01,0.01～0.19m,2,0.5～3.0m未満,元安川・太田川
4592,132.4712657,34.3779465,1680.8,地表面,0.64,京橋川,624.5,00,想定区域外,2,0.5～3.0m未満,元安川・太田川
4593,132.4712522,34.378397,1656.0,地表面,0.94,京橋川,591.5,01,0.01～0.19m,2,0.5～3.0m未満,元安川・太田川
4594,132.4712386,34.3788475,1632.5,地表面,0.74,京橋川,558.6,00,想定区域外,2,0.5～3.0m未満,元安川・太田川
4595,132.4712251,34.379298,1610.1,地表面,0.94,京橋川,525.6,01,0.01～0.19m,2,0.5～3.0m未満,元安川・太田川
4596,132.4712116,34.3797485,1589.0,地表面,0.74,京橋川,492.7,00,想定区域外,2,0.5～3.0m未満,元安川・太田川
4597,132.471198,34.3801989,1569.2,地表面,1.24,京橋川,459.7,01,0.01～0.19m,2,0.5～3.0m未満,元安川・太田川
4598,132.4711844,34.3806494,1550.8,地表面,1.54,京橋川,426.7,00,想定区域外,2,0.5～3.0m未満,元安川・太田川
4599,132.4711709,34.3810999,1533.8,地表面,1.34,京橋川,393.8,01,0.01～0.19m,2,0.5～3.0m未満,元安川・太田川
4600,132.4711573,34.3815504,1518.2,地表面,3.34,京橋川,361.7,00,想定区域外,0,想定区域外,
4601,132.4711438,34.3820008,1504.2,地表面,20.84,京橋川,332.4,00,想定区域外,0,想定区域外,
4602,132.4711302,34.3824513,1491.6,地表面,44.64,京橋川,303.4,00,想定区域外,0,想定区域外,
4603,132.4711167,34.3829018,1480.7,地表面,48.14,京橋川,274.3,00,想定区域外,0,想定区域外,
4604,132.4711031,34.3833523,1471.4,地表面,29.94,京橋川,246.3,00,想定区域外,0,想定区域外,
4605,132.4710896,34.3838027,1463.7,地表面,16.34,京橋川,223.1,00,想定区域外,0,想定区域外,
4606,132.471076,34.3842532,1457.7,地表面,30.24,京橋川,200.1,00,想定区域外,0,想定区域外,
4607,132.4710625,34.3847037,1453.4,地表面,22.64,京橋川,177.2,00,想定区域外,0,想定区域外,
4608,132.4710489,34.3851542,1450.9,地表面,5.04,京橋川,153.9,02,0.20～0.49m,0,想定区域外,
4609,132.4710354,34.3856047,1450.0,地表面,5.74,京橋川,130.7,00,想定区域外,0,想定区域外,
4610,132.4710218,34.3860551,1450.9,地表面,5.94,京橋川,108.4,00,想定区域外,0,想定区域外,
4611,132.4710083,34.3865056,1453.4,地表面,4.64,京橋川,88.7,00,想定区域外,0,想定区域外,
4612,132.4709947,34.3869561,1457.7,地表面,4.34,京橋川,72.0,00,想定区域外,0,想定区域外,
4613,132.4709812,34.3874066,1463.7,地表面,4.24,京橋川,59.5,01,0.01～0.19m,2,0.5～3.0m未満,元安川・太田川
4614,132.4709676,34.387857,1471.4,地表面,3.94,京橋川,53.5,00,想定区域外,2,0.5～3.0m未満,元安川・太田川
4615,132.470954,34.3883075,1480.7,地表面,1.84,京橋川,55.2,00,想定区域外,3,3.0～5.0m未満,元安川・太田川
4616,132.4709405,34.388758,1491.6,地表面,1.64,京橋川,61.0,01,0.01～0.19m,3,3.0～5.0m未満,元安川・太田川
4617,132.4709269,34.3892085,1504.2,地表面,1.64,京橋川,72.8,02,0.20～0.49m,3,3.0～5.0m未満,元安川・太田川
4618,132.4709134,34.3896589,1518.2,地表面,1.34,京橋川,85.7,02,0.20～0.49m,3,3.0～5.0m未満,元安川・太田川
4619,132.4708998,34.3901094,1533.8,地表面,1.84,京橋川,98.7,00,想定区域外,3,3.0～5.0m未満,元安川・太田川
4620,132.4708863,34.3905599,1550.8,地表面,2.24,京橋川,109.6,00,想定区域外,3,3.0～5.0m未満,元安川・太田川
4621,132.4708727,34.3910104,1569.2,地表面,1.54,京橋川,116.2,02,0.20～0.49m,3,3.0～5.0m未満,元安川・太田川
4622,132.4708591,34.3914609,1589.0,地表面,1.74,京橋川,119.5,01,0.01～0.19m,3,3.0～5.0m未満,元安川・太田川
4623,132.4708456,34.3919113,1610.1,地表面,2.04,京橋川,119.9,00,想定区域外,3,3.0～5.0m未満,元安川・太田川
4624,132.470832,34.3923618,1632.5,地表面,1.94,京橋川,115.1,00,想定区域外,3,3.0～5.0m未満,元安川・太田川
4625,132.4708185,34.3928123,1656.0,地表面,2.64,京橋川,104.8,01,0.01～0.19m,2,0.5～3.0m未満,元安川・太田川
4626,132.4708049,34.3932628,1680.8,地表面,2.04,京橋川,94.8,02,0.20～0.49m,3,3.0～5.0m未満,元安川・太田川
4627,132.4707914,34.3937132,1706.6,地表面,2.64,京橋川,84.4,00,想定区域外,3,3.0～5.0m未満,太田川
4628,132.4707778,34.3941637,1733.5,地表面,2.64,京橋川,71.7,00,想定区域外,2,0.5～3.0m未満,元安川・太田川
4629,132.4707642,34.3946142,1761.4,地表面,3.04,京橋川,59.0,00,想定区域外,2,0.5～3.0m未満,元安川・太田川
4630,132.4707507,34.3950647,1790.3,地表面,3.64,京橋川,46.4,00,想定区域外,2,0.5～3.0m未満,元安川・太田川
4631,132.4707371,34.3955151,1820.0,内水面,0.54,京橋川,33.7,00,想定区域外,0,想定区域外,
4632,132.4707236,34.3959656,1850.7,内水面,0.44,京橋川,21.0,00,想定区域外,0,想定区域外,
4633,132.47071,34.3964161,1882.2,内水面,0.44,京橋川,8.3,00,想定区域外,0,想定区域外,
4634,132.4706964,34.3968666,1914.4,内水面,0.44,京橋川,4.4,00,想定区域外,0,想定区域外,
4635,132.4706829,34.397317,1947.4,内水面,0.44,京橋川,17.1,00,想定区域外,0,想定区域外,
4636,132.4706693,34.3977675,1981.2,内水面,0.44,京橋川,29.8,00,想定区域外,0,想定区域外,
4637,132.471931,34.3739035,1984.9,地表面,-0.26,京橋川,954.1,02,0.20～0.49m,2,0.5～3.0m未満,元安川・太田川
4638,132.4719174,34.3743539,1952.6,地表面,-0.06,京橋川,925.1,02,0.20～0.49m,2,0.5～3.0m未満,元安川・太田川
4639,132.4719039,34.3748044,1920.9,地表面,-0.16,京橋川,892.8,02,0.20～0.49m,2,0.5～3.0m未満,元安川・太田川
4640,132.4718903,34.3752549,1890.1,地表面,0.34,京橋川,859.9,00,想定区域外,2,0.5～3.0m未満,元安川・太田川
4641,132.4718768,34.3757054,1860.1,地表面,-0.16,京橋川,826.9,02,0.20～0.49m,2,0.5～3.0m未満,元安川・太田川
4642,132.4718632,34.3761559,1831.0,地表面,0.14,京橋川,793.9,02,0.20～0.49m,2,0.5～3.0m未満,元安川・太田川
4643,132.4718497,34.3766063,1802.8,地表面,0.04,京橋川,761.0,02,0.20～0.49m,2,0.5～3.0m未満,元安川・太田川
4644,132.4718362,34.3770568,1775.5,地表面,0.34,京橋川,728.0,00,想定区域外,2,0.5～3.0m未満,元安川・太田川
4645,132.4718226,34.3775073,1749.3,地表面,0.54,京橋川,695.1,00,想定区域外,2,0.5～3.0m未満,元安川・太田川
4646,132.4718091,34.3779578,1724.1,地表面,0.34,京橋川,662.1,02,0.20～0.49m,2,0.5～3.0m未満,元安川・太田川
4647,132.4717955,34.3784083,1700.0,地表面,0.64,京橋川,629.1,01,0.01～0.19m,2,0.5～3.0m未満,元安川・太田川
4648,132.471782,34.3788587,1677.1,地表面,0.74,京橋川,596.2,01,0.01～0.19m,2,0.5～3.0m未満,元安川・太田川
4649,132.4717684,34.3793092,1655.3,地表面,0.54,京橋川,563.2,02,0.20～0.49m,2,0.5～3.0m未満,元安川・太田川
4650,132.4717549,34.3797597,1634.8,地表面,0.84,京橋川,530.3,00,想定区域外,2,0.5～3.0m未満,元安川・太田川
4651,132.4717413,34.3802102,1615.5,地表面,0.94,京橋川,497.3,00,想定区域外,2,0.5～3.0m未満,元安川・太田川
4652,132.4717278,34.3806606,1597.7,地表面,1.64,京橋川,464.3,00,想定区域外,2,0.5～3.0m未満,元安川・太田川
4653,132.4717142,34.3811111,1581.1,地表面,2.34,京橋川,431.8,00,想定区域外,1,0.5m未満,元安川・太田川
4654,132.4717007,34.3815616,1566.0,地表面,27.74,京橋川,402.2,00,想定区域外,0,想定区域外,
4655,132.4716871,34.3820121,1552.4,地表面,42.74,京橋川,373.1,00,想定区域外,0,想定区域外,
4656,132.4716736,34.3824626,1540.3,地表面,55.34,京橋川,344.1,00,想定区域外,0,想定区域外,
4657,132.47166,34.382913,1529.7,地表面,48.64,京橋川,315.2,00,想定区域外,0,想定区域外,
4658,132.4716465,34.3833635,1520.7,地表面,37.14,京橋川,290.5,00,想定区域外,0,想定区域外,
4659,132.4716329,34.383814,1513.3,地表面,37.14,京橋川,267.5,00,想定区域外,0,想定区域外,
4660,132.4716194,34.3842645,1507.5,地表面,37.34,京橋川,244.5,00,想定区域外,0,想定区域外,
4661,132.4716058,34.3847149,1503.3,地表面,15.24,京橋川,221.5,00,想定区域外,0,想定区域外,
4662,132.4715923,34.3851654,1500.8,地表面,6.24,京橋川,198.2,00,想定区域外,0,想定区域外,
4663,132.4715787,34.3856159,1500.0,地表面,23.84,京橋川,174.9,00,想定区域外,0,想定区域外,
4664,132.4715652,34.3860664,1500.8,地表面,8.94,京橋川,154.4,00,想定区域外,0,想定区域外,
4665,132.4715516,34.3865168,1503.3,地表面,10.64,京橋川,134.7,00,想定区域外,0,想定区域外,
4666,132.4715381,34.3869673,1507.5,地表面,8.94,京橋川,120.2,00,想定区域外,0,想定区域外,
4667,132.4715245,34.3874178,1513.3,地表面,3.84,京橋川,109.2,00,想定区域外,2,0.5～3.0m未満,元安川・太田川
4668,132.471511,34.3878683,1520.7,地表面,2.54,京橋川,103.1,01,0.01～0.19m,2,0.5～3.0m未満,元安川・太田川
4669,132.4714974,34.3883188,1529.7,地表面,2.44,京橋川,104.8,00,想定区域外,3,3.0～5.0m未満,元安川・太田川
4670,132.4714839,34.3887692,1540.3,地表面,1.94,京橋川,110.7,01,0.01～0.19m,3,3.0～5.0m未満,元安川・太田川
4671,132.4714703,34.3892197,1552.4,地表面,1.44,京橋川,121.1,02,0.20～0.49m,3,3.0～5.0m未満,元安川・太田川
4672,132.4714568,34.3896702,1566.0,地表面,1.44,京橋川,134.0,01,0.01～0.19m,3,3.0～5.0m未満,元安川・太田川
4673,132.4714432,34.3901207,1581.1,地表面,1.64,京橋川,147.0,01,0.01～0.19m,3,3.0～5.0m未満,元安川・太田川
4674,132.4714297,34.3905711,1597.7,地表面,1.44,京橋川,159.1,01,0.01～0.19m,3,3.0～5.0m未満,元安川・太田川
4675,132.4714161,34.3910216,1615.5,地表面,1.54,京橋川,165.8,01,0.01～0.19m,3,3.0～5.0m未満,元安川・太田川
4676,132.4714026,34.3914721,1634.8,地表面,1.64,京橋川,169.5,00,想定区域外,3,3.0～5.0m未満,元安川・太田川
4677,132.471389,34.3919226,1655.3,地表面,1.54,京橋川,169.8,01,0.01～0.19m,3,3.0～5.0m未満,元安川・太田川
4678,132.4713754,34.392373,1677.1,地表面,1.74,京橋川,164.0,01,0.01～0.19m,3,3.0～5.0m未満,元安川・太田川
4679,132.4713619,34.3928235,1700.0,地表面,2.24,京橋川,153.7,00,想定区域外,3,3.0～5.0m未満,元安川・太田川
4680,132.4713483,34.393274,1724.1,地表面,2.24,京橋川,143.8,00,想定区域外,3,3.0～5.0m未満,元安川・太田川
4681,132.4713348,34.3937245,1749.3,地表面,2.34,京橋川,132.8,00,想定区域外,2,0.5～3.0m未満,元安川・太田川
4682,132.4713212,34.394175,1775.5,地表面,2.14,京橋川,120.1,00,想定区域外,3,3.0～5.0m未満,元安川・太田川
4683,132.4713077,34.3946254,1802.8,地表面,2.24,京橋川,107.4,01,0.01～0.19m,3,3.0～5.0m未満,元安川・太田川
4684,132.4712941,34.3950759,1831.0,地表面,2.54,京橋川,94.7,00,想定区域外,2,0.5～3.0m未満,元安川・太田川
4685,132.4712806,34.3955264,1860.1,地表面,2.84,京橋川,82.0,00,想定区域外,2,0.5～3.0m未満,元安川・太田川
4686,132.471267,34.3959769,1890.1,地表面,4.24,京橋川,69.3,00,想定区域外,2,0.5～3.0m未満,元安川・太田川
4687,132.4712534,34.3964273,1920.9,地表面,4.24,京橋川,56.7,00,想定区域外,2,0.5～3.0m未満,元安川・太田川
4688,132.4712399,34.3968778,1952.6,内水面,0.44,猿猴川,32.0,00,想定区域外,0,想定区域外,
4689,132.4712263,34.3973283,1984.9,内水面,0.44,猿猴川,11.3,00,想定区域外,0,想定区域外,
4690,132.4724607,34.3743652,1991.2,地表面,0.84,京橋川,963.4,00,想定区域外,2,0.5～3.0m未満,元安川・太田川
4691,132.4724472,34.3748157,1960.2,地表面,0.44,京橋川,930.4,00,想定区域外,2,0.5～3.0m未満,元安川・太田川
4692,132.4724336,34.3752661,1930.0,地表面,0.24,京橋川,897.4,00,想定区域外,2,0.5～3.0m未満,元安川・太田川
4693,132.4724201,34.3757166,1900.7,地表面,0.64,京橋川,864.5,00,想定区域外,2,0.5～3.0m未満,元安川・太田川
4694,132.4724066,34.3761671,1872.2,地表面,0.04,京橋川,831.5,02,0.20～0.49m,2,0.5～3.0m未満,元安川・太田川
4695,132.472393,34.3766176,1844.6,地表面,0.04,京橋川,798.6,01,0.01～0.19m,2,0.5～3.0m未満,元安川・太田川
4696,132.4723795,34.377068,1818.0,地表面,0.24,京橋川,765.6,01,0.01～0.19m,2,0.5～3.0m未満,元安川・太田川
4697,132.4723659,34.3775185,1792.3,地表面,0.34,京橋川,732.7,01,0.01～0.19m,2,0.5～3.0m未満,元安川・太田川
4698,132.4723524,34.377969,1767.8,地表面,0.54,京橋川,699.7,01,0.01～0.19m,2,0.5～3.0m未満,元安川・太田川
4699,132.4723388,34.3784195,1744.3,地表面,0.54,京橋川,666.7,02,0.20～0.49m,2,0.5～3.0m未満,元安川・太田川
4700,132.4723253,34.37887,1721.9,地表面,0.64,京橋川,633.8,01,0.01～0.19m,2,0.5～3.0m未満,元安川・太田川
4701,132.4723118,34.3793204,1700.7,地表面,0.54,京橋川,600.8,02,0.20～0.49m,2,0.5～3.0m未満,元安川・太田川
4702,132.4722982,34.3797709,1680.8,地表面,0.94,京橋川,567.9,00,想定区域外,2,0.5～3.0m未満,元安川・太田川
4703,132.4722847,34.3802214,1662.1,地表面,0.94,京橋川,534.9,00,想定区域外,2,0.5～3.0m未満,元安川・太田川
4704,132.4722711,34.3806719,1644.7,地表面,1.54,京橋川,502.2,00,想定区域外,2,0.5～3.0m未満,元安川・太田川
4705,132.4722576,34.3811223,1628.6,地表面,3.84,京橋川,471.9,00,想定区域外,0,想定区域外,
4706,132.472244,34.3815728,1614.0,地表面,36.14,京橋川,442.9,00,想定区域外,0,想定区域外,
4707,132.4722305,34.3820233,1600.8,地表面,56.04,京橋川,413.8,00,想定区域外,0,想定区域外,
4708,132.4722169,34.3824738,1589.0,地表面,55.84,京橋川,384.8,00,想定区域外,0,想定区域外,
4709,132.4722034,34.3829243,1578.8,地表面,55.04,京橋川,358.0,00,想定区域外,0,想定区域外,
4710,132.4721899,34.3833747,1570.0,地表面,53.94,京橋川,334.9,00,想定区域外,0,想定区域外,
4711,132.4721763,34.3838252,1562.8,地表面,47.64,京橋川,311.9,00,想定区域外,0,想定区域外,
4712,132.4721628,34.3842757,1557.2,地表面,29.04,京橋川,288.9,00,想定区域外,0,想定区域外,
4713,132.4721492,34.3847262,1553.2,地表面,34.04,京橋川,265.7,00,想定区域外,0,想定区域外,
4714,132.4721357,34.3851766,1550.8,地表面,20.54,京橋川,242.4,00,想定区域外,0,想定区域外,
4715,132.4721221,34.3856271,1550.0,地表面,37.94,京橋川,220.0,00,想定区域外,0,想定区域外,
4716,132.4721086,34.3860776,1550.8,地表面,27.44,京橋川,200.3,00,想定区域外,0,想定区域外,
4717,132.472095,34.3865281,1553.2,地表面,17.54,京橋川,181.8,00,想定区域外,0,想定区域外,
4718,132.4720815,34.3869786,1557.2,地表面,20.94,京橋川,168.3,00,想定区域外,0,想定区域外,
4719,132.4720679,34.387429,1562.8,地表面,14.94,京橋川,158.8,00,想定区域外,0,想定区域外,
4720,132.4720544,34.3878795,1570.0,地表面,3.64,京橋川,152.8,00,想定区域外,2,0.5～3.0m未満,元安川・太田川
4721,132.4720408,34.38833,1578.8,地表面,2.44,京橋川,154.5,00,想定区域外,2,0.5～3.0m未満,元安川・太田川
4722,132.4720273,34.3887805,1589.0,地表面,2.14,京橋川,160.3,00,想定区域外,3,3.0～5.0m未満,元安川・太田川
4723,132.4720137,34.3892309,1600.8,地表面,1.44,京橋川,169.4,02,0.20～0.49m,3,3.0～5.0m未満,元安川・太田川
4724,132.4720002,34.3896814,1614.0,地表面,1.54,京橋川,182.3,02,0.20～0.49m,3,3.0～5.0m未満,元安川・太田川
4725,132.4719866,34.3901319,1628.6,地表面,1.34,京橋川,195.3,02,0.20～0.49m,3,3.0～5.0m未満,元安川・太田川
4726,132.4719731,34.3905824,1644.7,地表面,2.04,京橋川,208.2,00,想定区域外,3,3.0～5.0m未満,元安川・太田川
4727,132.4719595,34.3910329,1662.1,地表面,1.74,京橋川,215.3,01,0.01～0.19m,3,3.0～5.0m未満,元安川・太田川
4728,132.471946,34.3914833,1680.8,地表面,1.94,京橋川,219.4,00,想定区域外,3,3.0～5.0m未満,元安川・太田川
4729,132.4719324,34.3919338,1700.7,地表面,1.64,京橋川,219.7,01,0.01～0.19m,3,3.0～5.0m未満,元安川・太田川
4730,132.4719189,34.3923843,1721.9,地表面,1.74,京橋川,212.9,00,想定区域外,3,3.0～5.0m未満,元安川・太田川
4731,132.4719053,34.3928348,1744.3,地表面,2.14,京橋川,202.7,00,想定区域外,3,3.0～5.0m未満,元安川・太田川
4732,132.4718918,34.3932852,1767.8,地表面,2.34,京橋川,192.8,00,想定区域外,2,0.5～3.0m未満,元安川・太田川
4733,132.4718782,34.3937357,1792.3,地表面,2.24,京橋川,181.1,00,想定区域外,3,3.0～5.0m未満,元安川・太田川
4734,132.4718646,34.3941862,1818.0,地表面,2.34,京橋川,168.5,00,想定区域外,3,3.0～5.0m未満,元安川・太田川
4735,132.4718511,34.3946367,1844.6,地表面,2.54,京橋川,155.8,00,想定区域外,3,3.0～5.0m未満,元安川・太田川
4736,132.4718375,34.3950871,1872.2,地表面,1.94,猿猴川,136.6,02,0.20～0.49m,3,3.0～5.0m未満,元安川・太田川
4737,132.471824,34.3955376,1900.7,地表面,2.34,猿猴川,97.0,00,想定区域外,3,3.0～5.0m未満,元安川・太田川
4738,132.4718104,34.3959881,1930.0,地表面,2.74,猿猴川,57.3,00,想定区域外,2,0.5～3.0m未満,元安川・太田川
4739,132.4717969,34.3964386,1960.2,内水面,0.44,猿猴川,23.4,00,想定区域外,0,想定区域外,
4740,132.4717833,34.3968891,1991.2,内水面,0.44,猿猴川,8.4,00,想定区域外,0,想定区域外,
4741,132.4729905,34.3748269,2000.0,地表面,0.44,京橋川,968.0,00,想定区域外,2,0.5～3.0m未満,元安川・太田川
4742,132.4729769,34.3752774,1970.4,地表面,0.64,京橋川,935.0,00,想定区域外,2,0.5～3.0m未満,元安川・太田川
4743,132.4729634,34.3757278,1941.6,地表面,0.54,京橋川,902.1,00,想定区域外,2,0.5～3.0m未満,元安川・太田川
4744,132.4729499,34.3761783,1913.8,地表面,0.74,京橋川,869.1,00,想定区域外,2,0.5～3.0m未満,元安川・太田川
4745,132.4729363,34.3766288,1886.8,地表面,1.34,京橋川,836.2,00,想定区域外,2,0.5～3.0m未満,元安川・太田川
4746,132.4729228,34.3770793,1860.8,地表面,0.84,京橋川,803.2,00,想定区域外,2,0.5～3.0m未満,元安川・太田川
4747,132.4729093,34.3775298,1835.8,地表面,0.84,京橋川,770.3,00,想定区域外,2,0.5～3.0m未満,元安川・太田川
4748,132.4728957,34.3779802,1811.8,地表面,0.34,京橋川,737.3,02,0.20～0.49m,2,0.5～3.0m未満,元安川・太田川
4749,132.4728822,34.3784307,1788.9,地表面,0.44,京橋川,704.3,02,0.20～0.49m,2,0.5～3.0m未満,元安川・太田川
4750,132.4728686,34.3788812,1767.1,地表面,0.74,京橋川,671.4,02,0.20～0.49m,2,0.5～3.0m未満,元安川・太田川
4751,132.4728551,34.3793317,1746.4,地表面,0.74,京橋川,638.4,00,想定区域外,2,0.5～3.0m未満,元安川・太田川
4752,132.4728415,34.3797821,1727.0,地表面,1.04,京橋川,605.5,01,0.01～0.19m,2,0.5～3.0m未満,元安川・太田川
4753,132.472828,34.3802326,1708.8,地表面,1.64,京橋川,572.6,00,想定区域外,2,0.5～3.0m未満,元安川・太田川
4754,132.4728145,34.3806831,1691.9,地表面,4.44,京橋川,541.7,00,想定区域外,0,想定区域外,
4755,132.4728009,34.3811336,1676.3,地表面,39.14,京橋川,512.6,00,想定区域外,0,想定区域外,
4756,132.4727874,34.3815841,1662.1,地表面,44.34,京橋川,483.6,00,想定区域外,0,想定区域外,
4757,132.4727738,34.3820345,1649.2,地表面,47.64,京橋川,454.5,00,想定区域外,0,想定区域外,
4758,132.4727603,34.382485,1637.8,地表面,56.04,京橋川,426.4,00,想定区域外,0,想定区域外,
4759,132.4727468,34.3829355,1627.9,地表面,55.74,京橋川,402.3,00,想定区域外,0,想定区域外,
4760,132.4727332,34.383386,1619.4,地表面,64.84,京橋川,379.3,00,想定区域外,0,想定区域外,
4761,132.4727197,34.3838364,1612.5,地表面,57.44,京橋川,356.3,00,想定区域外,0,想定区域外,
4762,132.4727061,34.3842869,1607.0,地表面,41.34,京橋川,333.2,00,想定区域外,0,想定区域外,
4763,132.4726926,34.3847374,1603.1,地表面,32.54,京橋川,310.0,00,想定区域外,0,想定区域外,
4764,132.472679,34.3851879,1600.8,地表面,26.14,京橋川,286.7,00,想定区域外,0,想定区域外,
4765,132.4726655,34.3856384,1600.0,地表面,41.54,京橋川,266.0,00,想定区域外,0,想定区域外,
4766,132.4726519,34.3860888,1600.8,地表面,41.14,京橋川,246.3,00,想定区域外,0,想定区域外,
4767,132.4726384,34.3865393,1603.1,地表面,29.04,京橋川,229.9,00,想定区域外,0,想定区域外,
4768,132.4726248,34.3869898,1607.0,地表面,31.24,京橋川,216.5,00,想定区域外,0,想定区域外,
4769,132.4726113,34.3874403,1612.5,地表面,13.64,京橋川,208.4,00,想定区域外,0,想定区域外,
4770,132.4725978,34.3878907,1619.4,地表面,3.94,京橋川,202.5,00,想定区域外,2,0.5～3.0m未満,元安川・太田川
4771,132.4725842,34.3883412,1627.9,地表面,2.94,京橋川,204.1,01,0.01～0.19m,2,0.5～3.0m未満,元安川・太田川
4772,132.4725707,34.3887917,1637.8,地表面,1.94,京橋川,210.0,01,0.01～0.19m,3,3.0～5.0m未満,元安川・太田川
4773,132.4725571,34.3892422,1649.2,地表面,2.04,京橋川,217.7,01,0.01～0.19m,3,3.0～5.0m未満,元安川・太田川
4774,132.4725436,34.3896927,1662.1,地表面,1.34,京橋川,230.6,02,0.20～0.49m,3,3.0～5.0m未満,元安川・太田川
4775,132.47253,34.3901431,1676.3,地表面,1.84,京橋川,243.6,00,想定区域外,3,3.0～5.0m未満,元安川・太田川
4776,132.4725165,34.3905936,1691.9,地表面,1.34,京橋川,256.5,02,0.20～0.49m,3,3.0～5.0m未満,元安川・太田川
4777,132.4725029,34.3910441,1708.8,地表面,1.44,京橋川,264.9,01,0.01～0.19m,3,3.0～5.0m未満,元安川・太田川
4778,132.4724894,34.3914946,1727.0,地表面,1.54,京橋川,269.4,01,0.01～0.19m,3,3.0～5.0m未満,元安川・太田川
4779,132.4724758,34.391945,1746.4,地表面,2.14,京橋川,269.7,00,想定区域外,3,3.0～5.0m未満,元安川・太田川
4780,132.4724623,34.3923955,1767.1,地表面,1.94,京橋川,261.9,00,想定区域外,3,3.0～5.0m未満,元安川・太田川
4781,132.4724487,34.392846,1788.9,地表面,2.04,京橋川,251.7,00,想定区域外,3,3.0～5.0m未満,元安川・太田川
4782,132.4724352,34.3932965,1811.8,地表面,2.14,京橋川,241.8,00,想定区域外,3,3.0～5.0m未満,元安川・太田川
4783,132.4724216,34.3937469,1835.8,地表面,2.04,猿猴川,225.2,01,0.01～0.19m,3,3.0～5.0m未満,元安川・太田川
4784,132.4724081,34.3941974,1860.8,地表面,2.24,猿猴川,185.6,01,0.01～0.19m,3,3.0～5.0m未満,元安川・太田川
4785,132.4723945,34.3946479,1886.8,地表面,2.04,猿猴川,145.9,02,0.20～0.49m,3,3.0～5.0m未満,元安川・太田川
4786,132.472381,34.3950984,1913.8,地表面,2.14,猿猴川,106.2,01,0.01～0.19m,3,3.0～5.0m未満,元安川・太田川
4787,132.4723674,34.3955489,1941.6,地表面,2.04,猿猴川,66.5,01,0.01～0.19m,3,3.0～5.0m未満,元安川・太田川
4788,132.4723539,34.3959993,1970.4,内水面,0.44,猿猴川,26.9,00,想定区域外,0,想定区域外,
4789,132.4723403,34.3964498,2000.0,内水面,0.44,猿猴川,12.8,00,想定区域外,0,想定区域外,
4790,132.4735067,34.3757391,1983.1,地表面,0.64,京橋川,939.7,00,想定区域外,2,0.5～3.0m未満,元安川・太田川
4791,132.4734932,34.3761895,1955.8,地表面,0.84,京橋川,906.7,00,想定区域外,2,0.5～3.0m未満,元安川・太田川
4792,132.4734796,34.37664,1929.4,地表面,0.74,京橋川,873.8,00,想定区域外,2,0.5～3.0m未満,元安川・太田川
4793,132.4734661,34.3770905,1903.9,地表面,0.64,京橋川,840.8,01,0.01～0.19m,2,0.5～3.0m未満,元安川・太田川
4794,132.4734526,34.377541,1879.5,地表面,0.74,京橋川,807.9,01,0.01～0.19m,2,0.5～3.0m未満,元安川・太田川
4795,132.473439,34.3779915,1856.1,地表面,0.64,京橋川,774.9,01,0.01～0.19m,2,0.5～3.0m未満,元安川・太田川
4796,132.4734255,34.3784419,1833.7,地表面,0.44,京橋川,741.9,02,0.20～0.49m,2,0.5～3.0m未満,元安川・太田川
4797,132.473412,34.3788924,1812.5,地表面,0.54,京橋川,709.0,02,0.20～0.49m,2,0.5～3.0m未満,元安川・太田川
4798,132.4733984,34.3793429,1792.3,地表面,1.14,京橋川,676.0,00,想定区域外,2,0.5～3.0m未満,元安川・太田川
4799,132.4733849,34.3797934,1773.4,地表面,0.94,京橋川,643.1,00,想定区域外,2,0.5～3.0m未満,元安川・太田川
4800,132.4733713,34.3802438,1755.7,地表面,1.34,京橋川,611.7,00,想定区域外,2,0.5～3.0m未満,元安川・太田川
4801,132.4733578,34.3806943,1739.3,地表面,18.94,京橋川,582.4,00,想定区域外,0,想定区域外,
4802,132.4733443,34.3811448,1724.1,地表面,48.24,京橋川,553.3,00,想定区域外,0,想定区域外,
4803,132.4733307,34.3815953,1710.3,地表面,53.34,京橋川,524.3,00,想定区域外,0,想定区域外,
4804,132.4733172,34.3820458,1697.8,地表面,44.54,京橋川,495.5,00,想定区域外,0,想定区域外,
4805,132.4733036,34.3824962,1686.7,地表面,63.94,京橋川,469.7,00,想定区域外,0,想定区域外,
4806,132.4732901,34.3829467,1677.1,地表面,71.34,京橋川,446.7,00,想定区域外,0,想定区域外,
4807,132.4732766,34.3833972,1668.8,地表面,63.44,京橋川,423.7,00,想定区域外,0,想定区域外,
4808,132.473263,34.3838477,1662.1,地表面,46.64,京橋川,400.7,00,想定区域外,0,想定区域外,
4809,132.4732495,34.3842982,1656.8,地表面,46.24,京橋川,377.5,00,想定区域外,0,想定区域外,
4810,132.4732359,34.3847486,1653.0,地表面,42.54,京橋川,354.2,00,想定区域外,0,想定区域外,
4811,132.4732224,34.3851991,1650.8,地表面,37.34,京橋川,331.6,00,想定区域外,0,想定区域外,
4812,132.4732089,34.3856496,1650.0,地表面,32.54,京橋川,311.9,00,想定区域外,0,想定区域外,
4813,132.4731953,34.3861001,1650.8,地表面,39.64,京橋川,292.6,00,想定区域外,0,想定区域外,
4814,132.4731818,34.3865505,1653.0,地表面,43.24,京橋川,278.1,00,想定区域外,0,想定区域外,
4815,132.4731682,34.387001,1656.8,地表面,22.24,京橋川,265.2,00,想定区域外,0,想定区域外,
4816,132.4731547,34.3874515,1662.1,地表面,15.14,京橋川,258.1,00,想定区域外,0,想定区域外,
4817,132.4731411,34.387902,1668.8,地表面,5.54,京橋川,252.4,00,想定区域外,0,想定区域外,
4818,132.4731276,34.3883525,1677.1,地表面,4.34,京橋川,253.8,00,想定区域外,2,0.5～3.0m未満,元安川・太田川
4819,132.4731141,34.3888029,1686.7,地表面,3.14,京橋川,259.6,00,想定区域外,2,0.5～3.0m未満,元安川・太田川
4820,132.4731005,34.3892534,1697.8,地表面,2.14,京橋川,266.4,00,想定区域外,3,3.0～5.0m未満,元安川・太田川
4821,132.473087,34.3897039,1710.3,地表面,2.24,京橋川,278.9,00,想定区域外,3,3.0～5.0m未満,元安川・太田川
4822,132.4730734,34.3901544,1724.1,地表面,1.44,京橋川,291.9,02,0.20～0.49m,3,3.0～5.0m未満,元安川・太田川
4823,132.4730599,34.3906048,1739.3,地表面,1.54,京橋川,304.8,01,0.01～0.19m,3,3.0～5.0m未満,元安川・太田川
4824,132.4730463,34.3910553,1755.7,地表面,1.44,京橋川,314.4,02,0.20～0.49m,3,3.0～5.0m未満,元安川・太田川
4825,132.4730328,34.3915058,1773.4,地表面,1.64,猿猴川,315.2,00,想定区域外,3,3.0～5.0m未満,元安川・太田川
4826,132.4730192,34.3919563,1792.3,地表面,1.74,猿猴川,293.9,00,想定区域外,3,3.0～5.0m未満,元安川・太田川
4827,132.4730057,34.3924067,1812.5,地表面,1.64,猿猴川,272.7,01,0.01～0.19m,3,3.0～5.0m未満,元安川・太田川
4828,132.4729921,34.3928572,1833.7,地表面,1.74,猿猴川,249.9,01,0.01～0.19m,3,3.0～5.0m未満,元安川・太田川
4829,132.4729786,34.3933077,1856.1,地表面,1.94,猿猴川,224.3,00,想定区域外,3,3.0～5.0m未満,元安川・太田川
4830,132.472965,34.3937582,1879.5,地表面,1.84,猿猴川,194.8,01,0.01～0.19m,3,3.0～5.0m未満,元安川・太田川
4831,132.4729515,34.3942087,1903.9,地表面,2.44,猿猴川,155.1,00,想定区域外,2,0.5～3.0m未満,元安川・太田川
4832,132.472938,34.3946591,1929.4,地表面,2.14,猿猴川,115.5,00,想定区域外,2,0.5～3.0m未満,元安川・太田川
4833,132.4729244,34.3951096,1955.8,地表面,2.64,猿猴川,75.8,00,想定区域外,2,0.5～3.0m未満,元安川・太田川
4834,132.4729109,34.3955601,1983.1,地表面,2.24,猿猴川,36.1,00,想定区域外,2,0.5～3.0m未満,元安川・太田川
4835,132.4740365,34.3762008,1998.1,地表面,0.64,京橋川,944.3,00,想定区域外,2,0.5～3.0m未満,元安川・太田川
4836,132.474023,34.3766512,1972.3,地表面,0.54,京橋川,911.4,00,想定区域外,2,0.5～3.0m未満,元安川・太田川
4837,132.4740094,34.3771017,1947.4,地表面,0.84,京橋川,878.4,00,想定区域外,2,0.5～3.0m未満,元安川・太田川
4838,132.4739959,34.3775522,1923.5,地表面,0.64,京橋川,845.5,00,想定区域外,2,0.5～3.0m未満,元安川・太田川
4839,132.4739824,34.3780027,1900.7,地表面,0.64,京橋川,812.5,01,0.01～0.19m,2,0.5～3.0m未満,元安川・太田川
4840,132.4739688,34.3784532,1878.8,地表面,0.74,京橋川,779.5,02,0.20～0.49m,2,0.5～3.0m未満,元安川・太田川
4841,132.4739553,34.3789036,1858.1,地表面,0.44,京橋川,746.6,02,0.20～0.49m,2,0.5～3.0m未満,元安川・太田川
4842,132.4739417,34.3793541,1838.5,地表面,0.64,京橋川,713.6,01,0.01～0.19m,2,0.5～3.0m未満,元安川・太田川
4843,132.4739282,34.3798046,1820.0,地表面,0.74,京橋川,681.8,02,0.20～0.49m,2,0.5～3.0m未満,元安川・太田川
4844,132.4739147,34.3802551,1802.8,地表面,1.34,京橋川,652.1,00,想定区域外,0,想定区域外,
4845,132.4739011,34.3807056,1786.8,地表面,8.84,京橋川,623.1,00,想定区域外,0,想定区域外,
4846,132.4738876,34.381156,1772.0,地表面,17.24,京橋川,594.0,00,想定区域外,0,想定区域外,
4847,132.4738741,34.3816065,1758.6,地表面,22.84,京橋川,565.0,00,想定区域外,0,想定区域外,
4848,132.4738605,34.382057,1746.4,地表面,44.84,京橋川,537.9,00,想定区域外,0,想定区域外,
4849,132.473847,34.3825075,1735.7,地表面,56.24,京橋川,514.0,00,想定区域外,0,想定区域外,
4850,132.4738335,34.3829579,1726.3,地表面,59.94,京橋川,491.1,00,想定区域外,0,想定区域外,
4851,132.4738199,34.3834084,1718.3,地表面,44.34,京橋川,468.1,00,想定区域外,0,想定区域外,
4852,132.4738064,34.3838589,1711.7,地表面,41.24,京橋川,445.0,00,想定区域外,0,想定区域外,
4853,132.4737928,34.3843094,1706.6,地表面,36.64,京橋川,421.8,00,想定区域外,0,想定区域外,
4854,132.4737793,34.3847599,1702.9,地表面,32.14,京橋川,398.5,00,想定区域外,0,想定区域外,
4855,132.4737658,34.3852103,1700.7,地表面,26.94,京橋川,377.6,00,想定区域外,0,想定区域外,
4856,132.4737522,34.3856608,1700.0,地表面,24.14,京橋川,357.9,00,想定区域外,0,想定区域外,
4857,132.4737387,34.3861113,1700.7,地表面,27.74,京橋川,339.9,00,想定区域外,0,想定区域外,
4858,132.4737251,34.3865618,1702.9,地表面,40.74,京橋川,326.3,00,想定区域外,0,想定区域外,
4859,132.4737116,34.3870122,1706.6,地表面,47.14,京橋川,314.2,00,想定区域外,0,想定区域外,
4860,132.4736981,34.3874627,1711.7,地表面,21.64,京橋川,307.7,00,想定区域外,0,想定区域外,
4861,132.4736845,34.3879132,1718.3,地表面,24.24,京橋川,302.3,00,想定区域外,0,想定区域外,
4862,132.473671,34.3883637,1726.3,地表面,26.74,京橋川,303.5,00,想定区域外,0,想定区域外,
4863,132.4736574,34.3888142,1735.7,地表面,11.54,京橋川,309.3,00,想定区域外,0,想定区域外,
4864,132.4736439,34.3892646,1746.4,地表面,4.44,京橋川,315.6,00,想定区域外,2,0.5～3.0m未満,元安川・太田川
4865,132.4736304,34.3897151,1758.6,地表面,2.34,京橋川,327.2,00,想定区域外,2,0.5～3.0m未満,元安川・太田川
4866,132.4736168,34.3901656,1772.0,地表面,1.74,猿猴川,333.8,00,想定区域外,3,3.0～5.0m未満,元安川・太田川
4867,132.4736033,34.3906161,1786.8,地表面,1.44,猿猴川,312.4,02,0.20～0.49m,3,3.0～5.0m未満,元安川・太田川
4868,132.4735897,34.3910665,1802.8,地表面,1.84,猿猴川,291.2,01,0.01～0.19m,3,3.0～5.0m未満,元安川・太田川
4869,132.4735762,34.391517,1820.0,地表面,1.44,猿猴川,269.9,01,0.01～0.19m,3,3.0～5.0m未満,元安川・太田川
4870,132.4735626,34.3919675,1838.5,地表面,1.54,猿猴川,248.7,01,0.01～0.19m,3,3.0～5.0m未満,元安川・太田川
4871,132.4735491,34.392418,1858.1,地表面,1.44,猿猴川,227.4,01,0.01～0.19m,3,3.0～5.0m未満,元安川・太田川
4872,132.4735356,34.3928685,1878.8,地表面,1.54,猿猴川,206.2,01,0.01～0.19m,3,3.0～5.0m未満,元安川・太田川
4873,132.473522,34.3933189,1900.7,地表面,1.84,猿猴川,181.5,01,0.01～0.19m,3,3.0～5.0m未満,元安川・太田川
4874,132.4735085,34.3937694,1923.5,地表面,1.84,猿猴川,155.0,02,0.20～0.49m,3,3.0～5.0m未満,元安川・太田川
4875,132.4734949,34.3942199,1947.4,地表面,2.04,猿猴川,124.7,01,0.01～0.19m,3,3.0～5.0m未満,元安川・太田川
4876,132.4734814,34.3946704,1972.3,地表面,3.84,猿猴川,85.0,00,想定区域外,2,0.5～3.0m未満,元安川・太田川
4877,132.4734678,34.3951208,1998.1,地表面,4.84,猿猴川,45.4,00,想定区域外,2,0.5～3.0m未満,元安川・太田川
4878,132.4745527,34.3771129,1991.2,地表面,0.44,京橋川,916.0,00,想定区域外,2,0.5～3.0m未満,元安川・太田川
4879,132.4745392,34.3775634,1967.9,地表面,0.64,京橋川,883.0,01,0.01～0.19m,2,0.5～3.0m未満,元安川・太田川
4880,132.4745257,34.3780139,1945.5,地表面,0.74,京橋川,850.1,00,想定区域外,2,0.5～3.0m未満,元安川・太田川
4881,132.4745121,34.3784644,1924.2,地表面,0.54,京橋川,817.1,01,0.01～0.19m,2,0.5～3.0m未満,元安川・太田川
4882,132.4744986,34.3789149,1903.9,地表面,0.64,京橋川,784.2,01,0.01～0.19m,2,0.5～3.0m未満,元安川・太田川
4883,132.4744851,34.3793653,1884.8,地表面,0.54,京橋川,752.0,01,0.01～0.19m,2,0.5～3.0m未満,元安川・太田川
4884,132.4744715,34.3798158,1866.8,地表面,1.24,京橋川,721.9,00,想定区域外,2,0.5～3.0m未満,元安川・太田川
4885,132.474458,34.3802663,1850.0,地表面,1.84,京橋川,692.8,00,想定区域外,0,想定区域外,
4886,132.4744445,34.3807168,1834.4,地表面,23.74,京橋川,663.7,00,想定区域外,0,想定区域外,
4887,132.4744309,34.3811673,1820.0,地表面,22.14,京橋川,634.7,00,想定区域外,0,想定区域外,
4888,132.4744174,34.3816177,1806.9,地表面,32.54,京橋川,606.6,00,想定区域外,0,想定区域外,
4889,132.4744039,34.3820682,1795.1,地表面,47.84,京橋川,581.5,00,想定区域外,0,想定区域外,
4890,132.4743903,34.3825187,1784.7,地表面,43.44,京橋川,558.5,00,想定区域外,0,想定区域外,
4891,132.4743768,34.3829692,1775.5,地表面,46.94,京橋川,535.5,00,想定区域外,0,想定区域外,
4892,132.4743633,34.3834196,1767.8,地表面,26.54,京橋川,512.5,00,想定区域外,0,想定区域外,
4893,132.4743497,34.3838701,1761.4,地表面,32.94,京橋川,489.3,00,想定区域外,0,想定区域外,
4894,132.4743362,34.3843206,1756.4,地表面,23.54,京橋川,466.0,00,想定区域外,0,想定区域外,
4895,132.4743227,34.3847711,1752.9,地表面,28.44,京橋川,443.4,00,想定区域外,0,想定区域外,
4896,132.4743091,34.3852216,1750.7,地表面,7.44,京橋川,423.5,00,想定区域外,0,想定区域外,
4897,132.4742956,34.385672,1750.0,地表面,16.44,京橋川,404.0,00,想定区域外,0,想定区域外,
4898,132.4742821,34.3861225,1750.7,地表面,15.94,京橋川,387.9,00,想定区域外,0,想定区域外,
4899,132.4742685,34.386573,1752.9,地表面,35.54,京橋川,374.4,00,想定区域外,0,想定区域外,
4900,132.474255,34.3870235,1756.4,地表面,33.94,京橋川,363.5,00,想定区域外,0,想定区域外,
4901,132.4742415,34.3874739,1761.4,地表面,35.24,京橋川,357.3,00,想定区域外,0,想定区域外,
4902,132.4742279,34.3879244,1767.8,地表面,35.64,京橋川,352.2,00,想定区域外,0,想定区域外,
4903,132.4742144,34.3883749,1775.5,地表面,36.24,京橋川,353.2,00,想定区域外,0,想定区域外,
4904,132.4742008,34.3888254,1784.7,地表面,36.34,京橋川,359.0,00,想定区域外,0,想定区域外,
4905,132.4741873,34.3892759,1795.1,地表面,26.04,猿猴川,345.1,00,想定区域外,0,想定区域外,
4906,132.4741738,34.3897263,1806.9,地表面,2.14,猿猴川,316.5,00,想定区域外,2,0.5～3.0m未満,元安川・太田川
4907,132.4741602,34.3901768,1820.0,地表面,2.14,猿猴川,290.0,00,想定区域外,3,3.0～5.0m未満,元安川・太田川
4908,132.4741467,34.3906273,1834.4,地表面,1.74,猿猴川,267.2,00,想定区域外,3,3.0～5.0m未満,元安川・太田川
4909,132.4741331,34.3910778,1850.0,地表面,1.64,猿猴川,245.9,00,想定区域外,3,3.0～5.0m未満,元安川・太田川
4910,132.4741196,34.3915282,1866.8,地表面,1.64,猿猴川,224.7,01,0.01～0.19m,3,3.0～5.0m未満,元安川・太田川
4911,132.4741061,34.3919787,1884.8,地表面,1.54,猿猴川,203.4,01,0.01～0.19m,3,3.0～5.0m未満,元安川・太田川
4912,132.4740925,34.3924292,1903.9,地表面,1.34,猿猴川,182.2,00,想定区域外,3,3.0～5.0m未満,元安川・太田川
4913,132.474079,34.3928797,1924.2,地表面,2.14,猿猴川,160.9,00,想定区域外,3,3.0～5.0m未満,元安川・太田川
4914,132.4740654,34.3933302,1945.5,地表面,1.74,猿猴川,138.4,01,0.01～0.19m,3,3.0～5.0m未満,元安川・太田川
4915,132.4740519,34.3937806,1967.9,地表面,1.84,猿猴川,113.0,01,0.01～0.19m,3,3.0～5.0m未満,元安川・太田川
4916,132.4740384,34.3942311,1991.2,地表面,2.54,猿猴川,85.8,00,想定区域外,3,3.0～5.0m未満,元安川・太田川
4917,132.475069,34.3780251,1990.6,地表面,1.04,京橋川,887.7,02,0.20～0.49m,2,0.5～3.0m未満,元安川・太田川
4918,132.4750555,34.3784756,1969.8,地表面,0.44,京橋川,854.7,02,0.20～0.49m,2,0.5～3.0m未満,元安川・太田川
4919,132.4750419,34.3789261,1950.0,地表面,0.54,京橋川,822.3,02,0.20～0.49m,2,0.5～3.0m未満,元安川・太田川
4920,132.4750284,34.3793766,1931.3,地表面,0.94,京橋川,791.7,01,0.01～0.19m,2,0.5～3.0m未満,元安川・太田川
4921,132.4750149,34.379827,1913.8,地表面,0.74,京橋川,762.5,01,0.01～0.19m,2,0.5～3.0m未満,元安川・太田川
4922,132.4750014,34.3802775,1897.4,地表面,11.24,京橋川,733.5,00,想定区域外,0,想定区域外,
4923,132.4749878,34.380728,1882.2,地表面,39.24,京橋川,704.4,00,想定区域外,0,想定区域外,
4924,132.4749743,34.3811785,1868.2,地表面,43.64,京橋川,675.8,00,想定区域外,0,想定区域外,
4925,132.4749608,34.3816289,1855.4,地表面,44.84,京橋川,649.5,00,想定区域外,0,想定区域外,
4926,132.4749472,34.3820794,1843.9,地表面,32.04,京橋川,625.8,00,想定区域外,0,想定区域外,
4927,132.4749337,34.3825299,1833.7,地表面,31.74,京橋川,602.9,00,想定区域外,0,想定区域外,
4928,132.4749202,34.3829804,1824.8,地表面,25.94,京橋川,579.9,00,想定区域外,0,想定区域外,
4929,132.4749066,34.3834309,1817.3,地表面,9.94,京橋川,556.8,00,想定区域外,0,想定区域外,
4930,132.4748931,34.3838813,1811.1,地表面,17.54,京橋川,533.5,00,想定区域外,0,想定区域外,
4931,132.4748796,34.3843318,1806.2,地表面,2.44,京橋川,510.3,00,想定区域外,0,想定区域外,
4932,132.474866,34.3847823,1802.8,地表面,2.44,京橋川,489.2,00,想定区域外,0,想定区域外,
4933,132.4748525,34.3852328,1800.7,地表面,2.74,京橋川,469.5,00,想定区域外,2,0.5～3.0m未満,元安川・太田川
4934,132.474839,34.3856833,1800.0,地表面,2.74,京橋川,450.7,01,0.01～0.19m,2,0.5～3.0m未満,元安川・太田川
4935,132.4748254,34.3861337,1800.7,地表面,14.14,京橋川,436.0,00,想定区域外,0,想定区域外,
4936,132.4748119,34.3865842,1802.8,地表面,27.94,京橋川,422.7,00,想定区域外,0,想定区域外,
4937,132.4747984,34.3870347,1806.2,地表面,8.84,京橋川,413.0,00,想定区域外,0,想定区域外,
4938,132.4747848,34.3874852,1811.1,地表面,27.64,京橋川,407.0,00,想定区域外,0,想定区域外,
4939,132.4747713,34.3879356,1817.3,地表面,25.34,京橋川,402.1,00,想定区域外,0,想定区域外,
4940,132.4747578,34.3883861,1824.8,地表面,24.34,猿猴川,381.7,00,想定区域外,0,想定区域外,
4941,132.4747442,34.3888366,1833.7,地表面,30.34,猿猴川,344.1,00,想定区域外,0,想定区域外,
4942,132.4747307,34.3892871,1843.9,地表面,2.84,猿猴川,307.5,00,想定区域外,0,想定区域外,
4943,132.4747172,34.3897376,1855.4,地表面,2.34,猿猴川,275.0,00,想定区域外,3,3.0～5.0m未満,元安川・太田川
4944,132.4747036,34.390188,1868.2,地表面,1.84,猿猴川,247.6,00,想定区域外,3,3.0～5.0m未満,元安川・太田川
4945,132.4746901,34.3906385,1882.2,地表面,1.44,猿猴川,222.0,01,0.01～0.19m,3,3.0～5.0m未満,元安川・太田川
4946,132.4746765,34.391089,1897.4,地表面,1.64,猿猴川,200.7,00,想定区域外,3,3.0～5.0m未満,元安川・太田川
4947,132.474663,34.3915395,1913.8,地表面,1.64,猿猴川,179.4,01,0.01～0.19m,3,3.0～5.0m未満,元安川・太田川
4948,132.4746495,34.3919899,1931.3,地表面,1.34,猿猴川,158.2,01,0.01～0.19m,3,3.0～5.0m未満,元安川・太田川
4949,132.4746359,34.3924404,1950.0,地表面,1.24,猿猴川,136.9,00,想定区域外,3,3.0～5.0m未満,元安川・太田川
4950,132.4746224,34.3928909,1969.8,地表面,2.94,猿猴川,115.6,00,想定区域外,3,3.0～5.0m未満,元安川・太田川
4951,132.4746089,34.3933414,1990.6,地表面,3.24,猿猴川,94.4,00,想定区域外,2,0.5～3.0m未満,元安川・太田川
4952,132.4755853,34.3789373,1996.2,地表面,0.74,京橋川,861.7,00,想定区域外,2,0.5～3.0m未満,元安川・太田川
4953,132.4755717,34.3793878,1978.0,地表面,0.94,京橋川,832.3,00,想定区域外,2,0.5～3.0m未満,元安川・太田川
4954,132.4755582,34.3798382,1960.9,地表面,1.24,京橋川,803.2,00,想定区域外,2,0.5～3.0m未満,元安川・太田川
4955,132.4755447,34.3802887,1944.9,地表面,0.94,京橋川,774.2,01,0.01～0.19m,0,想定区域外,
4956,132.4755312,34.3807392,1930.0,地表面,18.24,京橋川,745.2,00,想定区域外,0,想定区域外,
4957,132.4755176,34.3811897,1916.4,地表面,26.64,京橋川,718.0,00,想定区域外,0,想定区域外,
4958,132.4755041,34.3816402,1903.9,地表面,35.14,京橋川,693.2,00,想定区域外,0,想定区域外,
4959,132.4754906,34.3820906,1892.7,地表面,22.64,京橋川,670.3,00,想定区域外,0,想定区域外,
4960,132.4754771,34.3825411,1882.8,地表面,8.64,京橋川,647.3,00,想定区域外,0,想定区域外,
4961,132.4754635,34.3829916,1874.2,地表面,4.94,京橋川,624.3,00,想定区域外,0,想定区域外,
4962,132.47545,34.3834421,1866.8,地表面,4.64,京橋川,601.1,00,想定区域外,0,想定区域外,
4963,132.4754365,34.3838926,1860.8,地表面,3.64,京橋川,577.8,00,想定区域外,0,想定区域外,
4964,132.4754229,34.384343,1856.1,地表面,2.14,京橋川,555.1,01,0.01～0.19m,2,0.5～3.0m未満,元安川・太田川
4965,132.4754094,34.3847935,1852.7,地表面,2.04,京橋川,535.2,01,0.01～0.19m,2,0.5～3.0m未満,元安川・太田川
4966,132.4753959,34.385244,1850.7,地表面,1.94,京橋川,515.5,00,想定区域外,2,0.5～3.0m未満,元安川・太田川
4967,132.4753823,34.3856945,1850.0,地表面,1.64,京橋川,498.0,01,0.01～0.19m,2,0.5～3.0m未満,元安川・太田川
4968,132.4753688,34.386145,1850.7,地表面,2.24,京橋川,484.2,00,想定区域外,2,0.5～3.0m未満,元安川・太田川
4969,132.4753553,34.3865954,1852.7,地表面,4.34,京橋川,471.2,00,想定区域外,0,想定区域外,
4970,132.4753418,34.3870459,1856.1,地表面,7.14,京橋川,462.6,00,想定区域外,0,想定区域外,
4971,132.4753282,34.3874964,1860.8,地表面,11.74,猿猴川,437.0,00,想定区域外,0,想定区域外,
4972,132.4753147,34.3879469,1866.8,地表面,23.24,猿猴川,393.3,00,想定区域外,0,想定区域外,
4973,132.4753012,34.3883973,1874.2,地表面,7.64,猿猴川,351.1,00,想定区域外,0,想定区域外,
4974,132.4752876,34.3888478,1882.8,地表面,18.44,猿猴川,311.2,00,想定区域外,0,想定区域外,
4975,132.4752741,34.3892983,1892.7,地表面,3.34,猿猴川,273.6,00,想定区域外,2,0.5～3.0m未満,元安川・太田川
4976,132.4752606,34.3897488,1903.9,地表面,1.74,猿猴川,236.8,01,0.01～0.19m,3,3.0～5.0m未満,元安川・太田川
4977,132.475247,34.3901993,1916.4,地表面,1.44,猿猴川,205.3,01,0.01～0.19m,3,3.0～5.0m未満,元安川・太田川
4978,132.4752335,34.3906497,1930.0,地表面,1.74,猿猴川,178.7,00,想定区域外,3,3.0～5.0m未満,元安川・太田川
4979,132.47522,34.3911002,1944.9,地表面,1.54,猿猴川,155.4,01,0.01～0.19m,3,3.0～5.0m未満,元安川・太田川
4980,132.4752064,34.3915507,1960.9,地表面,1.44,猿猴川,134.2,01,0.01～0.19m,3,3.0～5.0m未満,元安川・太田川
4981,132.4751929,34.3920012,1978.0,地表面,1.84,猿猴川,112.9,00,想定区域外,3,3.0～5.0m未満,元安川・太田川
4982,132.4751793,34.3924516,1996.2,地表面,1.54,猿猴川,91.6,00,想定区域外,3,3.0～5.0m未満,元安川・太田川
4983,132.476088,34.3802999,1992.5,地表面,1.44,京橋川,814.9,00,想定区域外,2,0.5～3.0m未満,元安川・太田川
4984,132.4760745,34.3807504,1978.0,地表面,1.24,京橋川,786.9,01,0.01～0.19m,2,0.5～3.0m未満,元安川・太田川
4985,132.476061,34.3812009,1964.7,地表面,2.24,京橋川,761.1,00,想定区域外,2,0.5～3.0m未満,元安川・太田川
4986,132.4760475,34.3816514,1952.6,地表面,4.34,京橋川,737.6,00,想定区域外,0,想定区域外,
4987,132.4760339,34.3821019,1941.6,地表面,5.44,京橋川,714.7,00,想定区域外,0,想定区域外,
4988,132.4760204,34.3825523,1932.0,地表面,4.54,京橋川,691.7,01,0.01～0.19m,0,想定区域外,
4989,132.4760069,34.3830028,1923.5,地表面,4.14,京橋川,668.6,00,想定区域外,0,想定区域外,
4990,132.4759934,34.3834533,1916.4,地表面,3.34,京橋川,645.3,01,0.01～0.19m,1,0.5m未満,元安川・太田川
4991,132.4759798,34.3839038,1910.5,地表面,2.94,京橋川,622.1,00,想定区域外,2,0.5～3.0m未満,元安川・太田川
4992,132.4759663,34.3843543,1905.9,地表面,1.64,京橋川,600.8,01,0.01～0.19m,2,0.5～3.0m未満,元安川・太田川
4993,132.4759528,34.3848047,1902.6,地表面,1.54,京橋川,581.1,01,0.01～0.19m,2,0.5～3.0m未満,元安川・太田川
4994,132.4759392,34.3852552,1900.7,地表面,1.74,京橋川,561.8,01,0.01～0.19m,2,0.5～3.0m未満,元安川・太田川
4995,132.4759257,34.3857057,1900.0,地表面,1.64,京橋川,545.8,00,想定区域外,2,0.5～3.0m未満,元安川・太田川
4996,132.4759122,34.3861562,1900.7,地表面,1.24,京橋川,532.3,01,0.01～0.19m,2,0.5～3.0m未満,元安川・太田川
4997,132.4758987,34.3866066,1902.6,地表面,2.54,猿猴川,500.0,00,想定区域外,2,0.5～3.0m未満,元安川・太田川
4998,132.4758851,34.3870571,1905.9,地表面,2.74,猿猴川,456.7,00,想定区域外,2,0.5～3.0m未満,元安川・太田川
4999,132.4758716,34.3875076,1910.5,地表面,3.14,猿猴川,413.0,00,想定区域外,2,0.5～3.0m未満,元安川・太田川
5000,132.4758581,34.3879581,1916.4,地表面,2.84,猿猴川,369.2,00,想定区域外,2,0.5～3.0m未満,元安川・太田川
5001,132.4758445,34.3884086,1923.5,地表面,2.84,猿猴川,325.3,00,想定区域外,2,0.5～3.0m未満,元安川・太田川
5002,132.475831,34.388859,1932.0,地表面,2.64,猿猴川,281.9,00,想定区域外,2,0.5～3.0m未満,元安川・太田川
5003,132.4758175,34.3893095,1941.6,地表面,2.04,猿猴川,240.9,00,想定区域外,2,0.5～3.0m未満,元安川・太田川
5004,132.475804,34.38976,1952.6,地表面,1.54,猿猴川,203.0,00,想定区域外,3,3.0～5.0m未満,元安川・太田川
5005,132.4757904,34.3902105,1964.7,地表面,1.84,猿猴川,166.1,00,想定区域外,2,0.5～3.0m未満,元安川・太田川
5006,132.4757769,34.390661,1978.0,地表面,1.84,猿猴川,136.3,00,想定区域外,3,3.0～5.0m未満,元安川・太田川
5007,132.4757634,34.3911114,1992.5,地表面,2.24,猿猴川,110.2,00,想定区域外,2,0.5～3.0m未満,元安川・太田川
5008,132.4765773,34.3821131,1990.6,地表面,2.94,京橋川,759.1,00,想定区域外,2,0.5～3.0m未満,元安川・太田川
5009,132.4765638,34.3825636,1981.2,地表面,2.34,京橋川,736.1,00,想定区域外,2,0.5～3.0m未満,元安川・太田川
5010,132.4765502,34.383014,1972.9,地表面,2.64,京橋川,712.8,00,想定区域外,2,0.5～3.0m未満,元安川・太田川
5011,132.4765367,34.3834645,1966.0,地表面,2.04,京橋川,689.6,01,0.01～0.19m,2,0.5～3.0m未満,元安川・太田川
5012,132.4765232,34.383915,1960.2,地表面,2.14,京橋川,666.9,00,想定区域外,2,0.5～3.0m未満,元安川・太田川
5013,132.4765097,34.3843655,1955.8,地表面,1.14,京橋川,646.8,02,0.20～0.49m,2,0.5～3.0m未満,元安川・太田川
5014,132.4764961,34.3848159,1952.6,地表面,1.14,京橋川,627.1,02,0.20～0.49m,2,0.5～3.0m未満,元安川・太田川
5015,132.4764826,34.3852664,1950.6,地表面,1.44,猿猴川,605.3,02,0.20～0.49m,2,0.5～3.0m未満,元安川・太田川
5016,132.4764691,34.3857169,1950.0,地表面,1.64,猿猴川,561.3,02,0.20～0.49m,2,0.5～3.0m未満,元安川・太田川
5017,132.4764556,34.3861674,1950.6,地表面,1.04,猿猴川,518.0,01,0.01～0.19m,2,0.5～3.0m未満,元安川・太田川
5018,132.476442,34.3866179,1952.6,地表面,1.64,猿猴川,474.8,01,0.01～0.19m,2,0.5～3.0m未満,元安川・太田川
5019,132.4764285,34.3870683,1955.8,地表面,1.44,猿猴川,431.6,00,想定区域外,2,0.5～3.0m未満,元安川・太田川
5020,132.476415,34.3875188,1960.2,地表面,1.54,猿猴川,388.4,01,0.01～0.19m,2,0.5～3.0m未満,元安川・太田川
5021,132.4764015,34.3879693,1966.0,地表面,1.44,猿猴川,345.2,00,想定区域外,2,0.5～3.0m未満,元安川・太田川
5022,132.4763879,34.3884198,1972.9,地表面,1.54,猿猴川,301.3,01,0.01～0.19m,2,0.5～3.0m未満,元安川・太田川
5023,132.4763744,34.3888703,1981.2,地表面,1.54,猿猴川,257.4,00,想定区域外,2,0.5～3.0m未満,元安川・太田川
5024,132.4763609,34.3893207,1990.6,地表面,1.44,猿猴川,213.6,01,0.01～0.19m,3,3.0～5.0m未満,元安川・太田川
5025,132.4770125,34.3857281,2000.0,地表面,1.34,猿猴川,537.9,02,0.20～0.49m,2,0.5～3.0m未満,元安川・太田川
